time,TEMP,TEMP_QC,CNDC,CNDC_QC,PSAL,PSAL_QC
2024-01-01 00:00:00,15.0000,1,5.0000,1,36.0000,1
2024-01-01 00:30:00,15.0018,1,5.0004,1,36.0004,1
2024-01-01 01:00:00,15.0036,1,5.0007,1,36.0007,1
2024-01-01 01:30:00,15.0054,1,5.0011,1,36.0011,1
2024-01-01 02:00:00,15.0072,1,5.0014,1,36.0014,1
2024-01-01 02:30:00,15.0089,1,5.0018,1,36.0018,1
2024-01-01 03:00:00,15.0107,1,5.0021,1,36.0021,1
2024-01-01 03:30:00,15.0125,1,5.0025,1,36.0025,1
2024-01-01 04:00:00,15.0143,1,5.0029,1,36.0029,1
2024-01-01 04:30:00,15.0161,1,5.0032,1,36.0032,1
2024-01-01 05:00:00,15.0179,1,5.0036,1,36.0036,1
2024-01-01 05:30:00,15.0197,1,5.0039,1,36.0039,1
2024-01-01 06:00:00,15.0215,1,5.0043,1,36.0043,1
2024-01-01 06:30:00,15.0232,1,5.0046,1,36.0046,1
2024-01-01 07:00:00,15.0250,1,5.0050,1,36.0050,1
2024-01-01 07:30:00,15.0268,1,5.0054,1,36.0054,1
2024-01-01 08:00:00,15.0286,1,5.0057,1,36.0057,1
2024-01-01 08:30:00,15.0304,1,5.0061,1,36.0061,1
2024-01-01 09:00:00,15.0322,1,5.0064,1,36.0064,1
2024-01-01 09:30:00,15.0340,1,5.0068,1,36.0068,1
2024-01-01 10:00:00,15.0358,1,5.0072,1,36.0072,1
2024-01-01 10:30:00,15.0376,1,5.0075,1,36.0075,1
2024-01-01 11:00:00,15.0393,1,5.0079,1,36.0079,1
2024-01-01 11:30:00,15.0411,1,5.0082,1,36.0082,1
2024-01-01 12:00:00,15.0429,1,5.0086,1,36.0086,1
2024-01-01 12:30:00,15.0447,1,5.0089,1,36.0089,1
2024-01-01 13:00:00,15.0465,1,5.0093,1,36.0093,1
2024-01-01 13:30:00,15.0483,1,5.0097,1,36.0097,1
2024-01-01 14:00:00,15.0501,1,5.0100,1,36.0100,1
2024-01-01 14:30:00,15.0519,1,5.0104,1,36.0104,1
2024-01-01 15:00:00,15.0536,1,5.0107,1,36.0107,1
2024-01-01 15:30:00,15.0554,1,5.0111,1,36.0111,1
2024-01-01 16:00:00,15.0572,1,5.0114,1,36.0114,1
2024-01-01 16:30:00,15.0590,1,5.0118,1,36.0118,1
2024-01-01 17:00:00,15.0608,1,5.0122,1,36.0122,1
2024-01-01 17:30:00,15.0626,1,5.0125,1,36.0125,1
2024-01-01 18:00:00,15.0644,1,5.0129,1,36.0129,1
2024-01-01 18:30:00,15.0662,1,5.0132,1,36.0132,1
2024-01-01 19:00:00,15.0679,1,5.0136,1,36.0136,1
2024-01-01 19:30:00,15.0697,1,5.0139,1,36.0139,1
2024-01-01 20:00:00,15.0715,1,5.0143,1,36.0143,1
2024-01-01 20:30:00,15.0733,1,5.0147,1,36.0147,1
2024-01-01 21:00:00,15.0751,1,5.0150,1,36.0150,1
2024-01-01 21:30:00,15.0769,1,5.0154,1,36.0154,1
2024-01-01 22:00:00,15.0787,1,5.0157,1,36.0157,1
2024-01-01 22:30:00,15.0805,1,5.0161,1,36.0161,1
2024-01-01 23:00:00,15.0823,1,5.0165,1,36.0165,1
2024-01-01 23:30:00,15.0840,1,5.0168,1,36.0168,1
2024-01-02 00:00:00,15.0858,1,5.0172,1,36.0172,1
2024-01-02 00:30:00,15.0876,1,5.0175,1,36.0175,1
2024-01-02 01:00:00,15.0894,1,5.0179,1,36.0179,1
2024-01-02 01:30:00,15.0912,1,5.0182,1,36.0182,1
2024-01-02 02:00:00,15.0930,1,5.0186,1,36.0186,1
2024-01-02 02:30:00,15.0948,1,5.0190,1,36.0190,1
2024-01-02 03:00:00,15.0966,1,5.0193,1,36.0193,1
2024-01-02 03:30:00,15.0983,1,5.0197,1,36.0197,1
2024-01-02 04:00:00,15.1001,1,5.0200,1,36.0200,1
2024-01-02 04:30:00,15.1019,1,5.0204,1,36.0204,1
2024-01-02 05:00:00,15.1037,1,5.0207,1,36.0207,1
2024-01-02 05:30:00,15.1055,1,5.0211,1,36.0211,1
2024-01-02 06:00:00,15.1073,1,5.0215,1,36.0215,1
2024-01-02 06:30:00,15.1091,1,5.0218,1,36.0218,1
2024-01-02 07:00:00,15.1109,1,5.0222,1,36.0222,1
2024-01-02 07:30:00,15.1126,1,5.0225,1,36.0225,1
2024-01-02 08:00:00,15.1144,1,5.0229,1,36.0229,1
2024-01-02 08:30:00,15.1162,1,5.0232,1,36.0232,1
2024-01-02 09:00:00,15.1180,1,5.0236,1,36.0236,1
2024-01-02 09:30:00,15.1198,1,5.0240,1,36.0240,1
2024-01-02 10:00:00,15.1216,1,5.0243,1,36.0243,1
2024-01-02 10:30:00,15.1234,1,5.0247,1,36.0247,1
2024-01-02 11:00:00,15.1252,1,5.0250,1,36.0250,1
2024-01-02 11:30:00,15.1269,1,5.0254,1,36.0254,1
2024-01-02 12:00:00,15.1287,1,5.0257,1,36.0257,1
2024-01-02 12:30:00,15.1305,1,5.0261,1,36.0261,1
2024-01-02 13:00:00,15.1323,1,5.0265,1,36.0265,1
2024-01-02 13:30:00,15.1341,1,5.0268,1,36.0268,1
2024-01-02 14:00:00,15.1359,1,5.0272,1,36.0272,1
2024-01-02 14:30:00,15.1377,1,5.0275,1,36.0275,1
2024-01-02 15:00:00,15.1395,1,5.0279,1,36.0279,1
2024-01-02 15:30:00,15.1412,1,5.0282,1,36.0282,1
2024-01-02 16:00:00,15.1430,1,5.0286,1,36.0286,1
2024-01-02 16:30:00,15.1448,1,5.0290,1,36.0290,1
2024-01-02 17:00:00,15.1466,1,5.0293,1,36.0293,1
2024-01-02 17:30:00,15.1484,1,5.0297,1,36.0297,1
2024-01-02 18:00:00,15.1502,1,5.0300,1,36.0300,1
2024-01-02 18:30:00,15.1520,1,5.0304,1,36.0304,1
2024-01-02 19:00:00,15.1538,1,5.0308,1,36.0308,1
2024-01-02 19:30:00,15.1555,1,5.0311,1,36.0311,1
2024-01-02 20:00:00,15.1573,1,5.0315,1,36.0315,1
2024-01-02 20:30:00,15.1591,1,5.0318,1,36.0318,1
2024-01-02 21:00:00,15.1609,1,5.0322,1,36.0322,1
2024-01-02 21:30:00,15.1627,1,5.0325,1,36.0325,1
2024-01-02 22:00:00,15.1645,1,5.0329,1,36.0329,1
2024-01-02 22:30:00,15.1663,1,5.0333,1,36.0333,1
2024-01-02 23:00:00,15.1681,1,5.0336,1,36.0336,1
2024-01-02 23:30:00,15.1698,1,5.0340,1,36.0340,1
2024-01-03 00:00:00,15.1716,1,5.0343,1,36.0343,1
2024-01-03 00:30:00,15.1734,1,5.0347,1,36.0347,1
2024-01-03 01:00:00,15.1752,1,5.0350,1,36.0350,1
2024-01-03 01:30:00,15.1770,1,5.0354,1,36.0354,1
2024-01-03 02:00:00,15.1788,1,5.0358,1,36.0358,1
2024-01-03 02:30:00,15.1806,1,5.0361,1,36.0361,1
2024-01-03 03:00:00,15.1824,1,5.0365,1,36.0365,1
2024-01-03 03:30:00,15.1841,1,5.0368,1,36.0368,1
2024-01-03 04:00:00,15.1859,1,5.0372,1,36.0372,1
2024-01-03 04:30:00,15.1877,1,5.0375,1,36.0375,1
2024-01-03 05:00:00,15.1895,1,5.0379,1,36.0379,1
2024-01-03 05:30:00,15.1913,1,5.0383,1,36.0383,1
2024-01-03 06:00:00,15.1931,1,5.0386,1,36.0386,1
2024-01-03 06:30:00,15.1949,1,5.0390,1,36.0390,1
2024-01-03 07:00:00,15.1966,1,5.0393,1,36.0393,1
2024-01-03 07:30:00,15.1984,1,5.0397,1,36.0397,1
2024-01-03 08:00:00,15.2002,1,5.0400,1,36.0400,1
2024-01-03 08:30:00,15.2020,1,5.0404,1,36.0404,1
2024-01-03 09:00:00,15.2038,1,5.0408,1,36.0408,1
2024-01-03 09:30:00,15.2056,1,5.0411,1,36.0411,1
2024-01-03 10:00:00,15.2074,1,5.0415,1,36.0415,1
2024-01-03 10:30:00,15.2092,1,5.0418,1,36.0418,1
2024-01-03 11:00:00,15.2109,1,5.0422,1,36.0422,1
2024-01-03 11:30:00,15.2127,1,5.0425,1,36.0425,1
2024-01-03 12:00:00,15.2145,1,5.0429,1,36.0429,1
2024-01-03 12:30:00,15.2163,1,5.0433,1,36.0433,1
2024-01-03 13:00:00,15.2181,1,5.0436,1,36.0436,1
2024-01-03 13:30:00,15.2199,1,5.0440,1,36.0440,1
2024-01-03 14:00:00,15.2217,1,5.0443,1,36.0443,1
2024-01-03 14:30:00,15.2234,1,5.0447,1,36.0447,1
2024-01-03 15:00:00,15.2252,1,5.0450,1,36.0450,1
2024-01-03 15:30:00,15.2270,1,5.0454,1,36.0454,1
2024-01-03 16:00:00,15.2288,1,5.0458,1,36.0458,1
2024-01-03 16:30:00,15.2306,1,5.0461,1,36.0461,1
2024-01-03 17:00:00,15.2324,1,5.0465,1,36.0465,1
2024-01-03 17:30:00,15.2342,1,5.0468,1,36.0468,1
2024-01-03 18:00:00,15.2359,1,5.0472,1,36.0472,1
2024-01-03 18:30:00,15.2377,1,5.0475,1,36.0475,1
2024-01-03 19:00:00,15.2395,1,5.0479,1,36.0479,1
2024-01-03 19:30:00,15.2413,1,5.0483,1,36.0483,1
2024-01-03 20:00:00,15.2431,1,5.0486,1,36.0486,1
2024-01-03 20:30:00,15.2449,1,5.0490,1,36.0490,1
2024-01-03 21:00:00,15.2467,1,5.0493,1,36.0493,1
2024-01-03 21:30:00,15.2484,1,5.0497,1,36.0497,1
2024-01-03 22:00:00,15.2502,1,5.0500,1,36.0500,1
2024-01-03 22:30:00,15.2520,1,5.0504,1,36.0504,1
2024-01-03 23:00:00,15.2538,1,5.0508,1,36.0508,1
2024-01-03 23:30:00,15.2556,1,5.0511,1,36.0511,1
2024-01-04 00:00:00,15.2574,1,5.0515,1,36.0515,1
2024-01-04 00:30:00,15.2592,1,5.0518,1,36.0518,1
2024-01-04 01:00:00,15.2610,1,5.0522,1,36.0522,1
2024-01-04 01:30:00,15.2627,1,5.0525,1,36.0525,1
2024-01-04 02:00:00,15.2645,1,5.0529,1,36.0529,1
2024-01-04 02:30:00,15.2663,1,5.0533,1,36.0533,1
2024-01-04 03:00:00,15.2681,1,5.0536,1,36.0536,1
2024-01-04 03:30:00,15.2699,1,5.0540,1,36.0540,1
2024-01-04 04:00:00,15.2717,1,5.0543,1,36.0543,1
2024-01-04 04:30:00,15.2734,1,5.0547,1,36.0547,1
2024-01-04 05:00:00,15.2752,1,5.0550,1,36.0550,1
2024-01-04 05:30:00,15.2770,1,5.0554,1,36.0554,1
2024-01-04 06:00:00,15.2788,1,5.0558,1,36.0558,1
2024-01-04 06:30:00,15.2806,1,5.0561,1,36.0561,1
2024-01-04 07:00:00,15.2824,1,5.0565,1,36.0565,1
2024-01-04 07:30:00,15.2842,1,5.0568,1,36.0568,1
2024-01-04 08:00:00,15.2859,1,5.0572,1,36.0572,1
2024-01-04 08:30:00,15.2877,1,5.0575,1,36.0575,1
2024-01-04 09:00:00,15.2895,1,5.0579,1,36.0579,1
2024-01-04 09:30:00,15.2913,1,5.0583,1,36.0583,1
2024-01-04 10:00:00,15.2931,1,5.0586,1,36.0586,1
2024-01-04 10:30:00,15.2949,1,5.0590,1,36.0590,1
2024-01-04 11:00:00,15.2967,1,5.0593,1,36.0593,1
2024-01-04 11:30:00,15.2984,1,5.0597,1,36.0597,1
2024-01-04 12:00:00,15.3002,1,5.0600,1,36.0600,1
2024-01-04 12:30:00,15.3020,1,5.0604,1,36.0604,1
2024-01-04 13:00:00,15.3038,1,5.0608,1,36.0608,1
2024-01-04 13:30:00,15.3056,1,5.0611,1,36.0611,1
2024-01-04 14:00:00,15.3074,1,5.0615,1,36.0615,1
2024-01-04 14:30:00,15.3092,1,5.0618,1,36.0618,1
2024-01-04 15:00:00,15.3109,1,5.0622,1,36.0622,1
2024-01-04 15:30:00,15.3127,1,5.0625,1,36.0625,1
2024-01-04 16:00:00,15.3145,1,5.0629,1,36.0629,1
2024-01-04 16:30:00,15.3163,1,5.0633,1,36.0633,1
2024-01-04 17:00:00,15.3181,1,5.0636,1,36.0636,1
2024-01-04 17:30:00,15.3199,1,5.0640,1,36.0640,1
2024-01-04 18:00:00,15.3216,1,5.0643,1,36.0643,1
2024-01-04 18:30:00,15.3234,1,5.0647,1,36.0647,1
2024-01-04 19:00:00,15.3252,1,5.0650,1,36.0650,1
2024-01-04 19:30:00,15.3270,1,5.0654,1,36.0654,1
2024-01-04 20:00:00,15.3288,1,5.0658,1,36.0658,1
2024-01-04 20:30:00,15.3306,1,5.0661,1,36.0661,1
2024-01-04 21:00:00,15.3323,1,5.0665,1,36.0665,1
2024-01-04 21:30:00,15.3341,1,5.0668,1,36.0668,1
2024-01-04 22:00:00,15.3359,1,5.0672,1,36.0672,1
2024-01-04 22:30:00,15.3377,1,5.0675,1,36.0675,1
2024-01-04 23:00:00,15.3395,1,5.0679,1,36.0679,1
2024-01-04 23:30:00,15.3413,1,5.0683,1,36.0683,1
2024-01-05 00:00:00,15.3431,1,5.0686,1,36.0686,1
2024-01-05 00:30:00,15.3448,1,5.0690,1,36.0690,1
2024-01-05 01:00:00,15.3466,1,5.0693,1,36.0693,1
2024-01-05 01:30:00,15.3484,1,5.0697,1,36.0697,1
2024-01-05 02:00:00,15.3502,1,5.0700,1,36.0700,1
2024-01-05 02:30:00,15.3520,1,5.0704,1,36.0704,1
2024-01-05 03:00:00,15.3538,1,5.0708,1,36.0708,1
2024-01-05 03:30:00,15.3555,1,5.0711,1,36.0711,1
2024-01-05 04:00:00,15.3573,1,5.0715,1,36.0715,1
2024-01-05 04:30:00,15.3591,1,5.0718,1,36.0718,1
2024-01-05 05:00:00,15.3609,1,5.0722,1,36.0722,1
2024-01-05 05:30:00,15.3627,1,5.0725,1,36.0725,1
2024-01-05 06:00:00,15.3645,1,5.0729,1,36.0729,1
2024-01-05 06:30:00,15.3662,1,5.0732,1,36.0732,1
2024-01-05 07:00:00,15.3680,1,5.0736,1,36.0736,1
2024-01-05 07:30:00,15.3698,1,5.0740,1,36.0740,1
2024-01-05 08:00:00,15.3716,1,5.0743,1,36.0743,1
2024-01-05 08:30:00,15.3734,1,5.0747,1,36.0747,1
2024-01-05 09:00:00,15.3752,1,5.0750,1,36.0750,1
2024-01-05 09:30:00,15.3769,1,5.0754,1,36.0754,1
2024-01-05 10:00:00,15.3787,1,5.0757,1,36.0757,1
2024-01-05 10:30:00,15.3805,1,5.0761,1,36.0761,1
2024-01-05 11:00:00,15.3823,1,5.0765,1,36.0765,1
2024-01-05 11:30:00,15.3841,1,5.0768,1,36.0768,1
2024-01-05 12:00:00,15.3859,1,5.0772,1,36.0772,1
2024-01-05 12:30:00,15.3876,1,5.0775,1,36.0775,1
2024-01-05 13:00:00,15.3894,1,5.0779,1,36.0779,1
2024-01-05 13:30:00,15.3912,1,5.0782,1,36.0782,1
2024-01-05 14:00:00,15.3930,1,5.0786,1,36.0786,1
2024-01-05 14:30:00,15.3948,1,5.0790,1,36.0790,1
2024-01-05 15:00:00,15.3966,1,5.0793,1,36.0793,1
2024-01-05 15:30:00,15.3983,1,5.0797,1,36.0797,1
2024-01-05 16:00:00,15.4001,1,5.0800,1,36.0800,1
2024-01-05 16:30:00,15.4019,1,5.0804,1,36.0804,1
2024-01-05 17:00:00,15.4037,1,5.0807,1,36.0807,1
2024-01-05 17:30:00,15.4055,1,5.0811,1,36.0811,1
2024-01-05 18:00:00,15.4072,1,5.0814,1,36.0814,1
2024-01-05 18:30:00,15.4090,1,5.0818,1,36.0818,1
2024-01-05 19:00:00,15.4108,1,5.0822,1,36.0822,1
2024-01-05 19:30:00,15.4126,1,5.0825,1,36.0825,1
2024-01-05 20:00:00,15.4144,1,5.0829,1,36.0829,1
2024-01-05 20:30:00,15.4162,1,5.0832,1,36.0832,1
2024-01-05 21:00:00,15.4179,1,5.0836,1,36.0836,1
2024-01-05 21:30:00,15.4197,1,5.0839,1,36.0839,1
2024-01-05 22:00:00,15.4215,1,5.0843,1,36.0843,1
2024-01-05 22:30:00,15.4233,1,5.0847,1,36.0847,1
2024-01-05 23:00:00,15.4251,1,5.0850,1,36.0850,1
2024-01-05 23:30:00,15.4268,1,5.0854,1,36.0854,1
2024-01-06 00:00:00,15.4286,1,5.0857,1,36.0857,1
2024-01-06 00:30:00,15.4304,1,5.0861,1,36.0861,1
2024-01-06 01:00:00,15.4322,1,5.0864,1,36.0864,1
2024-01-06 01:30:00,15.4340,1,5.0868,1,36.0868,1
2024-01-06 02:00:00,15.4358,1,5.0872,1,36.0872,1
2024-01-06 02:30:00,15.4375,1,5.0875,1,36.0875,1
2024-01-06 03:00:00,15.4393,1,5.0879,1,36.0879,1
2024-01-06 03:30:00,15.4411,1,5.0882,1,36.0882,1
2024-01-06 04:00:00,15.4429,1,5.0886,1,36.0886,1
2024-01-06 04:30:00,15.4447,1,5.0889,1,36.0889,1
2024-01-06 05:00:00,15.4464,1,5.0893,1,36.0893,1
2024-01-06 05:30:00,15.4482,1,5.0896,1,36.0896,1
2024-01-06 06:00:00,15.4500,1,5.0900,1,36.0900,1
2024-01-06 06:30:00,15.4518,1,5.0904,1,36.0904,1
2024-01-06 07:00:00,15.4536,1,5.0907,1,36.0907,1
2024-01-06 07:30:00,15.4553,1,5.0911,1,36.0911,1
2024-01-06 08:00:00,15.4571,1,5.0914,1,36.0914,1
2024-01-06 08:30:00,15.4589,1,5.0918,1,36.0918,1
2024-01-06 09:00:00,15.4607,1,5.0921,1,36.0921,1
2024-01-06 09:30:00,15.4625,1,5.0925,1,36.0925,1
2024-01-06 10:00:00,15.4642,1,5.0928,1,36.0928,1
2024-01-06 10:30:00,15.4660,1,5.0932,1,36.0932,1
2024-01-06 11:00:00,15.4678,1,5.0936,1,36.0936,1
2024-01-06 11:30:00,15.4696,1,5.0939,1,36.0939,1
2024-01-06 12:00:00,15.4714,1,5.0943,1,36.0943,1
2024-01-06 12:30:00,15.4731,1,5.0946,1,36.0946,1
2024-01-06 13:00:00,15.4749,1,5.0950,1,36.0950,1
2024-01-06 13:30:00,15.4767,1,5.0953,1,36.0953,1
2024-01-06 14:00:00,15.4785,1,5.0957,1,36.0957,1
2024-01-06 14:30:00,15.4803,1,5.0961,1,36.0961,1
2024-01-06 15:00:00,15.4820,1,5.0964,1,36.0964,1
2024-01-06 15:30:00,15.4838,1,5.0968,1,36.0968,1
2024-01-06 16:00:00,15.4856,1,5.0971,1,36.0971,1
2024-01-06 16:30:00,15.4874,1,5.0975,1,36.0975,1
2024-01-06 17:00:00,15.4892,1,5.0978,1,36.0978,1
2024-01-06 17:30:00,15.4909,1,5.0982,1,36.0982,1
2024-01-06 18:00:00,15.4927,1,5.0985,1,36.0985,1
2024-01-06 18:30:00,15.4945,1,5.0989,1,36.0989,1
2024-01-06 19:00:00,15.4963,1,5.0993,1,36.0993,1
2024-01-06 19:30:00,15.4981,1,5.0996,1,36.0996,1
2024-01-06 20:00:00,15.4998,1,5.1000,1,36.1000,1
2024-01-06 20:30:00,15.5016,1,5.1003,1,36.1003,1
2024-01-06 21:00:00,15.5034,1,5.1007,1,36.1007,1
2024-01-06 21:30:00,15.5052,1,5.1010,1,36.1010,1
2024-01-06 22:00:00,15.5070,1,5.1014,1,36.1014,1
2024-01-06 22:30:00,15.5087,1,5.1017,1,36.1017,1
2024-01-06 23:00:00,15.5105,1,5.1021,1,36.1021,1
2024-01-06 23:30:00,15.5123,1,5.1025,1,36.1025,1
2024-01-07 00:00:00,15.5141,1,5.1028,1,36.1028,1
2024-01-07 00:30:00,15.5159,1,5.1032,1,36.1032,1
2024-01-07 01:00:00,15.5176,1,5.1035,1,36.1035,1
2024-01-07 01:30:00,15.5194,1,5.1039,1,36.1039,1
2024-01-07 02:00:00,15.5212,1,5.1042,1,36.1042,1
2024-01-07 02:30:00,15.5230,1,5.1046,1,36.1046,1
2024-01-07 03:00:00,15.5247,1,5.1049,1,36.1049,1
2024-01-07 03:30:00,15.5265,1,5.1053,1,36.1053,1
2024-01-07 04:00:00,15.5283,1,5.1057,1,36.1057,1
2024-01-07 04:30:00,15.5301,1,5.1060,1,36.1060,1
2024-01-07 05:00:00,15.5319,1,5.1064,1,36.1064,1
2024-01-07 05:30:00,15.5336,1,5.1067,1,36.1067,1
2024-01-07 06:00:00,15.5354,1,5.1071,1,36.1071,1
2024-01-07 06:30:00,15.5372,1,5.1074,1,36.1074,1
2024-01-07 07:00:00,15.5390,1,5.1078,1,36.1078,1
2024-01-07 07:30:00,15.5407,1,5.1081,1,36.1081,1
2024-01-07 08:00:00,15.5425,1,5.1085,1,36.1085,1
2024-01-07 08:30:00,15.5443,1,5.1089,1,36.1089,1
2024-01-07 09:00:00,15.5461,1,5.1092,1,36.1092,1
2024-01-07 09:30:00,15.5479,1,5.1096,1,36.1096,1
2024-01-07 10:00:00,15.5496,1,5.1099,1,36.1099,1
2024-01-07 10:30:00,15.5514,1,5.1103,1,36.1103,1
2024-01-07 11:00:00,15.5532,1,5.1106,1,36.1106,1
2024-01-07 11:30:00,15.5550,1,5.1110,1,36.1110,1
2024-01-07 12:00:00,15.5567,1,5.1113,1,36.1113,1
2024-01-07 12:30:00,15.5585,1,5.1117,1,36.1117,1
2024-01-07 13:00:00,15.5603,1,5.1121,1,36.1121,1
2024-01-07 13:30:00,15.5621,1,5.1124,1,36.1124,1
2024-01-07 14:00:00,15.5639,1,5.1128,1,36.1128,1
2024-01-07 14:30:00,15.5656,1,5.1131,1,36.1131,1
2024-01-07 15:00:00,15.5674,1,5.1135,1,36.1135,1
2024-01-07 15:30:00,15.5692,1,5.1138,1,36.1138,1
2024-01-07 16:00:00,15.5710,1,5.1142,1,36.1142,1
2024-01-07 16:30:00,15.5727,1,5.1145,1,36.1145,1
2024-01-07 17:00:00,15.5745,1,5.1149,1,36.1149,1
2024-01-07 17:30:00,15.5763,1,5.1153,1,36.1153,1
2024-01-07 18:00:00,15.5781,1,5.1156,1,36.1156,1
2024-01-07 18:30:00,15.5798,1,5.1160,1,36.1160,1
2024-01-07 19:00:00,15.5816,1,5.1163,1,36.1163,1
2024-01-07 19:30:00,15.5834,1,5.1167,1,36.1167,1
2024-01-07 20:00:00,15.5852,1,5.1170,1,36.1170,1
2024-01-07 20:30:00,15.5869,1,5.1174,1,36.1174,1
2024-01-07 21:00:00,15.5887,1,5.1177,1,36.1177,1
2024-01-07 21:30:00,15.5905,1,5.1181,1,36.1181,1
2024-01-07 22:00:00,15.5923,1,5.1185,1,36.1185,1
2024-01-07 22:30:00,15.5940,1,5.1188,1,36.1188,1
2024-01-07 23:00:00,15.5958,1,5.1192,1,36.1192,1
2024-01-07 23:30:00,15.5976,1,5.1195,1,36.1195,1
2024-01-08 00:00:00,15.5994,1,5.1199,1,36.1199,1
2024-01-08 00:30:00,15.6011,1,5.1202,1,36.1202,1
2024-01-08 01:00:00,15.6029,1,5.1206,1,36.1206,1
2024-01-08 01:30:00,15.6047,1,5.1209,1,36.1209,1
2024-01-08 02:00:00,15.6065,1,5.1213,1,36.1213,1
2024-01-08 02:30:00,15.6082,1,5.1216,1,36.1216,1
2024-01-08 03:00:00,15.6100,1,5.1220,1,36.1220,1
2024-01-08 03:30:00,15.6118,1,5.1224,1,36.1224,1
2024-01-08 04:00:00,15.6136,1,5.1227,1,36.1227,1
2024-01-08 04:30:00,15.6153,1,5.1231,1,36.1231,1
2024-01-08 05:00:00,15.6171,1,5.1234,1,36.1234,1
2024-01-08 05:30:00,15.6189,1,5.1238,1,36.1238,1
2024-01-08 06:00:00,15.6207,1,5.1241,1,36.1241,1
2024-01-08 06:30:00,15.6224,1,5.1245,1,36.1245,1
2024-01-08 07:00:00,15.6242,1,5.1248,1,36.1248,1
2024-01-08 07:30:00,15.6260,1,5.1252,1,36.1252,1
2024-01-08 08:00:00,15.6278,1,5.1256,1,36.1256,1
2024-01-08 08:30:00,15.6295,1,5.1259,1,36.1259,1
2024-01-08 09:00:00,15.6313,1,5.1263,1,36.1263,1
2024-01-08 09:30:00,15.6331,1,5.1266,1,36.1266,1
2024-01-08 10:00:00,15.6349,1,5.1270,1,36.1270,1
2024-01-08 10:30:00,15.6366,1,5.1273,1,36.1273,1
2024-01-08 11:00:00,15.6384,1,5.1277,1,36.1277,1
2024-01-08 11:30:00,15.6402,1,5.1280,1,36.1280,1
2024-01-08 12:00:00,15.6420,1,5.1284,1,36.1284,1
2024-01-08 12:30:00,15.6437,1,5.1287,1,36.1287,1
2024-01-08 13:00:00,15.6455,1,5.1291,1,36.1291,1
2024-01-08 13:30:00,15.6473,1,5.1295,1,36.1295,1
2024-01-08 14:00:00,15.6490,1,5.1298,1,36.1298,1
2024-01-08 14:30:00,15.6508,1,5.1302,1,36.1302,1
2024-01-08 15:00:00,15.6526,1,5.1305,1,36.1305,1
2024-01-08 15:30:00,15.6544,1,5.1309,1,36.1309,1
2024-01-08 16:00:00,15.6561,1,5.1312,1,36.1312,1
2024-01-08 16:30:00,15.6579,1,5.1316,1,36.1316,1
2024-01-08 17:00:00,15.6597,1,5.1319,1,36.1319,1
2024-01-08 17:30:00,15.6615,1,5.1323,1,36.1323,1
2024-01-08 18:00:00,15.6632,1,5.1326,1,36.1326,1
2024-01-08 18:30:00,15.6650,1,5.1330,1,36.1330,1
2024-01-08 19:00:00,15.6668,1,5.1334,1,36.1334,1
2024-01-08 19:30:00,15.6685,1,5.1337,1,36.1337,1
2024-01-08 20:00:00,15.6703,1,5.1341,1,36.1341,1
2024-01-08 20:30:00,15.6721,1,5.1344,1,36.1344,1
2024-01-08 21:00:00,15.6739,1,5.1348,1,36.1348,1
2024-01-08 21:30:00,15.6756,1,5.1351,1,36.1351,1
2024-01-08 22:00:00,15.6774,1,5.1355,1,36.1355,1
2024-01-08 22:30:00,15.6792,1,5.1358,1,36.1358,1
2024-01-08 23:00:00,15.6809,1,5.1362,1,36.1362,1
2024-01-08 23:30:00,15.6827,1,5.1365,1,36.1365,1
2024-01-09 00:00:00,15.6845,1,5.1369,1,36.1369,1
2024-01-09 00:30:00,15.6863,1,5.1373,1,36.1373,1
2024-01-09 01:00:00,15.6880,1,5.1376,1,36.1376,1
2024-01-09 01:30:00,15.6898,1,5.1380,1,36.1380,1
2024-01-09 02:00:00,15.6916,1,5.1383,1,36.1383,1
2024-01-09 02:30:00,15.6933,1,5.1387,1,36.1387,1
2024-01-09 03:00:00,15.6951,1,5.1390,1,36.1390,1
2024-01-09 03:30:00,15.6969,1,5.1394,1,36.1394,1
2024-01-09 04:00:00,15.6987,1,5.1397,1,36.1397,1
2024-01-09 04:30:00,15.7004,1,5.1401,1,36.1401,1
2024-01-09 05:00:00,15.7022,1,5.1404,1,36.1404,1
2024-01-09 05:30:00,15.7040,1,5.1408,1,36.1408,1
2024-01-09 06:00:00,15.7057,1,5.1411,1,36.1411,1
2024-01-09 06:30:00,15.7075,1,5.1415,1,36.1415,1
2024-01-09 07:00:00,15.7093,1,5.1419,1,36.1419,1
2024-01-09 07:30:00,15.7111,1,5.1422,1,36.1422,1
2024-01-09 08:00:00,15.7128,1,5.1426,1,36.1426,1
2024-01-09 08:30:00,15.7146,1,5.1429,1,36.1429,1
2024-01-09 09:00:00,15.7164,1,5.1433,1,36.1433,1
2024-01-09 09:30:00,15.7181,1,5.1436,1,36.1436,1
2024-01-09 10:00:00,15.7199,1,5.1440,1,36.1440,1
2024-01-09 10:30:00,15.7217,1,5.1443,1,36.1443,1
2024-01-09 11:00:00,15.7234,1,5.1447,1,36.1447,1
2024-01-09 11:30:00,15.7252,1,5.1450,1,36.1450,1
2024-01-09 12:00:00,15.7270,1,5.1454,1,36.1454,1
2024-01-09 12:30:00,15.7287,1,5.1457,1,36.1457,1
2024-01-09 13:00:00,15.7305,1,5.1461,1,36.1461,1
2024-01-09 13:30:00,15.7323,1,5.1465,1,36.1465,1
2024-01-09 14:00:00,15.7341,1,5.1468,1,36.1468,1
2024-01-09 14:30:00,15.7358,1,5.1472,1,36.1472,1
2024-01-09 15:00:00,15.7376,1,5.1475,1,36.1475,1
2024-01-09 15:30:00,15.7394,1,5.1479,1,36.1479,1
2024-01-09 16:00:00,15.7411,1,5.1482,1,36.1482,1
2024-01-09 16:30:00,15.7429,1,5.1486,1,36.1486,1
2024-01-09 17:00:00,15.7447,1,5.1489,1,36.1489,1
2024-01-09 17:30:00,15.7464,1,5.1493,1,36.1493,1
2024-01-09 18:00:00,15.7482,1,5.1496,1,36.1496,1
2024-01-09 18:30:00,15.7500,1,5.1500,1,36.1500,1
2024-01-09 19:00:00,15.7517,1,5.1503,1,36.1503,1
2024-01-09 19:30:00,15.7535,1,5.1507,1,36.1507,1
2024-01-09 20:00:00,15.7553,1,5.1511,1,36.1511,1
2024-01-09 20:30:00,15.7570,1,5.1514,1,36.1514,1
2024-01-09 21:00:00,15.7588,1,5.1518,1,36.1518,1
2024-01-09 21:30:00,15.7606,1,5.1521,1,36.1521,1
2024-01-09 22:00:00,15.7623,1,5.1525,1,36.1525,1
2024-01-09 22:30:00,15.7641,1,5.1528,1,36.1528,1
2024-01-09 23:00:00,15.7659,1,5.1532,1,36.1532,1
2024-01-09 23:30:00,15.7676,1,5.1535,1,36.1535,1
2024-01-10 00:00:00,15.7694,1,5.1539,1,36.1539,1
2024-01-10 00:30:00,15.7712,1,5.1542,1,36.1542,1
2024-01-10 01:00:00,15.7729,1,5.1546,1,36.1546,1
2024-01-10 01:30:00,15.7747,1,5.1549,1,36.1549,1
2024-01-10 02:00:00,15.7765,1,5.1553,1,36.1553,1
2024-01-10 02:30:00,15.7782,1,5.1556,1,36.1556,1
2024-01-10 03:00:00,15.7800,1,5.1560,1,36.1560,1
2024-01-10 03:30:00,15.7818,1,5.1564,1,36.1564,1
2024-01-10 04:00:00,15.7835,1,5.1567,1,36.1567,1
2024-01-10 04:30:00,15.7853,1,5.1571,1,36.1571,1
2024-01-10 05:00:00,15.7871,1,5.1574,1,36.1574,1
2024-01-10 05:30:00,15.7888,1,5.1578,1,36.1578,1
2024-01-10 06:00:00,15.7906,1,5.1581,1,36.1581,1
2024-01-10 06:30:00,15.7924,1,5.1585,1,36.1585,1
2024-01-10 07:00:00,15.7941,1,5.1588,1,36.1588,1
2024-01-10 07:30:00,15.7959,1,5.1592,1,36.1592,1
2024-01-10 08:00:00,15.7977,1,5.1595,1,36.1595,1
2024-01-10 08:30:00,15.7994,1,5.1599,1,36.1599,1
2024-01-10 09:00:00,15.8012,1,5.1602,1,36.1602,1
2024-01-10 09:30:00,15.8030,1,5.1606,1,36.1606,1
2024-01-10 10:00:00,15.8047,1,5.1609,1,36.1609,1
2024-01-10 10:30:00,15.8065,1,5.1613,1,36.1613,1
2024-01-10 11:00:00,15.8083,1,5.1617,1,36.1617,1
2024-01-10 11:30:00,15.8100,1,5.1620,1,36.1620,1
2024-01-10 12:00:00,15.8118,1,5.1624,1,36.1624,1
2024-01-10 12:30:00,15.8135,1,5.1627,1,36.1627,1
2024-01-10 13:00:00,15.8153,1,5.1631,1,36.1631,1
2024-01-10 13:30:00,15.8171,1,5.1634,1,36.1634,1
2024-01-10 14:00:00,15.8188,1,5.1638,1,36.1638,1
2024-01-10 14:30:00,15.8206,1,5.1641,1,36.1641,1
2024-01-10 15:00:00,15.8224,1,5.1645,1,36.1645,1
2024-01-10 15:30:00,15.8241,1,5.1648,1,36.1648,1
2024-01-10 16:00:00,15.8259,1,5.1652,1,36.1652,1
2024-01-10 16:30:00,15.8277,1,5.1655,1,36.1655,1
2024-01-10 17:00:00,15.8294,1,5.1659,1,36.1659,1
2024-01-10 17:30:00,15.8312,1,5.1662,1,36.1662,1
2024-01-10 18:00:00,15.8330,1,5.1666,1,36.1666,1
2024-01-10 18:30:00,15.8347,1,5.1669,1,36.1669,1
2024-01-10 19:00:00,15.8365,1,5.1673,1,36.1673,1
2024-01-10 19:30:00,15.8382,1,5.1676,1,36.1676,1
2024-01-10 20:00:00,15.8400,1,5.1680,1,36.1680,1
2024-01-10 20:30:00,15.8418,1,5.1684,1,36.1684,1
2024-01-10 21:00:00,15.8435,1,5.1687,1,36.1687,1
2024-01-10 21:30:00,15.8453,1,5.1691,1,36.1691,1
2024-01-10 22:00:00,15.8471,1,5.1694,1,36.1694,1
2024-01-10 22:30:00,15.8488,1,5.1698,1,36.1698,1
2024-01-10 23:00:00,15.8506,1,5.1701,1,36.1701,1
2024-01-10 23:30:00,15.8523,1,5.1705,1,36.1705,1
2024-01-11 00:00:00,15.8541,1,5.1708,1,36.1708,1
2024-01-11 00:30:00,15.8559,1,5.1712,1,36.1712,1
2024-01-11 01:00:00,15.8576,1,5.1715,1,36.1715,1
2024-01-11 01:30:00,15.8594,1,5.1719,1,36.1719,1
2024-01-11 02:00:00,15.8611,1,5.1722,1,36.1722,1
2024-01-11 02:30:00,15.8629,1,5.1726,1,36.1726,1
2024-01-11 03:00:00,15.8647,1,5.1729,1,36.1729,1
2024-01-11 03:30:00,15.8664,1,5.1733,1,36.1733,1
2024-01-11 04:00:00,15.8682,1,5.1736,1,36.1736,1
2024-01-11 04:30:00,15.8700,1,5.1740,1,36.1740,1
2024-01-11 05:00:00,15.8717,1,5.1743,1,36.1743,1
2024-01-11 05:30:00,15.8735,1,5.1747,1,36.1747,1
2024-01-11 06:00:00,15.8752,1,5.1750,1,36.1750,1
2024-01-11 06:30:00,15.8770,1,5.1754,1,36.1754,1
2024-01-11 07:00:00,15.8788,1,5.1758,1,36.1758,1
2024-01-11 07:30:00,15.8805,1,5.1761,1,36.1761,1
2024-01-11 08:00:00,15.8823,1,5.1765,1,36.1765,1
2024-01-11 08:30:00,15.8840,1,5.1768,1,36.1768,1
2024-01-11 09:00:00,15.8858,1,5.1772,1,36.1772,1
2024-01-11 09:30:00,15.8876,1,5.1775,1,36.1775,1
2024-01-11 10:00:00,15.8893,1,5.1779,1,36.1779,1
2024-01-11 10:30:00,15.8911,1,5.1782,1,36.1782,1
2024-01-11 11:00:00,15.8928,1,5.1786,1,36.1786,1
2024-01-11 11:30:00,15.8946,1,5.1789,1,36.1789,1
2024-01-11 12:00:00,15.8964,1,5.1793,1,36.1793,1
2024-01-11 12:30:00,15.8981,1,5.1796,1,36.1796,1
2024-01-11 13:00:00,15.8999,1,5.1800,1,36.1800,1
2024-01-11 13:30:00,15.9016,1,5.1803,1,36.1803,1
2024-01-11 14:00:00,15.9034,1,5.1807,1,36.1807,1
2024-01-11 14:30:00,15.9051,1,5.1810,1,36.1810,1
2024-01-11 15:00:00,15.9069,1,5.1814,1,36.1814,1
2024-01-11 15:30:00,15.9087,1,5.1817,1,36.1817,1
2024-01-11 16:00:00,15.9104,1,5.1821,1,36.1821,1
2024-01-11 16:30:00,15.9122,1,5.1824,1,36.1824,1
2024-01-11 17:00:00,15.9139,1,5.1828,1,36.1828,1
2024-01-11 17:30:00,15.9157,1,5.1831,1,36.1831,1
2024-01-11 18:00:00,15.9175,1,5.1835,1,36.1835,1
2024-01-11 18:30:00,15.9192,1,5.1838,1,36.1838,1
2024-01-11 19:00:00,15.9210,1,5.1842,1,36.1842,1
2024-01-11 19:30:00,15.9227,1,5.1845,1,36.1845,1
2024-01-11 20:00:00,15.9245,1,5.1849,1,36.1849,1
2024-01-11 20:30:00,15.9262,1,5.1852,1,36.1852,1
2024-01-11 21:00:00,15.9280,1,5.1856,1,36.1856,1
2024-01-11 21:30:00,15.9298,1,5.1860,1,36.1860,1
2024-01-11 22:00:00,15.9315,1,5.1863,1,36.1863,1
2024-01-11 22:30:00,15.9333,1,5.1867,1,36.1867,1
2024-01-11 23:00:00,15.9350,1,5.1870,1,36.1870,1
2024-01-11 23:30:00,15.9368,1,5.1874,1,36.1874,1
2024-01-12 00:00:00,15.9385,1,5.1877,1,36.1877,1
2024-01-12 00:30:00,15.9403,1,5.1881,1,36.1881,1
2024-01-12 01:00:00,15.9421,1,5.1884,1,36.1884,1
2024-01-12 01:30:00,15.9438,1,5.1888,1,36.1888,1
2024-01-12 02:00:00,15.9456,1,5.1891,1,36.1891,1
2024-01-12 02:30:00,15.9473,1,5.1895,1,36.1895,1
2024-01-12 03:00:00,15.9491,1,5.1898,1,36.1898,1
2024-01-12 03:30:00,15.9508,1,5.1902,1,36.1902,1
2024-01-12 04:00:00,15.9526,1,5.1905,1,36.1905,1
2024-01-12 04:30:00,15.9543,1,5.1909,1,36.1909,1
2024-01-12 05:00:00,15.9561,1,5.1912,1,36.1912,1
2024-01-12 05:30:00,15.9579,1,5.1916,1,36.1916,1
2024-01-12 06:00:00,15.9596,1,5.1919,1,36.1919,1
2024-01-12 06:30:00,15.9614,1,5.1923,1,36.1923,1
2024-01-12 07:00:00,15.9631,1,5.1926,1,36.1926,1
2024-01-12 07:30:00,15.9649,1,5.1930,1,36.1930,1
2024-01-12 08:00:00,15.9666,1,5.1933,1,36.1933,1
2024-01-12 08:30:00,15.9684,1,5.1937,1,36.1937,1
2024-01-12 09:00:00,15.9701,1,5.1940,1,36.1940,1
2024-01-12 09:30:00,15.9719,1,5.1944,1,36.1944,1
2024-01-12 10:00:00,15.9736,1,5.1947,1,36.1947,1
2024-01-12 10:30:00,15.9754,1,5.1951,1,36.1951,1
2024-01-12 11:00:00,15.9772,1,5.1954,1,36.1954,1
2024-01-12 11:30:00,15.9789,1,5.1958,1,36.1958,1
2024-01-12 12:00:00,15.9807,1,5.1961,1,36.1961,1
2024-01-12 12:30:00,15.9824,1,5.1965,1,36.1965,1
2024-01-12 13:00:00,15.9842,1,5.1968,1,36.1968,1
2024-01-12 13:30:00,15.9859,1,5.1972,1,36.1972,1
2024-01-12 14:00:00,15.9877,1,5.1975,1,36.1975,1
2024-01-12 14:30:00,15.9894,1,5.1979,1,36.1979,1
2024-01-12 15:00:00,15.9912,1,5.1982,1,36.1982,1
2024-01-12 15:30:00,15.9929,1,5.1986,1,36.1986,1
2024-01-12 16:00:00,15.9947,1,5.1989,1,36.1989,1
2024-01-12 16:30:00,15.9964,1,5.1993,1,36.1993,1
2024-01-12 17:00:00,15.9982,1,5.1996,1,36.1996,1
2024-01-12 17:30:00,15.9999,1,5.2000,1,36.2000,1
2024-01-12 18:00:00,16.0017,1,5.2003,1,36.2003,1
2024-01-12 18:30:00,16.0034,1,5.2007,1,36.2007,1
2024-01-12 19:00:00,16.0052,1,5.2010,1,36.2010,1
2024-01-12 19:30:00,16.0069,1,5.2014,1,36.2014,1
2024-01-12 20:00:00,16.0087,1,5.2017,1,36.2017,1
2024-01-12 20:30:00,16.0104,1,5.2021,1,36.2021,1
2024-01-12 21:00:00,16.0122,1,5.2024,1,36.2024,1
2024-01-12 21:30:00,16.0139,1,5.2028,1,36.2028,1
2024-01-12 22:00:00,16.0157,1,5.2031,1,36.2031,1
2024-01-12 22:30:00,16.0175,1,5.2035,1,36.2035,1
2024-01-12 23:00:00,16.0192,1,5.2038,1,36.2038,1
2024-01-12 23:30:00,16.0210,1,5.2042,1,36.2042,1
2024-01-13 00:00:00,16.0227,1,5.2045,1,36.2045,1
2024-01-13 00:30:00,16.0245,1,5.2049,1,36.2049,1
2024-01-13 01:00:00,16.0262,1,5.2052,1,36.2052,1
2024-01-13 01:30:00,16.0280,1,5.2056,1,36.2056,1
2024-01-13 02:00:00,16.0297,1,5.2059,1,36.2059,1
2024-01-13 02:30:00,16.0315,1,5.2063,1,36.2063,1
2024-01-13 03:00:00,16.0332,1,5.2066,1,36.2066,1
2024-01-13 03:30:00,16.0350,1,5.2070,1,36.2070,1
2024-01-13 04:00:00,16.0367,1,5.2073,1,36.2073,1
2024-01-13 04:30:00,16.0385,1,5.2077,1,36.2077,1
2024-01-13 05:00:00,16.0402,1,5.2080,1,36.2080,1
2024-01-13 05:30:00,16.0419,1,5.2084,1,36.2084,1
2024-01-13 06:00:00,16.0437,1,5.2087,1,36.2087,1
2024-01-13 06:30:00,16.0454,1,5.2091,1,36.2091,1
2024-01-13 07:00:00,16.0472,1,5.2094,1,36.2094,1
2024-01-13 07:30:00,16.0489,1,5.2098,1,36.2098,1
2024-01-13 08:00:00,16.0507,1,5.2101,1,36.2101,1
2024-01-13 08:30:00,16.0524,1,5.2105,1,36.2105,1
2024-01-13 09:00:00,16.0542,1,5.2108,1,36.2108,1
2024-01-13 09:30:00,16.0559,1,5.2112,1,36.2112,1
2024-01-13 10:00:00,16.0577,1,5.2115,1,36.2115,1
2024-01-13 10:30:00,16.0594,1,5.2119,1,36.2119,1
2024-01-13 11:00:00,16.0612,1,5.2122,1,36.2122,1
2024-01-13 11:30:00,16.0629,1,5.2126,1,36.2126,1
2024-01-13 12:00:00,16.0647,1,5.2129,1,36.2129,1
2024-01-13 12:30:00,16.0664,1,5.2133,1,36.2133,1
2024-01-13 13:00:00,16.0682,1,5.2136,1,36.2136,1
2024-01-13 13:30:00,16.0699,1,5.2140,1,36.2140,1
2024-01-13 14:00:00,16.0717,1,5.2143,1,36.2143,1
2024-01-13 14:30:00,16.0734,1,5.2147,1,36.2147,1
2024-01-13 15:00:00,16.0752,1,5.2150,1,36.2150,1
2024-01-13 15:30:00,16.0769,1,5.2154,1,36.2154,1
2024-01-13 16:00:00,16.0786,1,5.2157,1,36.2157,1
2024-01-13 16:30:00,16.0804,1,5.2161,1,36.2161,1
2024-01-13 17:00:00,16.0821,1,5.2164,1,36.2164,1
2024-01-13 17:30:00,16.0839,1,5.2168,1,36.2168,1
2024-01-13 18:00:00,16.0856,1,5.2171,1,36.2171,1
2024-01-13 18:30:00,16.0874,1,5.2175,1,36.2175,1
2024-01-13 19:00:00,16.0891,1,5.2178,1,36.2178,1
2024-01-13 19:30:00,16.0909,1,5.2182,1,36.2182,1
2024-01-13 20:00:00,16.0926,1,5.2185,1,36.2185,1
2024-01-13 20:30:00,16.0944,1,5.2189,1,36.2189,1
2024-01-13 21:00:00,16.0961,1,5.2192,1,36.2192,1
2024-01-13 21:30:00,16.0978,1,5.2196,1,36.2196,1
2024-01-13 22:00:00,16.0996,1,5.2199,1,36.2199,1
2024-01-13 22:30:00,16.1013,1,5.2203,1,36.2203,1
2024-01-13 23:00:00,16.1031,1,5.2206,1,36.2206,1
2024-01-13 23:30:00,16.1048,1,5.2210,1,36.2210,1
2024-01-14 00:00:00,16.1066,1,5.2213,1,36.2213,1
2024-01-14 00:30:00,16.1083,1,5.2217,1,36.2217,1
2024-01-14 01:00:00,16.1101,1,5.2220,1,36.2220,1
2024-01-14 01:30:00,16.1118,1,5.2224,1,36.2224,1
2024-01-14 02:00:00,16.1135,1,5.2227,1,36.2227,1
2024-01-14 02:30:00,16.1153,1,5.2231,1,36.2231,1
2024-01-14 03:00:00,16.1170,1,5.2234,1,36.2234,1
2024-01-14 03:30:00,16.1188,1,5.2238,1,36.2238,1
2024-01-14 04:00:00,16.1205,1,5.2241,1,36.2241,1
2024-01-14 04:30:00,16.1223,1,5.2245,1,36.2245,1
2024-01-14 05:00:00,16.1240,1,5.2248,1,36.2248,1
2024-01-14 05:30:00,16.1257,1,5.2251,1,36.2251,1
2024-01-14 06:00:00,16.1275,1,5.2255,1,36.2255,1
2024-01-14 06:30:00,16.1292,1,5.2258,1,36.2258,1
2024-01-14 07:00:00,16.1310,1,5.2262,1,36.2262,1
2024-01-14 07:30:00,16.1327,1,5.2265,1,36.2265,1
2024-01-14 08:00:00,16.1344,1,5.2269,1,36.2269,1
2024-01-14 08:30:00,16.1362,1,5.2272,1,36.2272,1
2024-01-14 09:00:00,16.1379,1,5.2276,1,36.2276,1
2024-01-14 09:30:00,16.1397,1,5.2279,1,36.2279,1
2024-01-14 10:00:00,16.1414,1,5.2283,1,36.2283,1
2024-01-14 10:30:00,16.1432,1,5.2286,1,36.2286,1
2024-01-14 11:00:00,16.1449,1,5.2290,1,36.2290,1
2024-01-14 11:30:00,16.1466,1,5.2293,1,36.2293,1
2024-01-14 12:00:00,16.1484,1,5.2297,1,36.2297,1
2024-01-14 12:30:00,16.1501,1,5.2300,1,36.2300,1
2024-01-14 13:00:00,16.1519,1,5.2304,1,36.2304,1
2024-01-14 13:30:00,16.1536,1,5.2307,1,36.2307,1
2024-01-14 14:00:00,16.1553,1,5.2311,1,36.2311,1
2024-01-14 14:30:00,16.1571,1,5.2314,1,36.2314,1
2024-01-14 15:00:00,16.1588,1,5.2318,1,36.2318,1
2024-01-14 15:30:00,16.1606,1,5.2321,1,36.2321,1
2024-01-14 16:00:00,16.1623,1,5.2325,1,36.2325,1
2024-01-14 16:30:00,16.1640,1,5.2328,1,36.2328,1
2024-01-14 17:00:00,16.1658,1,5.2332,1,36.2332,1
2024-01-14 17:30:00,16.1675,1,5.2335,1,36.2335,1
2024-01-14 18:00:00,16.1692,1,5.2338,1,36.2338,1
2024-01-14 18:30:00,16.1710,1,5.2342,1,36.2342,1
2024-01-14 19:00:00,16.1727,1,5.2345,1,36.2345,1
2024-01-14 19:30:00,16.1745,1,5.2349,1,36.2349,1
2024-01-14 20:00:00,16.1762,1,5.2352,1,36.2352,1
2024-01-14 20:30:00,16.1779,1,5.2356,1,36.2356,1
2024-01-14 21:00:00,16.1797,1,5.2359,1,36.2359,1
2024-01-14 21:30:00,16.1814,1,5.2363,1,36.2363,1
2024-01-14 22:00:00,16.1832,1,5.2366,1,36.2366,1
2024-01-14 22:30:00,16.1849,1,5.2370,1,36.2370,1
2024-01-14 23:00:00,16.1866,1,5.2373,1,36.2373,1
2024-01-14 23:30:00,16.1884,1,5.2377,1,36.2377,1
2024-01-15 00:00:00,16.1901,1,5.2380,1,36.2380,1
2024-01-15 00:30:00,16.1918,1,5.2384,1,36.2384,1
2024-01-15 01:00:00,16.1936,1,5.2387,1,36.2387,1
2024-01-15 01:30:00,16.1953,1,5.2391,1,36.2391,1
2024-01-15 02:00:00,16.1970,1,5.2394,1,36.2394,1
2024-01-15 02:30:00,16.1988,1,5.2398,1,36.2398,1
2024-01-15 03:00:00,16.2005,1,5.2401,1,36.2401,1
2024-01-15 03:30:00,16.2023,1,5.2405,1,36.2405,1
2024-01-15 04:00:00,16.2040,1,5.2408,1,36.2408,1
2024-01-15 04:30:00,16.2057,1,5.2411,1,36.2411,1
2024-01-15 05:00:00,16.2075,1,5.2415,1,36.2415,1
2024-01-15 05:30:00,16.2092,1,5.2418,1,36.2418,1
2024-01-15 06:00:00,16.2109,1,5.2422,1,36.2422,1
2024-01-15 06:30:00,16.2127,1,5.2425,1,36.2425,1
2024-01-15 07:00:00,16.2144,1,5.2429,1,36.2429,1
2024-01-15 07:30:00,16.2161,1,5.2432,1,36.2432,1
2024-01-15 08:00:00,16.2179,1,5.2436,1,36.2436,1
2024-01-15 08:30:00,16.2196,1,5.2439,1,36.2439,1
2024-01-15 09:00:00,16.2213,1,5.2443,1,36.2443,1
2024-01-15 09:30:00,16.2231,1,5.2446,1,36.2446,1
2024-01-15 10:00:00,16.2248,1,5.2450,1,36.2450,1
2024-01-15 10:30:00,16.2265,1,5.2453,1,36.2453,1
2024-01-15 11:00:00,16.2283,1,5.2457,1,36.2457,1
2024-01-15 11:30:00,16.2300,1,5.2460,1,36.2460,1
2024-01-15 12:00:00,16.2317,1,5.2463,1,36.2463,1
2024-01-15 12:30:00,16.2335,1,5.2467,1,36.2467,1
2024-01-15 13:00:00,16.2352,1,5.2470,1,36.2470,1
2024-01-15 13:30:00,16.2369,1,5.2474,1,36.2474,1
2024-01-15 14:00:00,16.2387,1,5.2477,1,36.2477,1
2024-01-15 14:30:00,16.2404,1,5.2481,1,36.2481,1
2024-01-15 15:00:00,16.2421,1,5.2484,1,36.2484,1
2024-01-15 15:30:00,16.2439,1,5.2488,1,36.2488,1
2024-01-15 16:00:00,16.2456,1,5.2491,1,36.2491,1
2024-01-15 16:30:00,16.2473,1,5.2495,1,36.2495,1
2024-01-15 17:00:00,16.2491,1,5.2498,1,36.2498,1
2024-01-15 17:30:00,16.2508,1,5.2502,1,36.2502,1
2024-01-15 18:00:00,16.2525,1,5.2505,1,36.2505,1
2024-01-15 18:30:00,16.2543,1,5.2509,1,36.2509,1
2024-01-15 19:00:00,16.2560,1,5.2512,1,36.2512,1
2024-01-15 19:30:00,16.2577,1,5.2515,1,36.2515,1
2024-01-15 20:00:00,16.2594,1,5.2519,1,36.2519,1
2024-01-15 20:30:00,16.2612,1,5.2522,1,36.2522,1
2024-01-15 21:00:00,16.2629,1,5.2526,1,36.2526,1
2024-01-15 21:30:00,16.2646,1,5.2529,1,36.2529,1
2024-01-15 22:00:00,16.2664,1,5.2533,1,36.2533,1
2024-01-15 22:30:00,16.2681,1,5.2536,1,36.2536,1
2024-01-15 23:00:00,16.2698,1,5.2540,1,36.2540,1
2024-01-15 23:30:00,16.2716,1,5.2543,1,36.2543,1
2024-01-16 00:00:00,16.2733,1,5.2547,1,36.2547,1
2024-01-16 00:30:00,16.2750,1,5.2550,1,36.2550,1
2024-01-16 01:00:00,16.2767,1,5.2553,1,36.2553,1
2024-01-16 01:30:00,16.2785,1,5.2557,1,36.2557,1
2024-01-16 02:00:00,16.2802,1,5.2560,1,36.2560,1
2024-01-16 02:30:00,16.2819,1,5.2564,1,36.2564,1
2024-01-16 03:00:00,16.2837,1,5.2567,1,36.2567,1
2024-01-16 03:30:00,16.2854,1,5.2571,1,36.2571,1
2024-01-16 04:00:00,16.2871,1,5.2574,1,36.2574,1
2024-01-16 04:30:00,16.2888,1,5.2578,1,36.2578,1
2024-01-16 05:00:00,16.2906,1,5.2581,1,36.2581,1
2024-01-16 05:30:00,16.2923,1,5.2585,1,36.2585,1
2024-01-16 06:00:00,16.2940,1,5.2588,1,36.2588,1
2024-01-16 06:30:00,16.2958,1,5.2592,1,36.2592,1
2024-01-16 07:00:00,16.2975,1,5.2595,1,36.2595,1
2024-01-16 07:30:00,16.2992,1,5.2598,1,36.2598,1
2024-01-16 08:00:00,16.3009,1,5.2602,1,36.2602,1
2024-01-16 08:30:00,16.3027,1,5.2605,1,36.2605,1
2024-01-16 09:00:00,16.3044,1,5.2609,1,36.2609,1
2024-01-16 09:30:00,16.3061,1,5.2612,1,36.2612,1
2024-01-16 10:00:00,16.3078,1,5.2616,1,36.2616,1
2024-01-16 10:30:00,16.3096,1,5.2619,1,36.2619,1
2024-01-16 11:00:00,16.3113,1,5.2623,1,36.2623,1
2024-01-16 11:30:00,16.3130,1,5.2626,1,36.2626,1
2024-01-16 12:00:00,16.3147,1,5.2629,1,36.2629,1
2024-01-16 12:30:00,16.3165,1,5.2633,1,36.2633,1
2024-01-16 13:00:00,16.3182,1,5.2636,1,36.2636,1
2024-01-16 13:30:00,16.3199,1,5.2640,1,36.2640,1
2024-01-16 14:00:00,16.3216,1,5.2643,1,36.2643,1
2024-01-16 14:30:00,16.3234,1,5.2647,1,36.2647,1
2024-01-16 15:00:00,16.3251,1,5.2650,1,36.2650,1
2024-01-16 15:30:00,16.3268,1,5.2654,1,36.2654,1
2024-01-16 16:00:00,16.3285,1,5.2657,1,36.2657,1
2024-01-16 16:30:00,16.3303,1,5.2661,1,36.2661,1
2024-01-16 17:00:00,16.3320,1,5.2664,1,36.2664,1
2024-01-16 17:30:00,16.3337,1,5.2667,1,36.2667,1
2024-01-16 18:00:00,16.3354,1,5.2671,1,36.2671,1
2024-01-16 18:30:00,16.3372,1,5.2674,1,36.2674,1
2024-01-16 19:00:00,16.3389,1,5.2678,1,36.2678,1
2024-01-16 19:30:00,16.3406,1,5.2681,1,36.2681,1
2024-01-16 20:00:00,16.3423,1,5.2685,1,36.2685,1
2024-01-16 20:30:00,16.3440,1,5.2688,1,36.2688,1
2024-01-16 21:00:00,16.3458,1,5.2692,1,36.2692,1
2024-01-16 21:30:00,16.3475,1,5.2695,1,36.2695,1
2024-01-16 22:00:00,16.3492,1,5.2698,1,36.2698,1
2024-01-16 22:30:00,16.3509,1,5.2702,1,36.2702,1
2024-01-16 23:00:00,16.3527,1,5.2705,1,36.2705,1
2024-01-16 23:30:00,16.3544,1,5.2709,1,36.2709,1
2024-01-17 00:00:00,16.3561,1,5.2712,1,36.2712,1
2024-01-17 00:30:00,16.3578,1,5.2716,1,36.2716,1
2024-01-17 01:00:00,16.3595,1,5.2719,1,36.2719,1
2024-01-17 01:30:00,16.3613,1,5.2723,1,36.2723,1
2024-01-17 02:00:00,16.3630,1,5.2726,1,36.2726,1
2024-01-17 02:30:00,16.3647,1,5.2729,1,36.2729,1
2024-01-17 03:00:00,16.3664,1,5.2733,1,36.2733,1
2024-01-17 03:30:00,16.3681,1,5.2736,1,36.2736,1
2024-01-17 04:00:00,16.3699,1,5.2740,1,36.2740,1
2024-01-17 04:30:00,16.3716,1,5.2743,1,36.2743,1
2024-01-17 05:00:00,16.3733,1,5.2747,1,36.2747,1
2024-01-17 05:30:00,16.3750,1,5.2750,1,36.2750,1
2024-01-17 06:00:00,16.3767,1,5.2753,1,36.2753,1
2024-01-17 06:30:00,16.3785,1,5.2757,1,36.2757,1
2024-01-17 07:00:00,16.3802,1,5.2760,1,36.2760,1
2024-01-17 07:30:00,16.3819,1,5.2764,1,36.2764,1
2024-01-17 08:00:00,16.3836,1,5.2767,1,36.2767,1
2024-01-17 08:30:00,16.3853,1,5.2771,1,36.2771,1
2024-01-17 09:00:00,16.3870,1,5.2774,1,36.2774,1
2024-01-17 09:30:00,16.3888,1,5.2778,1,36.2778,1
2024-01-17 10:00:00,16.3905,1,5.2781,1,36.2781,1
2024-01-17 10:30:00,16.3922,1,5.2784,1,36.2784,1
2024-01-17 11:00:00,16.3939,1,5.2788,1,36.2788,1
2024-01-17 11:30:00,16.3956,1,5.2791,1,36.2791,1
2024-01-17 12:00:00,16.3974,1,5.2795,1,36.2795,1
2024-01-17 12:30:00,16.3991,1,5.2798,1,36.2798,1
2024-01-17 13:00:00,16.4008,1,5.2802,1,36.2802,1
2024-01-17 13:30:00,16.4025,1,5.2805,1,36.2805,1
2024-01-17 14:00:00,16.4042,1,5.2808,1,36.2808,1
2024-01-17 14:30:00,16.4059,1,5.2812,1,36.2812,1
2024-01-17 15:00:00,16.4076,1,5.2815,1,36.2815,1
2024-01-17 15:30:00,16.4094,1,5.2819,1,36.2819,1
2024-01-17 16:00:00,16.4111,1,5.2822,1,36.2822,1
2024-01-17 16:30:00,16.4128,1,5.2826,1,36.2826,1
2024-01-17 17:00:00,16.4145,1,5.2829,1,36.2829,1
2024-01-17 17:30:00,16.4162,1,5.2832,1,36.2832,1
2024-01-17 18:00:00,16.4179,1,5.2836,1,36.2836,1
2024-01-17 18:30:00,16.4197,1,5.2839,1,36.2839,1
2024-01-17 19:00:00,16.4214,1,5.2843,1,36.2843,1
2024-01-17 19:30:00,16.4231,1,5.2846,1,36.2846,1
2024-01-17 20:00:00,16.4248,1,5.2850,1,36.2850,1
2024-01-17 20:30:00,16.4265,1,5.2853,1,36.2853,1
2024-01-17 21:00:00,16.4282,1,5.2856,1,36.2856,1
2024-01-17 21:30:00,16.4299,1,5.2860,1,36.2860,1
2024-01-17 22:00:00,16.4317,1,5.2863,1,36.2863,1
2024-01-17 22:30:00,16.4334,1,5.2867,1,36.2867,1
2024-01-17 23:00:00,16.4351,1,5.2870,1,36.2870,1
2024-01-17 23:30:00,16.4368,1,5.2874,1,36.2874,1
2024-01-18 00:00:00,16.4385,1,5.2877,1,36.2877,1
2024-01-18 00:30:00,16.4402,1,5.2880,1,36.2880,1
2024-01-18 01:00:00,16.4419,1,5.2884,1,36.2884,1
2024-01-18 01:30:00,16.4436,1,5.2887,1,36.2887,1
2024-01-18 02:00:00,16.4454,1,5.2891,1,36.2891,1
2024-01-18 02:30:00,16.4471,1,5.2894,1,36.2894,1
2024-01-18 03:00:00,16.4488,1,5.2898,1,36.2898,1
2024-01-18 03:30:00,16.4505,1,5.2901,1,36.2901,1
2024-01-18 04:00:00,16.4522,1,5.2904,1,36.2904,1
2024-01-18 04:30:00,16.4539,1,5.2908,1,36.2908,1
2024-01-18 05:00:00,16.4556,1,5.2911,1,36.2911,1
2024-01-18 05:30:00,16.4573,1,5.2915,1,36.2915,1
2024-01-18 06:00:00,16.4590,1,5.2918,1,36.2918,1
2024-01-18 06:30:00,16.4608,1,5.2922,1,36.2922,1
2024-01-18 07:00:00,16.4625,1,5.2925,1,36.2925,1
2024-01-18 07:30:00,16.4642,1,5.2928,1,36.2928,1
2024-01-18 08:00:00,16.4659,1,5.2932,1,36.2932,1
2024-01-18 08:30:00,16.4676,1,5.2935,1,36.2935,1
2024-01-18 09:00:00,16.4693,1,5.2939,1,36.2939,1
2024-01-18 09:30:00,16.4710,1,5.2942,1,36.2942,1
2024-01-18 10:00:00,16.4727,1,5.2945,1,36.2945,1
2024-01-18 10:30:00,16.4744,1,5.2949,1,36.2949,1
2024-01-18 11:00:00,16.4761,1,5.2952,1,36.2952,1
2024-01-18 11:30:00,16.4778,1,5.2956,1,36.2956,1
2024-01-18 12:00:00,16.4796,1,5.2959,1,36.2959,1
2024-01-18 12:30:00,16.4813,1,5.2963,1,36.2963,1
2024-01-18 13:00:00,16.4830,1,5.2966,1,36.2966,1
2024-01-18 13:30:00,16.4847,1,5.2969,1,36.2969,1
2024-01-18 14:00:00,16.4864,1,5.2973,1,36.2973,1
2024-01-18 14:30:00,16.4881,1,5.2976,1,36.2976,1
2024-01-18 15:00:00,16.4898,1,5.2980,1,36.2980,1
2024-01-18 15:30:00,16.4915,1,5.2983,1,36.2983,1
2024-01-18 16:00:00,16.4932,1,5.2986,1,36.2986,1
2024-01-18 16:30:00,16.4949,1,5.2990,1,36.2990,1
2024-01-18 17:00:00,16.4966,1,5.2993,1,36.2993,1
2024-01-18 17:30:00,16.4983,1,5.2997,1,36.2997,1
2024-01-18 18:00:00,16.5000,1,5.3000,1,36.3000,1
2024-01-18 18:30:00,16.5017,1,5.3003,1,36.3003,1
2024-01-18 19:00:00,16.5034,1,5.3007,1,36.3007,1
2024-01-18 19:30:00,16.5052,1,5.3010,1,36.3010,1
2024-01-18 20:00:00,16.5069,1,5.3014,1,36.3014,1
2024-01-18 20:30:00,16.5086,1,5.3017,1,36.3017,1
2024-01-18 21:00:00,16.5103,1,5.3021,1,36.3021,1
2024-01-18 21:30:00,16.5120,1,5.3024,1,36.3024,1
2024-01-18 22:00:00,16.5137,1,5.3027,1,36.3027,1
2024-01-18 22:30:00,16.5154,1,5.3031,1,36.3031,1
2024-01-18 23:00:00,16.5171,1,5.3034,1,36.3034,1
2024-01-18 23:30:00,16.5188,1,5.3038,1,36.3038,1
2024-01-19 00:00:00,16.5205,1,5.3041,1,36.3041,1
2024-01-19 00:30:00,16.5222,1,5.3044,1,36.3044,1
2024-01-19 01:00:00,16.5239,1,5.3048,1,36.3048,1
2024-01-19 01:30:00,16.5256,1,5.3051,1,36.3051,1
2024-01-19 02:00:00,16.5273,1,5.3055,1,36.3055,1
2024-01-19 02:30:00,16.5290,1,5.3058,1,36.3058,1
2024-01-19 03:00:00,16.5307,1,5.3061,1,36.3061,1
2024-01-19 03:30:00,16.5324,1,5.3065,1,36.3065,1
2024-01-19 04:00:00,16.5341,1,5.3068,1,36.3068,1
2024-01-19 04:30:00,16.5358,1,5.3072,1,36.3072,1
2024-01-19 05:00:00,16.5375,1,5.3075,1,36.3075,1
2024-01-19 05:30:00,16.5392,1,5.3078,1,36.3078,1
2024-01-19 06:00:00,16.5409,1,5.3082,1,36.3082,1
2024-01-19 06:30:00,16.5426,1,5.3085,1,36.3085,1
2024-01-19 07:00:00,16.5443,1,5.3089,1,36.3089,1
2024-01-19 07:30:00,16.5460,1,5.3092,1,36.3092,1
2024-01-19 08:00:00,16.5477,1,5.3095,1,36.3095,1
2024-01-19 08:30:00,16.5494,1,5.3099,1,36.3099,1
2024-01-19 09:00:00,16.5511,1,5.3102,1,36.3102,1
2024-01-19 09:30:00,16.5528,1,5.3106,1,36.3106,1
2024-01-19 10:00:00,16.5545,1,5.3109,1,36.3109,1
2024-01-19 10:30:00,16.5562,1,5.3112,1,36.3112,1
2024-01-19 11:00:00,16.5579,1,5.3116,1,36.3116,1
2024-01-19 11:30:00,16.5596,1,5.3119,1,36.3119,1
2024-01-19 12:00:00,16.5613,1,5.3123,1,36.3123,1
2024-01-19 12:30:00,16.5630,1,5.3126,1,36.3126,1
2024-01-19 13:00:00,16.5647,1,5.3129,1,36.3129,1
2024-01-19 13:30:00,16.5664,1,5.3133,1,36.3133,1
2024-01-19 14:00:00,16.5681,1,5.3136,1,36.3136,1
2024-01-19 14:30:00,16.5698,1,5.3140,1,36.3140,1
2024-01-19 15:00:00,16.5715,1,5.3143,1,36.3143,1
2024-01-19 15:30:00,16.5732,1,5.3146,1,36.3146,1
2024-01-19 16:00:00,16.5749,1,5.3150,1,36.3150,1
2024-01-19 16:30:00,16.5766,1,5.3153,1,36.3153,1
2024-01-19 17:00:00,16.5783,1,5.3157,1,36.3157,1
2024-01-19 17:30:00,16.5800,1,5.3160,1,36.3160,1
2024-01-19 18:00:00,16.5817,1,5.3163,1,36.3163,1
2024-01-19 18:30:00,16.5834,1,5.3167,1,36.3167,1
2024-01-19 19:00:00,16.5851,1,5.3170,1,36.3170,1
2024-01-19 19:30:00,16.5868,1,5.3174,1,36.3174,1
2024-01-19 20:00:00,16.5885,1,5.3177,1,36.3177,1
2024-01-19 20:30:00,16.5902,1,5.3180,1,36.3180,1
2024-01-19 21:00:00,16.5919,1,5.3184,1,36.3184,1
2024-01-19 21:30:00,16.5936,1,5.3187,1,36.3187,1
2024-01-19 22:00:00,16.5953,1,5.3191,1,36.3191,1
2024-01-19 22:30:00,16.5969,1,5.3194,1,36.3194,1
2024-01-19 23:00:00,16.5986,1,5.3197,1,36.3197,1
2024-01-19 23:30:00,16.6003,1,5.3201,1,36.3201,1
2024-01-20 00:00:00,16.6020,1,5.3204,1,36.3204,1
2024-01-20 00:30:00,16.6037,1,5.3207,1,36.3207,1
2024-01-20 01:00:00,16.6054,1,5.3211,1,36.3211,1
2024-01-20 01:30:00,16.6071,1,5.3214,1,36.3214,1
2024-01-20 02:00:00,16.6088,1,5.3218,1,36.3218,1
2024-01-20 02:30:00,16.6105,1,5.3221,1,36.3221,1
2024-01-20 03:00:00,16.6122,1,5.3224,1,36.3224,1
2024-01-20 03:30:00,16.6139,1,5.3228,1,36.3228,1
2024-01-20 04:00:00,16.6156,1,5.3231,1,36.3231,1
2024-01-20 04:30:00,16.6173,1,5.3235,1,36.3235,1
2024-01-20 05:00:00,16.6190,1,5.3238,1,36.3238,1
2024-01-20 05:30:00,16.6206,1,5.3241,1,36.3241,1
2024-01-20 06:00:00,16.6223,1,5.3245,1,36.3245,1
2024-01-20 06:30:00,16.6240,1,5.3248,1,36.3248,1
2024-01-20 07:00:00,16.6257,1,5.3251,1,36.3251,1
2024-01-20 07:30:00,16.6274,1,5.3255,1,36.3255,1
2024-01-20 08:00:00,16.6291,1,5.3258,1,36.3258,1
2024-01-20 08:30:00,16.6308,1,5.3262,1,36.3262,1
2024-01-20 09:00:00,16.6325,1,5.3265,1,36.3265,1
2024-01-20 09:30:00,16.6342,1,5.3268,1,36.3268,1
2024-01-20 10:00:00,16.6359,1,5.3272,1,36.3272,1
2024-01-20 10:30:00,16.6376,1,5.3275,1,36.3275,1
2024-01-20 11:00:00,16.6392,1,5.3278,1,36.3278,1
2024-01-20 11:30:00,16.6409,1,5.3282,1,36.3282,1
2024-01-20 12:00:00,16.6426,1,5.3285,1,36.3285,1
2024-01-20 12:30:00,16.6443,1,5.3289,1,36.3289,1
2024-01-20 13:00:00,16.6460,1,5.3292,1,36.3292,1
2024-01-20 13:30:00,16.6477,1,5.3295,1,36.3295,1
2024-01-20 14:00:00,16.6494,1,5.3299,1,36.3299,1
2024-01-20 14:30:00,16.6511,1,5.3302,1,36.3302,1
2024-01-20 15:00:00,16.6528,1,5.3306,1,36.3306,1
2024-01-20 15:30:00,16.6544,1,5.3309,1,36.3309,1
2024-01-20 16:00:00,16.6561,1,5.3312,1,36.3312,1
2024-01-20 16:30:00,16.6578,1,5.3316,1,36.3316,1
2024-01-20 17:00:00,16.6595,1,5.3319,1,36.3319,1
2024-01-20 17:30:00,16.6612,1,5.3322,1,36.3322,1
2024-01-20 18:00:00,16.6629,1,5.3326,1,36.3326,1
2024-01-20 18:30:00,16.6646,1,5.3329,1,36.3329,1
2024-01-20 19:00:00,16.6662,1,5.3332,1,36.3332,1
2024-01-20 19:30:00,16.6679,1,5.3336,1,36.3336,1
2024-01-20 20:00:00,16.6696,1,5.3339,1,36.3339,1
2024-01-20 20:30:00,16.6713,1,5.3343,1,36.3343,1
2024-01-20 21:00:00,16.6730,1,5.3346,1,36.3346,1
2024-01-20 21:30:00,16.6747,1,5.3349,1,36.3349,1
2024-01-20 22:00:00,16.6764,1,5.3353,1,36.3353,1
2024-01-20 22:30:00,16.6780,1,5.3356,1,36.3356,1
2024-01-20 23:00:00,16.6797,1,5.3359,1,36.3359,1
2024-01-20 23:30:00,16.6814,1,5.3363,1,36.3363,1
2024-01-21 00:00:00,16.6831,1,5.3366,1,36.3366,1
2024-01-21 00:30:00,16.6848,1,5.3370,1,36.3370,1
2024-01-21 01:00:00,16.6865,1,5.3373,1,36.3373,1
2024-01-21 01:30:00,16.6881,1,5.3376,1,36.3376,1
2024-01-21 02:00:00,16.6898,1,5.3380,1,36.3380,1
2024-01-21 02:30:00,16.6915,1,5.3383,1,36.3383,1
2024-01-21 03:00:00,16.6932,1,5.3386,1,36.3386,1
2024-01-21 03:30:00,16.6949,1,5.3390,1,36.3390,1
2024-01-21 04:00:00,16.6966,1,5.3393,1,36.3393,1
2024-01-21 04:30:00,16.6982,1,5.3396,1,36.3396,1
2024-01-21 05:00:00,16.6999,1,5.3400,1,36.3400,1
2024-01-21 05:30:00,16.7016,1,5.3403,1,36.3403,1
2024-01-21 06:00:00,16.7033,1,5.3407,1,36.3407,1
2024-01-21 06:30:00,16.7050,1,5.3410,1,36.3410,1
2024-01-21 07:00:00,16.7066,1,5.3413,1,36.3413,1
2024-01-21 07:30:00,16.7083,1,5.3417,1,36.3417,1
2024-01-21 08:00:00,16.7100,1,5.3420,1,36.3420,1
2024-01-21 08:30:00,16.7117,1,5.3423,1,36.3423,1
2024-01-21 09:00:00,16.7134,1,5.3427,1,36.3427,1
2024-01-21 09:30:00,16.7150,1,5.3430,1,36.3430,1
2024-01-21 10:00:00,16.7167,1,5.3433,1,36.3433,1
2024-01-21 10:30:00,16.7184,1,5.3437,1,36.3437,1
2024-01-21 11:00:00,16.7201,1,5.3440,1,36.3440,1
2024-01-21 11:30:00,16.7218,1,5.3444,1,36.3444,1
2024-01-21 12:00:00,16.7234,1,5.3447,1,36.3447,1
2024-01-21 12:30:00,16.7251,1,5.3450,1,36.3450,1
2024-01-21 13:00:00,16.7268,1,5.3454,1,36.3454,1
2024-01-21 13:30:00,16.7285,1,5.3457,1,36.3457,1
2024-01-21 14:00:00,16.7302,1,5.3460,1,36.3460,1
2024-01-21 14:30:00,16.7318,1,5.3464,1,36.3464,1
2024-01-21 15:00:00,16.7335,1,5.3467,1,36.3467,1
2024-01-21 15:30:00,16.7352,1,5.3470,1,36.3470,1
2024-01-21 16:00:00,16.7369,1,5.3474,1,36.3474,1
2024-01-21 16:30:00,16.7385,1,5.3477,1,36.3477,1
2024-01-21 17:00:00,16.7402,1,5.3480,1,36.3480,1
2024-01-21 17:30:00,16.7419,1,5.3484,1,36.3484,1
2024-01-21 18:00:00,16.7436,1,5.3487,1,36.3487,1
2024-01-21 18:30:00,16.7452,1,5.3490,1,36.3490,1
2024-01-21 19:00:00,16.7469,1,5.3494,1,36.3494,1
2024-01-21 19:30:00,16.7486,1,5.3497,1,36.3497,1
2024-01-21 20:00:00,16.7503,1,5.3501,1,36.3501,1
2024-01-21 20:30:00,16.7519,1,5.3504,1,36.3504,1
2024-01-21 21:00:00,16.7536,1,5.3507,1,36.3507,1
2024-01-21 21:30:00,16.7553,1,5.3511,1,36.3511,1
2024-01-21 22:00:00,16.7570,1,5.3514,1,36.3514,1
2024-01-21 22:30:00,16.7586,1,5.3517,1,36.3517,1
2024-01-21 23:00:00,16.7603,1,5.3521,1,36.3521,1
2024-01-21 23:30:00,16.7620,1,5.3524,1,36.3524,1
2024-01-22 00:00:00,16.7637,1,5.3527,1,36.3527,1
2024-01-22 00:30:00,16.7653,1,5.3531,1,36.3531,1
2024-01-22 01:00:00,16.7670,1,5.3534,1,36.3534,1
2024-01-22 01:30:00,16.7687,1,5.3537,1,36.3537,1
2024-01-22 02:00:00,16.7704,1,5.3541,1,36.3541,1
2024-01-22 02:30:00,16.7720,1,5.3544,1,36.3544,1
2024-01-22 03:00:00,16.7737,1,5.3547,1,36.3547,1
2024-01-22 03:30:00,16.7754,1,5.3551,1,36.3551,1
2024-01-22 04:00:00,16.7770,1,5.3554,1,36.3554,1
2024-01-22 04:30:00,16.7787,1,5.3557,1,36.3557,1
2024-01-22 05:00:00,16.7804,1,5.3561,1,36.3561,1
2024-01-22 05:30:00,16.7821,1,5.3564,1,36.3564,1
2024-01-22 06:00:00,16.7837,1,5.3567,1,36.3567,1
2024-01-22 06:30:00,16.7854,1,5.3571,1,36.3571,1
2024-01-22 07:00:00,16.7871,1,5.3574,1,36.3574,1
2024-01-22 07:30:00,16.7887,1,5.3577,1,36.3577,1
2024-01-22 08:00:00,16.7904,1,5.3581,1,36.3581,1
2024-01-22 08:30:00,16.7921,1,5.3584,1,36.3584,1
2024-01-22 09:00:00,16.7937,1,5.3587,1,36.3587,1
2024-01-22 09:30:00,16.7954,1,5.3591,1,36.3591,1
2024-01-22 10:00:00,16.7971,1,5.3594,1,36.3594,1
2024-01-22 10:30:00,16.7988,1,5.3598,1,36.3598,1
2024-01-22 11:00:00,16.8004,1,5.3601,1,36.3601,1
2024-01-22 11:30:00,16.8021,1,5.3604,1,36.3604,1
2024-01-22 12:00:00,16.8038,1,5.3608,1,36.3608,1
2024-01-22 12:30:00,16.8054,1,5.3611,1,36.3611,1
2024-01-22 13:00:00,16.8071,1,5.3614,1,36.3614,1
2024-01-22 13:30:00,16.8088,1,5.3618,1,36.3618,1
2024-01-22 14:00:00,16.8104,1,5.3621,1,36.3621,1
2024-01-22 14:30:00,16.8121,1,5.3624,1,36.3624,1
2024-01-22 15:00:00,16.8138,1,5.3628,1,36.3628,1
2024-01-22 15:30:00,16.8154,1,5.3631,1,36.3631,1
2024-01-22 16:00:00,16.8171,1,5.3634,1,36.3634,1
2024-01-22 16:30:00,16.8188,1,5.3638,1,36.3638,1
2024-01-22 17:00:00,16.8204,1,5.3641,1,36.3641,1
2024-01-22 17:30:00,16.8221,1,5.3644,1,36.3644,1
2024-01-22 18:00:00,16.8238,1,5.3648,1,36.3648,1
2024-01-22 18:30:00,16.8254,1,5.3651,1,36.3651,1
2024-01-22 19:00:00,16.8271,1,5.3654,1,36.3654,1
2024-01-22 19:30:00,16.8287,1,5.3657,1,36.3657,1
2024-01-22 20:00:00,16.8304,1,5.3661,1,36.3661,1
2024-01-22 20:30:00,16.8321,1,5.3664,1,36.3664,1
2024-01-22 21:00:00,16.8337,1,5.3667,1,36.3667,1
2024-01-22 21:30:00,16.8354,1,5.3671,1,36.3671,1
2024-01-22 22:00:00,16.8371,1,5.3674,1,36.3674,1
2024-01-22 22:30:00,16.8387,1,5.3677,1,36.3677,1
2024-01-22 23:00:00,16.8404,1,5.3681,1,36.3681,1
2024-01-22 23:30:00,16.8421,1,5.3684,1,36.3684,1
2024-01-23 00:00:00,16.8437,1,5.3687,1,36.3687,1
2024-01-23 00:30:00,16.8454,1,5.3691,1,36.3691,1
2024-01-23 01:00:00,16.8470,1,5.3694,1,36.3694,1
2024-01-23 01:30:00,16.8487,1,5.3697,1,36.3697,1
2024-01-23 02:00:00,16.8504,1,5.3701,1,36.3701,1
2024-01-23 02:30:00,16.8520,1,5.3704,1,36.3704,1
2024-01-23 03:00:00,16.8537,1,5.3707,1,36.3707,1
2024-01-23 03:30:00,16.8553,1,5.3711,1,36.3711,1
2024-01-23 04:00:00,16.8570,1,5.3714,1,36.3714,1
2024-01-23 04:30:00,16.8587,1,5.3717,1,36.3717,1
2024-01-23 05:00:00,16.8603,1,5.3721,1,36.3721,1
2024-01-23 05:30:00,16.8620,1,5.3724,1,36.3724,1
2024-01-23 06:00:00,16.8636,1,5.3727,1,36.3727,1
2024-01-23 06:30:00,16.8653,1,5.3731,1,36.3731,1
2024-01-23 07:00:00,16.8670,1,5.3734,1,36.3734,1
2024-01-23 07:30:00,16.8686,1,5.3737,1,36.3737,1
2024-01-23 08:00:00,16.8703,1,5.3741,1,36.3741,1
2024-01-23 08:30:00,16.8719,1,5.3744,1,36.3744,1
2024-01-23 09:00:00,16.8736,1,5.3747,1,36.3747,1
2024-01-23 09:30:00,16.8753,1,5.3751,1,36.3751,1
2024-01-23 10:00:00,16.8769,1,5.3754,1,36.3754,1
2024-01-23 10:30:00,16.8786,1,5.3757,1,36.3757,1
2024-01-23 11:00:00,16.8802,1,5.3760,1,36.3760,1
2024-01-23 11:30:00,16.8819,1,5.3764,1,36.3764,1
2024-01-23 12:00:00,16.8835,1,5.3767,1,36.3767,1
2024-01-23 12:30:00,16.8852,1,5.3770,1,36.3770,1
2024-01-23 13:00:00,16.8868,1,5.3774,1,36.3774,1
2024-01-23 13:30:00,16.8885,1,5.3777,1,36.3777,1
2024-01-23 14:00:00,16.8902,1,5.3780,1,36.3780,1
2024-01-23 14:30:00,16.8918,1,5.3784,1,36.3784,1
2024-01-23 15:00:00,16.8935,1,5.3787,1,36.3787,1
2024-01-23 15:30:00,16.8951,1,5.3790,1,36.3790,1
2024-01-23 16:00:00,16.8968,1,5.3794,1,36.3794,1
2024-01-23 16:30:00,16.8984,1,5.3797,1,36.3797,1
2024-01-23 17:00:00,16.9001,1,5.3800,1,36.3800,1
2024-01-23 17:30:00,16.9017,1,5.3803,1,36.3803,1
2024-01-23 18:00:00,16.9034,1,5.3807,1,36.3807,1
2024-01-23 18:30:00,16.9051,1,5.3810,1,36.3810,1
2024-01-23 19:00:00,16.9067,1,5.3813,1,36.3813,1
2024-01-23 19:30:00,16.9084,1,5.3817,1,36.3817,1
2024-01-23 20:00:00,16.9100,1,5.3820,1,36.3820,1
2024-01-23 20:30:00,16.9117,1,5.3823,1,36.3823,1
2024-01-23 21:00:00,16.9133,1,5.3827,1,36.3827,1
2024-01-23 21:30:00,16.9150,1,5.3830,1,36.3830,1
2024-01-23 22:00:00,16.9166,1,5.3833,1,36.3833,1
2024-01-23 22:30:00,16.9183,1,5.3837,1,36.3837,1
2024-01-23 23:00:00,16.9199,1,5.3840,1,36.3840,1
2024-01-23 23:30:00,16.9216,1,5.3843,1,36.3843,1
2024-01-24 00:00:00,16.9232,1,5.3846,1,36.3846,1
2024-01-24 00:30:00,16.9249,1,5.3850,1,36.3850,1
2024-01-24 01:00:00,16.9265,1,5.3853,1,36.3853,1
2024-01-24 01:30:00,16.9282,1,5.3856,1,36.3856,1
2024-01-24 02:00:00,16.9298,1,5.3860,1,36.3860,1
2024-01-24 02:30:00,16.9315,1,5.3863,1,36.3863,1
2024-01-24 03:00:00,16.9331,1,5.3866,1,36.3866,1
2024-01-24 03:30:00,16.9348,1,5.3870,1,36.3870,1
2024-01-24 04:00:00,16.9364,1,5.3873,1,36.3873,1
2024-01-24 04:30:00,16.9381,1,5.3876,1,36.3876,1
2024-01-24 05:00:00,16.9397,1,5.3879,1,36.3879,1
2024-01-24 05:30:00,16.9414,1,5.3883,1,36.3883,1
2024-01-24 06:00:00,16.9430,1,5.3886,1,36.3886,1
2024-01-24 06:30:00,16.9447,1,5.3889,1,36.3889,1
2024-01-24 07:00:00,16.9463,1,5.3893,1,36.3893,1
2024-01-24 07:30:00,16.9480,1,5.3896,1,36.3896,1
2024-01-24 08:00:00,16.9496,1,5.3899,1,36.3899,1
2024-01-24 08:30:00,16.9512,1,5.3902,1,36.3902,1
2024-01-24 09:00:00,16.9529,1,5.3906,1,36.3906,1
2024-01-24 09:30:00,16.9545,1,5.3909,1,36.3909,1
2024-01-24 10:00:00,16.9562,1,5.3912,1,36.3912,1
2024-01-24 10:30:00,16.9578,1,5.3916,1,36.3916,1
2024-01-24 11:00:00,16.9595,1,5.3919,1,36.3919,1
2024-01-24 11:30:00,16.9611,1,5.3922,1,36.3922,1
2024-01-24 12:00:00,16.9628,1,5.3926,1,36.3926,1
2024-01-24 12:30:00,16.9644,1,5.3929,1,36.3929,1
2024-01-24 13:00:00,16.9661,1,5.3932,1,36.3932,1
2024-01-24 13:30:00,16.9677,1,5.3935,1,36.3935,1
2024-01-24 14:00:00,16.9693,1,5.3939,1,36.3939,1
2024-01-24 14:30:00,16.9710,1,5.3942,1,36.3942,1
2024-01-24 15:00:00,16.9726,1,5.3945,1,36.3945,1
2024-01-24 15:30:00,16.9743,1,5.3949,1,36.3949,1
2024-01-24 16:00:00,16.9759,1,5.3952,1,36.3952,1
2024-01-24 16:30:00,16.9776,1,5.3955,1,36.3955,1
2024-01-24 17:00:00,16.9792,1,5.3958,1,36.3958,1
2024-01-24 17:30:00,16.9808,1,5.3962,1,36.3962,1
2024-01-24 18:00:00,16.9825,1,5.3965,1,36.3965,1
2024-01-24 18:30:00,16.9841,1,5.3968,1,36.3968,1
2024-01-24 19:00:00,16.9858,1,5.3972,1,36.3972,1
2024-01-24 19:30:00,16.9874,1,5.3975,1,36.3975,1
2024-01-24 20:00:00,16.9890,1,5.3978,1,36.3978,1
2024-01-24 20:30:00,16.9907,1,5.3981,1,36.3981,1
2024-01-24 21:00:00,16.9923,1,5.3985,1,36.3985,1
2024-01-24 21:30:00,16.9940,1,5.3988,1,36.3988,1
2024-01-24 22:00:00,16.9956,1,5.3991,1,36.3991,1
2024-01-24 22:30:00,16.9972,1,5.3994,1,36.3994,1
2024-01-24 23:00:00,16.9989,1,5.3998,1,36.3998,1
2024-01-24 23:30:00,17.0005,1,5.4001,1,36.4001,1
2024-01-25 00:00:00,17.0022,1,5.4004,1,36.4004,1
2024-01-25 00:30:00,17.0038,1,5.4008,1,36.4008,1
2024-01-25 01:00:00,17.0054,1,5.4011,1,36.4011,1
2024-01-25 01:30:00,17.0071,1,5.4014,1,36.4014,1
2024-01-25 02:00:00,17.0087,1,5.4017,1,36.4017,1
2024-01-25 02:30:00,17.0104,1,5.4021,1,36.4021,1
2024-01-25 03:00:00,17.0120,1,5.4024,1,36.4024,1
2024-01-25 03:30:00,17.0136,1,5.4027,1,36.4027,1
2024-01-25 04:00:00,17.0153,1,5.4031,1,36.4031,1
2024-01-25 04:30:00,17.0169,1,5.4034,1,36.4034,1
2024-01-25 05:00:00,17.0185,1,5.4037,1,36.4037,1
2024-01-25 05:30:00,17.0202,1,5.4040,1,36.4040,1
2024-01-25 06:00:00,17.0218,1,5.4044,1,36.4044,1
2024-01-25 06:30:00,17.0234,1,5.4047,1,36.4047,1
2024-01-25 07:00:00,17.0251,1,5.4050,1,36.4050,1
2024-01-25 07:30:00,17.0267,1,5.4053,1,36.4053,1
2024-01-25 08:00:00,17.0283,1,5.4057,1,36.4057,1
2024-01-25 08:30:00,17.0300,1,5.4060,1,36.4060,1
2024-01-25 09:00:00,17.0316,1,5.4063,1,36.4063,1
2024-01-25 09:30:00,17.0332,1,5.4066,1,36.4066,1
2024-01-25 10:00:00,17.0349,1,5.4070,1,36.4070,1
2024-01-25 10:30:00,17.0365,1,5.4073,1,36.4073,1
2024-01-25 11:00:00,17.0381,1,5.4076,1,36.4076,1
2024-01-25 11:30:00,17.0398,1,5.4080,1,36.4080,1
2024-01-25 12:00:00,17.0414,1,5.4083,1,36.4083,1
2024-01-25 12:30:00,17.0430,1,5.4086,1,36.4086,1
2024-01-25 13:00:00,17.0447,1,5.4089,1,36.4089,1
2024-01-25 13:30:00,17.0463,1,5.4093,1,36.4093,1
2024-01-25 14:00:00,17.0479,1,5.4096,1,36.4096,1
2024-01-25 14:30:00,17.0496,1,5.4099,1,36.4099,1
2024-01-25 15:00:00,17.0512,1,5.4102,1,36.4102,1
2024-01-25 15:30:00,17.0528,1,5.4106,1,36.4106,1
2024-01-25 16:00:00,17.0545,1,5.4109,1,36.4109,1
2024-01-25 16:30:00,17.0561,1,5.4112,1,36.4112,1
2024-01-25 17:00:00,17.0577,1,5.4115,1,36.4115,1
2024-01-25 17:30:00,17.0594,1,5.4119,1,36.4119,1
2024-01-25 18:00:00,17.0610,1,5.4122,1,36.4122,1
2024-01-25 18:30:00,17.0626,1,5.4125,1,36.4125,1
2024-01-25 19:00:00,17.0642,1,5.4128,1,36.4128,1
2024-01-25 19:30:00,17.0659,1,5.4132,1,36.4132,1
2024-01-25 20:00:00,17.0675,1,5.4135,1,36.4135,1
2024-01-25 20:30:00,17.0691,1,5.4138,1,36.4138,1
2024-01-25 21:00:00,17.0708,1,5.4142,1,36.4142,1
2024-01-25 21:30:00,17.0724,1,5.4145,1,36.4145,1
2024-01-25 22:00:00,17.0740,1,5.4148,1,36.4148,1
2024-01-25 22:30:00,17.0756,1,5.4151,1,36.4151,1
2024-01-25 23:00:00,17.0773,1,5.4155,1,36.4155,1
2024-01-25 23:30:00,17.0789,1,5.4158,1,36.4158,1
2024-01-26 00:00:00,17.0805,1,5.4161,1,36.4161,1
2024-01-26 00:30:00,17.0821,1,5.4164,1,36.4164,1
2024-01-26 01:00:00,17.0838,1,5.4168,1,36.4168,1
2024-01-26 01:30:00,17.0854,1,5.4171,1,36.4171,1
2024-01-26 02:00:00,17.0870,1,5.4174,1,36.4174,1
2024-01-26 02:30:00,17.0886,1,5.4177,1,36.4177,1
2024-01-26 03:00:00,17.0903,1,5.4181,1,36.4181,1
2024-01-26 03:30:00,17.0919,1,5.4184,1,36.4184,1
2024-01-26 04:00:00,17.0935,1,5.4187,1,36.4187,1
2024-01-26 04:30:00,17.0951,1,5.4190,1,36.4190,1
2024-01-26 05:00:00,17.0968,1,5.4194,1,36.4194,1
2024-01-26 05:30:00,17.0984,1,5.4197,1,36.4197,1
2024-01-26 06:00:00,17.1000,1,5.4200,1,36.4200,1
2024-01-26 06:30:00,17.1016,1,5.4203,1,36.4203,1
2024-01-26 07:00:00,17.1033,1,5.4207,1,36.4207,1
2024-01-26 07:30:00,17.1049,1,5.4210,1,36.4210,1
2024-01-26 08:00:00,17.1065,1,5.4213,1,36.4213,1
2024-01-26 08:30:00,17.1081,1,5.4216,1,36.4216,1
2024-01-26 09:00:00,17.1097,1,5.4219,1,36.4219,1
2024-01-26 09:30:00,17.1114,1,5.4223,1,36.4223,1
2024-01-26 10:00:00,17.1130,1,5.4226,1,36.4226,1
2024-01-26 10:30:00,17.1146,1,5.4229,1,36.4229,1
2024-01-26 11:00:00,17.1162,1,5.4232,1,36.4232,1
2024-01-26 11:30:00,17.1178,1,5.4236,1,36.4236,1
2024-01-26 12:00:00,17.1195,1,5.4239,1,36.4239,1
2024-01-26 12:30:00,17.1211,1,5.4242,1,36.4242,1
2024-01-26 13:00:00,17.1227,1,5.4245,1,36.4245,1
2024-01-26 13:30:00,17.1243,1,5.4249,1,36.4249,1
2024-01-26 14:00:00,17.1259,1,5.4252,1,36.4252,1
2024-01-26 14:30:00,17.1276,1,5.4255,1,36.4255,1
2024-01-26 15:00:00,17.1292,1,5.4258,1,36.4258,1
2024-01-26 15:30:00,17.1308,1,5.4262,1,36.4262,1
2024-01-26 16:00:00,17.1324,1,5.4265,1,36.4265,1
2024-01-26 16:30:00,17.1340,1,5.4268,1,36.4268,1
2024-01-26 17:00:00,17.1356,1,5.4271,1,36.4271,1
2024-01-26 17:30:00,17.1373,1,5.4275,1,36.4275,1
2024-01-26 18:00:00,17.1389,1,5.4278,1,36.4278,1
2024-01-26 18:30:00,17.1405,1,5.4281,1,36.4281,1
2024-01-26 19:00:00,17.1421,1,5.4284,1,36.4284,1
2024-01-26 19:30:00,17.1437,1,5.4287,1,36.4287,1
2024-01-26 20:00:00,17.1453,1,5.4291,1,36.4291,1
2024-01-26 20:30:00,17.1470,1,5.4294,1,36.4294,1
2024-01-26 21:00:00,17.1486,1,5.4297,1,36.4297,1
2024-01-26 21:30:00,17.1502,1,5.4300,1,36.4300,1
2024-01-26 22:00:00,17.1518,1,5.4304,1,36.4304,1
2024-01-26 22:30:00,17.1534,1,5.4307,1,36.4307,1
2024-01-26 23:00:00,17.1550,1,5.4310,1,36.4310,1
2024-01-26 23:30:00,17.1566,1,5.4313,1,36.4313,1
2024-01-27 00:00:00,17.1582,1,5.4316,1,36.4316,1
2024-01-27 00:30:00,17.1599,1,5.4320,1,36.4320,1
2024-01-27 01:00:00,17.1615,1,5.4323,1,36.4323,1
2024-01-27 01:30:00,17.1631,1,5.4326,1,36.4326,1
2024-01-27 02:00:00,17.1647,1,5.4329,1,36.4329,1
2024-01-27 02:30:00,17.1663,1,5.4333,1,36.4333,1
2024-01-27 03:00:00,17.1679,1,5.4336,1,36.4336,1
2024-01-27 03:30:00,17.1695,1,5.4339,1,36.4339,1
2024-01-27 04:00:00,17.1711,1,5.4342,1,36.4342,1
2024-01-27 04:30:00,17.1728,1,5.4346,1,36.4346,1
2024-01-27 05:00:00,17.1744,1,5.4349,1,36.4349,1
2024-01-27 05:30:00,17.1760,1,5.4352,1,36.4352,1
2024-01-27 06:00:00,17.1776,1,5.4355,1,36.4355,1
2024-01-27 06:30:00,17.1792,1,5.4358,1,36.4358,1
2024-01-27 07:00:00,17.1808,1,5.4362,1,36.4362,1
2024-01-27 07:30:00,17.1824,1,5.4365,1,36.4365,1
2024-01-27 08:00:00,17.1840,1,5.4368,1,36.4368,1
2024-01-27 08:30:00,17.1856,1,5.4371,1,36.4371,1
2024-01-27 09:00:00,17.1872,1,5.4374,1,36.4374,1
2024-01-27 09:30:00,17.1888,1,5.4378,1,36.4378,1
2024-01-27 10:00:00,17.1905,1,5.4381,1,36.4381,1
2024-01-27 10:30:00,17.1921,1,5.4384,1,36.4384,1
2024-01-27 11:00:00,17.1937,1,5.4387,1,36.4387,1
2024-01-27 11:30:00,17.1953,1,5.4391,1,36.4391,1
2024-01-27 12:00:00,17.1969,1,5.4394,1,36.4394,1
2024-01-27 12:30:00,17.1985,1,5.4397,1,36.4397,1
2024-01-27 13:00:00,17.2001,1,5.4400,1,36.4400,1
2024-01-27 13:30:00,17.2017,1,5.4403,1,36.4403,1
2024-01-27 14:00:00,17.2033,1,5.4407,1,36.4407,1
2024-01-27 14:30:00,17.2049,1,5.4410,1,36.4410,1
2024-01-27 15:00:00,17.2065,1,5.4413,1,36.4413,1
2024-01-27 15:30:00,17.2081,1,5.4416,1,36.4416,1
2024-01-27 16:00:00,17.2097,1,5.4419,1,36.4419,1
2024-01-27 16:30:00,17.2113,1,5.4423,1,36.4423,1
2024-01-27 17:00:00,17.2129,1,5.4426,1,36.4426,1
2024-01-27 17:30:00,17.2145,1,5.4429,1,36.4429,1
2024-01-27 18:00:00,17.2161,1,5.4432,1,36.4432,1
2024-01-27 18:30:00,17.2177,1,5.4435,1,36.4435,1
2024-01-27 19:00:00,17.2193,1,5.4439,1,36.4439,1
2024-01-27 19:30:00,17.2209,1,5.4442,1,36.4442,1
2024-01-27 20:00:00,17.2225,1,5.4445,1,36.4445,1
2024-01-27 20:30:00,17.2241,1,5.4448,1,36.4448,1
2024-01-27 21:00:00,17.2257,1,5.4451,1,36.4451,1
2024-01-27 21:30:00,17.2273,1,5.4455,1,36.4455,1
2024-01-27 22:00:00,17.2290,1,5.4458,1,36.4458,1
2024-01-27 22:30:00,17.2306,1,5.4461,1,36.4461,1
2024-01-27 23:00:00,17.2322,1,5.4464,1,36.4464,1
2024-01-27 23:30:00,17.2338,1,5.4468,1,36.4468,1
2024-01-28 00:00:00,17.2354,1,5.4471,1,36.4471,1
2024-01-28 00:30:00,17.2370,1,5.4474,1,36.4474,1
2024-01-28 01:00:00,17.2385,1,5.4477,1,36.4477,1
2024-01-28 01:30:00,17.2401,1,5.4480,1,36.4480,1
2024-01-28 02:00:00,17.2417,1,5.4483,1,36.4483,1
2024-01-28 02:30:00,17.2433,1,5.4487,1,36.4487,1
2024-01-28 03:00:00,17.2449,1,5.4490,1,36.4490,1
2024-01-28 03:30:00,17.2465,1,5.4493,1,36.4493,1
2024-01-28 04:00:00,17.2481,1,5.4496,1,36.4496,1
2024-01-28 04:30:00,17.2497,1,5.4499,1,36.4499,1
2024-01-28 05:00:00,17.2513,1,5.4503,1,36.4503,1
2024-01-28 05:30:00,17.2529,1,5.4506,1,36.4506,1
2024-01-28 06:00:00,17.2545,1,5.4509,1,36.4509,1
2024-01-28 06:30:00,17.2561,1,5.4512,1,36.4512,1
2024-01-28 07:00:00,17.2577,1,5.4515,1,36.4515,1
2024-01-28 07:30:00,17.2593,1,5.4519,1,36.4519,1
2024-01-28 08:00:00,17.2609,1,5.4522,1,36.4522,1
2024-01-28 08:30:00,17.2625,1,5.4525,1,36.4525,1
2024-01-28 09:00:00,17.2641,1,5.4528,1,36.4528,1
2024-01-28 09:30:00,17.2657,1,5.4531,1,36.4531,1
2024-01-28 10:00:00,17.2673,1,5.4535,1,36.4535,1
2024-01-28 10:30:00,17.2689,1,5.4538,1,36.4538,1
2024-01-28 11:00:00,17.2705,1,5.4541,1,36.4541,1
2024-01-28 11:30:00,17.2721,1,5.4544,1,36.4544,1
2024-01-28 12:00:00,17.2737,1,5.4547,1,36.4547,1
2024-01-28 12:30:00,17.2752,1,5.4550,1,36.4550,1
2024-01-28 13:00:00,17.2768,1,5.4554,1,36.4554,1
2024-01-28 13:30:00,17.2784,1,5.4557,1,36.4557,1
2024-01-28 14:00:00,17.2800,1,5.4560,1,36.4560,1
2024-01-28 14:30:00,17.2816,1,5.4563,1,36.4563,1
2024-01-28 15:00:00,17.2832,1,5.4566,1,36.4566,1
2024-01-28 15:30:00,17.2848,1,5.4570,1,36.4570,1
2024-01-28 16:00:00,17.2864,1,5.4573,1,36.4573,1
2024-01-28 16:30:00,17.2880,1,5.4576,1,36.4576,1
2024-01-28 17:00:00,17.2896,1,5.4579,1,36.4579,1
2024-01-28 17:30:00,17.2912,1,5.4582,1,36.4582,1
2024-01-28 18:00:00,17.2927,1,5.4585,1,36.4585,1
2024-01-28 18:30:00,17.2943,1,5.4589,1,36.4589,1
2024-01-28 19:00:00,17.2959,1,5.4592,1,36.4592,1
2024-01-28 19:30:00,17.2975,1,5.4595,1,36.4595,1
2024-01-28 20:00:00,17.2991,1,5.4598,1,36.4598,1
2024-01-28 20:30:00,17.3007,1,5.4601,1,36.4601,1
2024-01-28 21:00:00,17.3023,1,5.4605,1,36.4605,1
2024-01-28 21:30:00,17.3039,1,5.4608,1,36.4608,1
2024-01-28 22:00:00,17.3054,1,5.4611,1,36.4611,1
2024-01-28 22:30:00,17.3070,1,5.4614,1,36.4614,1
2024-01-28 23:00:00,17.3086,1,5.4617,1,36.4617,1
2024-01-28 23:30:00,17.3102,1,5.4620,1,36.4620,1
2024-01-29 00:00:00,17.3118,1,5.4624,1,36.4624,1
2024-01-29 00:30:00,17.3134,1,5.4627,1,36.4627,1
2024-01-29 01:00:00,17.3150,1,5.4630,1,36.4630,1
2024-01-29 01:30:00,17.3165,1,5.4633,1,36.4633,1
2024-01-29 02:00:00,17.3181,1,5.4636,1,36.4636,1
2024-01-29 02:30:00,17.3197,1,5.4639,1,36.4639,1
2024-01-29 03:00:00,17.3213,1,5.4643,1,36.4643,1
2024-01-29 03:30:00,17.3229,1,5.4646,1,36.4646,1
2024-01-29 04:00:00,17.3245,1,5.4649,1,36.4649,1
2024-01-29 04:30:00,17.3261,1,5.4652,1,36.4652,1
2024-01-29 05:00:00,17.3276,1,5.4655,1,36.4655,1
2024-01-29 05:30:00,17.3292,1,5.4658,1,36.4658,1
2024-01-29 06:00:00,17.3308,1,5.4662,1,36.4662,1
2024-01-29 06:30:00,17.3324,1,5.4665,1,36.4665,1
2024-01-29 07:00:00,17.3340,1,5.4668,1,36.4668,1
2024-01-29 07:30:00,17.3355,1,5.4671,1,36.4671,1
2024-01-29 08:00:00,17.3371,1,5.4674,1,36.4674,1
2024-01-29 08:30:00,17.3387,1,5.4677,1,36.4677,1
2024-01-29 09:00:00,17.3403,1,5.4681,1,36.4681,1
2024-01-29 09:30:00,17.3419,1,5.4684,1,36.4684,1
2024-01-29 10:00:00,17.3434,1,5.4687,1,36.4687,1
2024-01-29 10:30:00,17.3450,1,5.4690,1,36.4690,1
2024-01-29 11:00:00,17.3466,1,5.4693,1,36.4693,1
2024-01-29 11:30:00,17.3482,1,5.4696,1,36.4696,1
2024-01-29 12:00:00,17.3498,1,5.4700,1,36.4700,1
2024-01-29 12:30:00,17.3513,1,5.4703,1,36.4703,1
2024-01-29 13:00:00,17.3529,1,5.4706,1,36.4706,1
2024-01-29 13:30:00,17.3545,1,5.4709,1,36.4709,1
2024-01-29 14:00:00,17.3561,1,5.4712,1,36.4712,1
2024-01-29 14:30:00,17.3576,1,5.4715,1,36.4715,1
2024-01-29 15:00:00,17.3592,1,5.4718,1,36.4718,1
2024-01-29 15:30:00,17.3608,1,5.4722,1,36.4722,1
2024-01-29 16:00:00,17.3624,1,5.4725,1,36.4725,1
2024-01-29 16:30:00,17.3640,1,5.4728,1,36.4728,1
2024-01-29 17:00:00,17.3655,1,5.4731,1,36.4731,1
2024-01-29 17:30:00,17.3671,1,5.4734,1,36.4734,1
2024-01-29 18:00:00,17.3687,1,5.4737,1,36.4737,1
2024-01-29 18:30:00,17.3703,1,5.4741,1,36.4741,1
2024-01-29 19:00:00,17.3718,1,5.4744,1,36.4744,1
2024-01-29 19:30:00,17.3734,1,5.4747,1,36.4747,1
2024-01-29 20:00:00,17.3750,1,5.4750,1,36.4750,1
2024-01-29 20:30:00,17.3765,1,5.4753,1,36.4753,1
2024-01-29 21:00:00,17.3781,1,5.4756,1,36.4756,1
2024-01-29 21:30:00,17.3797,1,5.4759,1,36.4759,1
2024-01-29 22:00:00,17.3813,1,5.4763,1,36.4763,1
2024-01-29 22:30:00,17.3828,1,5.4766,1,36.4766,1
2024-01-29 23:00:00,17.3844,1,5.4769,1,36.4769,1
2024-01-29 23:30:00,17.3860,1,5.4772,1,36.4772,1
2024-01-30 00:00:00,17.3876,1,5.4775,1,36.4775,1
2024-01-30 00:30:00,17.3891,1,5.4778,1,36.4778,1
2024-01-30 01:00:00,17.3907,1,5.4781,1,36.4781,1
2024-01-30 01:30:00,17.3923,1,5.4785,1,36.4785,1
2024-01-30 02:00:00,17.3938,1,5.4788,1,36.4788,1
2024-01-30 02:30:00,17.3954,1,5.4791,1,36.4791,1
2024-01-30 03:00:00,17.3970,1,5.4794,1,36.4794,1
2024-01-30 03:30:00,17.3985,1,5.4797,1,36.4797,1
2024-01-30 04:00:00,17.4001,1,5.4800,1,36.4800,1
2024-01-30 04:30:00,17.4017,1,5.4803,1,36.4803,1
2024-01-30 05:00:00,17.4033,1,5.4807,1,36.4807,1
2024-01-30 05:30:00,17.4048,1,5.4810,1,36.4810,1
2024-01-30 06:00:00,17.4064,1,5.4813,1,36.4813,1
2024-01-30 06:30:00,17.4080,1,5.4816,1,36.4816,1
2024-01-30 07:00:00,17.4095,1,5.4819,1,36.4819,1
2024-01-30 07:30:00,17.4111,1,5.4822,1,36.4822,1
2024-01-30 08:00:00,17.4127,1,5.4825,1,36.4825,1
2024-01-30 08:30:00,17.4142,1,5.4828,1,36.4828,1
2024-01-30 09:00:00,17.4158,1,5.4832,1,36.4832,1
2024-01-30 09:30:00,17.4174,1,5.4835,1,36.4835,1
2024-01-30 10:00:00,17.4189,1,5.4838,1,36.4838,1
2024-01-30 10:30:00,17.4205,1,5.4841,1,36.4841,1
2024-01-30 11:00:00,17.4220,1,5.4844,1,36.4844,1
2024-01-30 11:30:00,17.4236,1,5.4847,1,36.4847,1
2024-01-30 12:00:00,17.4252,1,5.4850,1,36.4850,1
2024-01-30 12:30:00,17.4267,1,5.4853,1,36.4853,1
2024-01-30 13:00:00,17.4283,1,5.4857,1,36.4857,1
2024-01-30 13:30:00,17.4299,1,5.4860,1,36.4860,1
2024-01-30 14:00:00,17.4314,1,5.4863,1,36.4863,1
2024-01-30 14:30:00,17.4330,1,5.4866,1,36.4866,1
2024-01-30 15:00:00,17.4345,1,5.4869,1,36.4869,1
2024-01-30 15:30:00,17.4361,1,5.4872,1,36.4872,1
2024-01-30 16:00:00,17.4377,1,5.4875,1,36.4875,1
2024-01-30 16:30:00,17.4392,1,5.4878,1,36.4878,1
2024-01-30 17:00:00,17.4408,1,5.4882,1,36.4882,1
2024-01-30 17:30:00,17.4424,1,5.4885,1,36.4885,1
2024-01-30 18:00:00,17.4439,1,5.4888,1,36.4888,1
2024-01-30 18:30:00,17.4455,1,5.4891,1,36.4891,1
2024-01-30 19:00:00,17.4470,1,5.4894,1,36.4894,1
2024-01-30 19:30:00,17.4486,1,5.4897,1,36.4897,1
2024-01-30 20:00:00,17.4502,1,5.4900,1,36.4900,1
2024-01-30 20:30:00,17.4517,1,5.4903,1,36.4903,1
2024-01-30 21:00:00,17.4533,1,5.4907,1,36.4907,1
2024-01-30 21:30:00,17.4548,1,5.4910,1,36.4910,1
2024-01-30 22:00:00,17.4564,1,5.4913,1,36.4913,1
2024-01-30 22:30:00,17.4579,1,5.4916,1,36.4916,1
2024-01-30 23:00:00,17.4595,1,5.4919,1,36.4919,1
2024-01-30 23:30:00,17.4611,1,5.4922,1,36.4922,1
2024-01-31 00:00:00,17.4626,1,5.4925,1,36.4925,1
2024-01-31 00:30:00,17.4642,1,5.4928,1,36.4928,1
2024-01-31 01:00:00,17.4657,1,5.4931,1,36.4931,1
2024-01-31 01:30:00,17.4673,1,5.4935,1,36.4935,1
2024-01-31 02:00:00,17.4688,1,5.4938,1,36.4938,1
2024-01-31 02:30:00,17.4704,1,5.4941,1,36.4941,1
2024-01-31 03:00:00,17.4719,1,5.4944,1,36.4944,1
2024-01-31 03:30:00,17.4735,1,5.4947,1,36.4947,1
2024-01-31 04:00:00,17.4751,1,5.4950,1,36.4950,1
2024-01-31 04:30:00,17.4766,1,5.4953,1,36.4953,1
2024-01-31 05:00:00,17.4782,1,5.4956,1,36.4956,1
2024-01-31 05:30:00,17.4797,1,5.4959,1,36.4959,1
2024-01-31 06:00:00,17.4813,1,5.4963,1,36.4963,1
2024-01-31 06:30:00,17.4828,1,5.4966,1,36.4966,1
2024-01-31 07:00:00,17.4844,1,5.4969,1,36.4969,1
2024-01-31 07:30:00,17.4859,1,5.4972,1,36.4972,1
2024-01-31 08:00:00,17.4875,1,5.4975,1,36.4975,1
2024-01-31 08:30:00,17.4890,1,5.4978,1,36.4978,1
2024-01-31 09:00:00,17.4906,1,5.4981,1,36.4981,1
2024-01-31 09:30:00,17.4921,1,5.4984,1,36.4984,1
2024-01-31 10:00:00,17.4937,1,5.4987,1,36.4987,1
2024-01-31 10:30:00,17.4952,1,5.4990,1,36.4990,1
2024-01-31 11:00:00,17.4968,1,5.4994,1,36.4994,1
2024-01-31 11:30:00,17.4983,1,5.4997,1,36.4997,1
2024-01-31 12:00:00,17.4999,1,5.5000,1,36.5000,1
2024-01-31 12:30:00,17.5014,1,5.5003,1,36.5003,1
2024-01-31 13:00:00,17.5030,1,5.5006,1,36.5006,1
2024-01-31 13:30:00,17.5045,1,5.5009,1,36.5009,1
2024-01-31 14:00:00,17.5061,1,5.5012,1,36.5012,1
2024-01-31 14:30:00,17.5076,1,5.5015,1,36.5015,1
2024-01-31 15:00:00,17.5092,1,5.5018,1,36.5018,1
2024-01-31 15:30:00,17.5107,1,5.5021,1,36.5021,1
2024-01-31 16:00:00,17.5122,1,5.5024,1,36.5024,1
2024-01-31 16:30:00,17.5138,1,5.5028,1,36.5028,1
2024-01-31 17:00:00,17.5153,1,5.5031,1,36.5031,1
2024-01-31 17:30:00,17.5169,1,5.5034,1,36.5034,1
2024-01-31 18:00:00,17.5184,1,5.5037,1,36.5037,1
2024-01-31 18:30:00,17.5200,1,5.5040,1,36.5040,1
2024-01-31 19:00:00,17.5215,1,5.5043,1,36.5043,1
2024-01-31 19:30:00,17.5231,1,5.5046,1,36.5046,1
2024-01-31 20:00:00,17.5246,1,5.5049,1,36.5049,1
2024-01-31 20:30:00,17.5262,1,5.5052,1,36.5052,1
2024-01-31 21:00:00,17.5277,1,5.5055,1,36.5055,1
2024-01-31 21:30:00,17.5292,1,5.5058,1,36.5058,1
2024-01-31 22:00:00,17.5308,1,5.5062,1,36.5062,1
2024-01-31 22:30:00,17.5323,1,5.5065,1,36.5065,1
2024-01-31 23:00:00,17.5339,1,5.5068,1,36.5068,1
2024-01-31 23:30:00,17.5354,1,5.5071,1,36.5071,1
2024-02-01 00:00:00,17.5369,1,5.5074,1,36.5074,1
2024-02-01 00:30:00,17.5385,1,5.5077,1,36.5077,1
2024-02-01 01:00:00,17.5400,1,5.5080,1,36.5080,1
2024-02-01 01:30:00,17.5416,1,5.5083,1,36.5083,1
2024-02-01 02:00:00,17.5431,1,5.5086,1,36.5086,1
2024-02-01 02:30:00,17.5446,1,5.5089,1,36.5089,1
2024-02-01 03:00:00,17.5462,1,5.5092,1,36.5092,1
2024-02-01 03:30:00,17.5477,1,5.5095,1,36.5095,1
2024-02-01 04:00:00,17.5493,1,5.5099,1,36.5099,1
2024-02-01 04:30:00,17.5508,1,5.5102,1,36.5102,1
2024-02-01 05:00:00,17.5523,1,5.5105,1,36.5105,1
2024-02-01 05:30:00,17.5539,1,5.5108,1,36.5108,1
2024-02-01 06:00:00,17.5554,1,5.5111,1,36.5111,1
2024-02-01 06:30:00,17.5569,1,5.5114,1,36.5114,1
2024-02-01 07:00:00,17.5585,1,5.5117,1,36.5117,1
2024-02-01 07:30:00,17.5600,1,5.5120,1,36.5120,1
2024-02-01 08:00:00,17.5616,1,5.5123,1,36.5123,1
2024-02-01 08:30:00,17.5631,1,5.5126,1,36.5126,1
2024-02-01 09:00:00,17.5646,1,5.5129,1,36.5129,1
2024-02-01 09:30:00,17.5662,1,5.5132,1,36.5132,1
2024-02-01 10:00:00,17.5677,1,5.5135,1,36.5135,1
2024-02-01 10:30:00,17.5692,1,5.5138,1,36.5138,1
2024-02-01 11:00:00,17.5708,1,5.5142,1,36.5142,1
2024-02-01 11:30:00,17.5723,1,5.5145,1,36.5145,1
2024-02-01 12:00:00,17.5738,1,5.5148,1,36.5148,1
2024-02-01 12:30:00,17.5754,1,5.5151,1,36.5151,1
2024-02-01 13:00:00,17.5769,1,5.5154,1,36.5154,1
2024-02-01 13:30:00,17.5784,1,5.5157,1,36.5157,1
2024-02-01 14:00:00,17.5800,1,5.5160,1,36.5160,1
2024-02-01 14:30:00,17.5815,1,5.5163,1,36.5163,1
2024-02-01 15:00:00,17.5830,1,5.5166,1,36.5166,1
2024-02-01 15:30:00,17.5846,1,5.5169,1,36.5169,1
2024-02-01 16:00:00,17.5861,1,5.5172,1,36.5172,1
2024-02-01 16:30:00,17.5876,1,5.5175,1,36.5175,1
2024-02-01 17:00:00,17.5891,1,5.5178,1,36.5178,1
2024-02-01 17:30:00,17.5907,1,5.5181,1,36.5181,1
2024-02-01 18:00:00,17.5922,1,5.5184,1,36.5184,1
2024-02-01 18:30:00,17.5937,1,5.5187,1,36.5187,1
2024-02-01 19:00:00,17.5953,1,5.5191,1,36.5191,1
2024-02-01 19:30:00,17.5968,1,5.5194,1,36.5194,1
2024-02-01 20:00:00,17.5983,1,5.5197,1,36.5197,1
2024-02-01 20:30:00,17.5998,1,5.5200,1,36.5200,1
2024-02-01 21:00:00,17.6014,1,5.5203,1,36.5203,1
2024-02-01 21:30:00,17.6029,1,5.5206,1,36.5206,1
2024-02-01 22:00:00,17.6044,1,5.5209,1,36.5209,1
2024-02-01 22:30:00,17.6060,1,5.5212,1,36.5212,1
2024-02-01 23:00:00,17.6075,1,5.5215,1,36.5215,1
2024-02-01 23:30:00,17.6090,1,5.5218,1,36.5218,1
2024-02-02 00:00:00,17.6105,1,5.5221,1,36.5221,1
2024-02-02 00:30:00,17.6121,1,5.5224,1,36.5224,1
2024-02-02 01:00:00,17.6136,1,5.5227,1,36.5227,1
2024-02-02 01:30:00,17.6151,1,5.5230,1,36.5230,1
2024-02-02 02:00:00,17.6166,1,5.5233,1,36.5233,1
2024-02-02 02:30:00,17.6182,1,5.5236,1,36.5236,1
2024-02-02 03:00:00,17.6197,1,5.5239,1,36.5239,1
2024-02-02 03:30:00,17.6212,1,5.5242,1,36.5242,1
2024-02-02 04:00:00,17.6227,1,5.5245,1,36.5245,1
2024-02-02 04:30:00,17.6242,1,5.5248,1,36.5248,1
2024-02-02 05:00:00,17.6258,1,5.5252,1,36.5252,1
2024-02-02 05:30:00,17.6273,1,5.5255,1,36.5255,1
2024-02-02 06:00:00,17.6288,1,5.5258,1,36.5258,1
2024-02-02 06:30:00,17.6303,1,5.5261,1,36.5261,1
2024-02-02 07:00:00,17.6318,1,5.5264,1,36.5264,1
2024-02-02 07:30:00,17.6334,1,5.5267,1,36.5267,1
2024-02-02 08:00:00,17.6349,1,5.5270,1,36.5270,1
2024-02-02 08:30:00,17.6364,1,5.5273,1,36.5273,1
2024-02-02 09:00:00,17.6379,1,5.5276,1,36.5276,1
2024-02-02 09:30:00,17.6394,1,5.5279,1,36.5279,1
2024-02-02 10:00:00,17.6410,1,5.5282,1,36.5282,1
2024-02-02 10:30:00,17.6425,1,5.5285,1,36.5285,1
2024-02-02 11:00:00,17.6440,1,5.5288,1,36.5288,1
2024-02-02 11:30:00,17.6455,1,5.5291,1,36.5291,1
2024-02-02 12:00:00,17.6470,1,5.5294,1,36.5294,1
2024-02-02 12:30:00,17.6486,1,5.5297,1,36.5297,1
2024-02-02 13:00:00,17.6501,1,5.5300,1,36.5300,1
2024-02-02 13:30:00,17.6516,1,5.5303,1,36.5303,1
2024-02-02 14:00:00,17.6531,1,5.5306,1,36.5306,1
2024-02-02 14:30:00,17.6546,1,5.5309,1,36.5309,1
2024-02-02 15:00:00,17.6561,1,5.5312,1,36.5312,1
2024-02-02 15:30:00,17.6576,1,5.5315,1,36.5315,1
2024-02-02 16:00:00,17.6592,1,5.5318,1,36.5318,1
2024-02-02 16:30:00,17.6607,1,5.5321,1,36.5321,1
2024-02-02 17:00:00,17.6622,1,5.5324,1,36.5324,1
2024-02-02 17:30:00,17.6637,1,5.5327,1,36.5327,1
2024-02-02 18:00:00,17.6652,1,5.5330,1,36.5330,1
2024-02-02 18:30:00,17.6667,1,5.5333,1,36.5333,1
2024-02-02 19:00:00,17.6682,1,5.5336,1,36.5336,1
2024-02-02 19:30:00,17.6698,1,5.5340,1,36.5340,1
2024-02-02 20:00:00,17.6713,1,5.5343,1,36.5343,1
2024-02-02 20:30:00,17.6728,1,5.5346,1,36.5346,1
2024-02-02 21:00:00,17.6743,1,5.5349,1,36.5349,1
2024-02-02 21:30:00,17.6758,1,5.5352,1,36.5352,1
2024-02-02 22:00:00,17.6773,1,5.5355,1,36.5355,1
2024-02-02 22:30:00,17.6788,1,5.5358,1,36.5358,1
2024-02-02 23:00:00,17.6803,1,5.5361,1,36.5361,1
2024-02-02 23:30:00,17.6818,1,5.5364,1,36.5364,1
2024-02-03 00:00:00,17.6833,1,5.5367,1,36.5367,1
2024-02-03 00:30:00,17.6849,1,5.5370,1,36.5370,1
2024-02-03 01:00:00,17.6864,1,5.5373,1,36.5373,1
2024-02-03 01:30:00,17.6879,1,5.5376,1,36.5376,1
2024-02-03 02:00:00,17.6894,1,5.5379,1,36.5379,1
2024-02-03 02:30:00,17.6909,1,5.5382,1,36.5382,1
2024-02-03 03:00:00,17.6924,1,5.5385,1,36.5385,1
2024-02-03 03:30:00,17.6939,1,5.5388,1,36.5388,1
2024-02-03 04:00:00,17.6954,1,5.5391,1,36.5391,1
2024-02-03 04:30:00,17.6969,1,5.5394,1,36.5394,1
2024-02-03 05:00:00,17.6984,1,5.5397,1,36.5397,1
2024-02-03 05:30:00,17.6999,1,5.5400,1,36.5400,1
2024-02-03 06:00:00,17.7014,1,5.5403,1,36.5403,1
2024-02-03 06:30:00,17.7029,1,5.5406,1,36.5406,1
2024-02-03 07:00:00,17.7044,1,5.5409,1,36.5409,1
2024-02-03 07:30:00,17.7059,1,5.5412,1,36.5412,1
2024-02-03 08:00:00,17.7074,1,5.5415,1,36.5415,1
2024-02-03 08:30:00,17.7089,1,5.5418,1,36.5418,1
2024-02-03 09:00:00,17.7104,1,5.5421,1,36.5421,1
2024-02-03 09:30:00,17.7120,1,5.5424,1,36.5424,1
2024-02-03 10:00:00,17.7135,1,5.5427,1,36.5427,1
2024-02-03 10:30:00,17.7150,1,5.5430,1,36.5430,1
2024-02-03 11:00:00,17.7165,1,5.5433,1,36.5433,1
2024-02-03 11:30:00,17.7180,1,5.5436,1,36.5436,1
2024-02-03 12:00:00,17.7195,1,5.5439,1,36.5439,1
2024-02-03 12:30:00,17.7210,1,5.5442,1,36.5442,1
2024-02-03 13:00:00,17.7225,1,5.5445,1,36.5445,1
2024-02-03 13:30:00,17.7240,1,5.5448,1,36.5448,1
2024-02-03 14:00:00,17.7255,1,5.5451,1,36.5451,1
2024-02-03 14:30:00,17.7270,1,5.5454,1,36.5454,1
2024-02-03 15:00:00,17.7285,1,5.5457,1,36.5457,1
2024-02-03 15:30:00,17.7300,1,5.5460,1,36.5460,1
2024-02-03 16:00:00,17.7315,1,5.5463,1,36.5463,1
2024-02-03 16:30:00,17.7329,1,5.5466,1,36.5466,1
2024-02-03 17:00:00,17.7344,1,5.5469,1,36.5469,1
2024-02-03 17:30:00,17.7359,1,5.5472,1,36.5472,1
2024-02-03 18:00:00,17.7374,1,5.5475,1,36.5475,1
2024-02-03 18:30:00,17.7389,1,5.5478,1,36.5478,1
2024-02-03 19:00:00,17.7404,1,5.5481,1,36.5481,1
2024-02-03 19:30:00,17.7419,1,5.5484,1,36.5484,1
2024-02-03 20:00:00,17.7434,1,5.5487,1,36.5487,1
2024-02-03 20:30:00,17.7449,1,5.5490,1,36.5490,1
2024-02-03 21:00:00,17.7464,1,5.5493,1,36.5493,1
2024-02-03 21:30:00,17.7479,1,5.5496,1,36.5496,1
2024-02-03 22:00:00,17.7494,1,5.5499,1,36.5499,1
2024-02-03 22:30:00,17.7509,1,5.5502,1,36.5502,1
2024-02-03 23:00:00,17.7524,1,5.5505,1,36.5505,1
2024-02-03 23:30:00,17.7539,1,5.5508,1,36.5508,1
2024-02-04 00:00:00,17.7554,1,5.5511,1,36.5511,1
2024-02-04 00:30:00,17.7569,1,5.5514,1,36.5514,1
2024-02-04 01:00:00,17.7584,1,5.5517,1,36.5517,1
2024-02-04 01:30:00,17.7598,1,5.5520,1,36.5520,1
2024-02-04 02:00:00,17.7613,1,5.5523,1,36.5523,1
2024-02-04 02:30:00,17.7628,1,5.5526,1,36.5526,1
2024-02-04 03:00:00,17.7643,1,5.5529,1,36.5529,1
2024-02-04 03:30:00,17.7658,1,5.5532,1,36.5532,1
2024-02-04 04:00:00,17.7673,1,5.5535,1,36.5535,1
2024-02-04 04:30:00,17.7688,1,5.5538,1,36.5538,1
2024-02-04 05:00:00,17.7703,1,5.5541,1,36.5541,1
2024-02-04 05:30:00,17.7718,1,5.5544,1,36.5544,1
2024-02-04 06:00:00,17.7732,1,5.5546,1,36.5546,1
2024-02-04 06:30:00,17.7747,1,5.5549,1,36.5549,1
2024-02-04 07:00:00,17.7762,1,5.5552,1,36.5552,1
2024-02-04 07:30:00,17.7777,1,5.5555,1,36.5555,1
2024-02-04 08:00:00,17.7792,1,5.5558,1,36.5558,1
2024-02-04 08:30:00,17.7807,1,5.5561,1,36.5561,1
2024-02-04 09:00:00,17.7822,1,5.5564,1,36.5564,1
2024-02-04 09:30:00,17.7837,1,5.5567,1,36.5567,1
2024-02-04 10:00:00,17.7851,1,5.5570,1,36.5570,1
2024-02-04 10:30:00,17.7866,1,5.5573,1,36.5573,1
2024-02-04 11:00:00,17.7881,1,5.5576,1,36.5576,1
2024-02-04 11:30:00,17.7896,1,5.5579,1,36.5579,1
2024-02-04 12:00:00,17.7911,1,5.5582,1,36.5582,1
2024-02-04 12:30:00,17.7926,1,5.5585,1,36.5585,1
2024-02-04 13:00:00,17.7940,1,5.5588,1,36.5588,1
2024-02-04 13:30:00,17.7955,1,5.5591,1,36.5591,1
2024-02-04 14:00:00,17.7970,1,5.5594,1,36.5594,1
2024-02-04 14:30:00,17.7985,1,5.5597,1,36.5597,1
2024-02-04 15:00:00,17.8000,1,5.5600,1,36.5600,1
2024-02-04 15:30:00,17.8015,1,5.5603,1,36.5603,1
2024-02-04 16:00:00,17.8029,1,5.5606,1,36.5606,1
2024-02-04 16:30:00,17.8044,1,5.5609,1,36.5609,1
2024-02-04 17:00:00,17.8059,1,5.5612,1,36.5612,1
2024-02-04 17:30:00,17.8074,1,5.5615,1,36.5615,1
2024-02-04 18:00:00,17.8089,1,5.5618,1,36.5618,1
2024-02-04 18:30:00,17.8103,1,5.5621,1,36.5621,1
2024-02-04 19:00:00,17.8118,1,5.5624,1,36.5624,1
2024-02-04 19:30:00,17.8133,1,5.5627,1,36.5627,1
2024-02-04 20:00:00,17.8148,1,5.5630,1,36.5630,1
2024-02-04 20:30:00,17.8162,1,5.5632,1,36.5632,1
2024-02-04 21:00:00,17.8177,1,5.5635,1,36.5635,1
2024-02-04 21:30:00,17.8192,1,5.5638,1,36.5638,1
2024-02-04 22:00:00,17.8207,1,5.5641,1,36.5641,1
2024-02-04 22:30:00,17.8222,1,5.5644,1,36.5644,1
2024-02-04 23:00:00,17.8236,1,5.5647,1,36.5647,1
2024-02-04 23:30:00,17.8251,1,5.5650,1,36.5650,1
2024-02-05 00:00:00,17.8266,1,5.5653,1,36.5653,1
2024-02-05 00:30:00,17.8281,1,5.5656,1,36.5656,1
2024-02-05 01:00:00,17.8295,1,5.5659,1,36.5659,1
2024-02-05 01:30:00,17.8310,1,5.5662,1,36.5662,1
2024-02-05 02:00:00,17.8325,1,5.5665,1,36.5665,1
2024-02-05 02:30:00,17.8340,1,5.5668,1,36.5668,1
2024-02-05 03:00:00,17.8354,1,5.5671,1,36.5671,1
2024-02-05 03:30:00,17.8369,1,5.5674,1,36.5674,1
2024-02-05 04:00:00,17.8384,1,5.5677,1,36.5677,1
2024-02-05 04:30:00,17.8398,1,5.5680,1,36.5680,1
2024-02-05 05:00:00,17.8413,1,5.5683,1,36.5683,1
2024-02-05 05:30:00,17.8428,1,5.5686,1,36.5686,1
2024-02-05 06:00:00,17.8443,1,5.5689,1,36.5689,1
2024-02-05 06:30:00,17.8457,1,5.5691,1,36.5691,1
2024-02-05 07:00:00,17.8472,1,5.5694,1,36.5694,1
2024-02-05 07:30:00,17.8487,1,5.5697,1,36.5697,1
2024-02-05 08:00:00,17.8501,1,5.5700,1,36.5700,1
2024-02-05 08:30:00,17.8516,1,5.5703,1,36.5703,1
2024-02-05 09:00:00,17.8531,1,5.5706,1,36.5706,1
2024-02-05 09:30:00,17.8545,1,5.5709,1,36.5709,1
2024-02-05 10:00:00,17.8560,1,5.5712,1,36.5712,1
2024-02-05 10:30:00,17.8575,1,5.5715,1,36.5715,1
2024-02-05 11:00:00,17.8589,1,5.5718,1,36.5718,1
2024-02-05 11:30:00,17.8604,1,5.5721,1,36.5721,1
2024-02-05 12:00:00,17.8619,1,5.5724,1,36.5724,1
2024-02-05 12:30:00,17.8633,1,5.5727,1,36.5727,1
2024-02-05 13:00:00,17.8648,1,5.5730,1,36.5730,1
2024-02-05 13:30:00,17.8663,1,5.5733,1,36.5733,1
2024-02-05 14:00:00,17.8677,1,5.5735,1,36.5735,1
2024-02-05 14:30:00,17.8692,1,5.5738,1,36.5738,1
2024-02-05 15:00:00,17.8707,1,5.5741,1,36.5741,1
2024-02-05 15:30:00,17.8721,1,5.5744,1,36.5744,1
2024-02-05 16:00:00,17.8736,1,5.5747,1,36.5747,1
2024-02-05 16:30:00,17.8751,1,5.5750,1,36.5750,1
2024-02-05 17:00:00,17.8765,1,5.5753,1,36.5753,1
2024-02-05 17:30:00,17.8780,1,5.5756,1,36.5756,1
2024-02-05 18:00:00,17.8794,1,5.5759,1,36.5759,1
2024-02-05 18:30:00,17.8809,1,5.5762,1,36.5762,1
2024-02-05 19:00:00,17.8824,1,5.5765,1,36.5765,1
2024-02-05 19:30:00,17.8838,1,5.5768,1,36.5768,1
2024-02-05 20:00:00,17.8853,1,5.5771,1,36.5771,1
2024-02-05 20:30:00,17.8868,1,5.5774,1,36.5774,1
2024-02-05 21:00:00,17.8882,1,5.5776,1,36.5776,1
2024-02-05 21:30:00,17.8897,1,5.5779,1,36.5779,1
2024-02-05 22:00:00,17.8911,1,5.5782,1,36.5782,1
2024-02-05 22:30:00,17.8926,1,5.5785,1,36.5785,1
2024-02-05 23:00:00,17.8940,1,5.5788,1,36.5788,1
2024-02-05 23:30:00,17.8955,1,5.5791,1,36.5791,1
2024-02-06 00:00:00,17.8970,1,5.5794,1,36.5794,1
2024-02-06 00:30:00,17.8984,1,5.5797,1,36.5797,1
2024-02-06 01:00:00,17.8999,1,5.5800,1,36.5800,1
2024-02-06 01:30:00,17.9013,1,5.5803,1,36.5803,1
2024-02-06 02:00:00,17.9028,1,5.5806,1,36.5806,1
2024-02-06 02:30:00,17.9042,1,5.5808,1,36.5808,1
2024-02-06 03:00:00,17.9057,1,5.5811,1,36.5811,1
2024-02-06 03:30:00,17.9072,1,5.5814,1,36.5814,1
2024-02-06 04:00:00,17.9086,1,5.5817,1,36.5817,1
2024-02-06 04:30:00,17.9101,1,5.5820,1,36.5820,1
2024-02-06 05:00:00,17.9115,1,5.5823,1,36.5823,1
2024-02-06 05:30:00,17.9130,1,5.5826,1,36.5826,1
2024-02-06 06:00:00,17.9144,1,5.5829,1,36.5829,1
2024-02-06 06:30:00,17.9159,1,5.5832,1,36.5832,1
2024-02-06 07:00:00,17.9173,1,5.5835,1,36.5835,1
2024-02-06 07:30:00,17.9188,1,5.5838,1,36.5838,1
2024-02-06 08:00:00,17.9202,1,5.5840,1,36.5840,1
2024-02-06 08:30:00,17.9217,1,5.5843,1,36.5843,1
2024-02-06 09:00:00,17.9231,1,5.5846,1,36.5846,1
2024-02-06 09:30:00,17.9246,1,5.5849,1,36.5849,1
2024-02-06 10:00:00,17.9260,1,5.5852,1,36.5852,1
2024-02-06 10:30:00,17.9275,1,5.5855,1,36.5855,1
2024-02-06 11:00:00,17.9289,1,5.5858,1,36.5858,1
2024-02-06 11:30:00,17.9304,1,5.5861,1,36.5861,1
2024-02-06 12:00:00,17.9318,1,5.5864,1,36.5864,1
2024-02-06 12:30:00,17.9333,1,5.5867,1,36.5867,1
2024-02-06 13:00:00,17.9347,1,5.5869,1,36.5869,1
2024-02-06 13:30:00,17.9362,1,5.5872,1,36.5872,1
2024-02-06 14:00:00,17.9376,1,5.5875,1,36.5875,1
2024-02-06 14:30:00,17.9391,1,5.5878,1,36.5878,1
2024-02-06 15:00:00,17.9405,1,5.5881,1,36.5881,1
2024-02-06 15:30:00,17.9420,1,5.5884,1,36.5884,1
2024-02-06 16:00:00,17.9434,1,5.5887,1,36.5887,1
2024-02-06 16:30:00,17.9449,1,5.5890,1,36.5890,1
2024-02-06 17:00:00,17.9463,1,5.5893,1,36.5893,1
2024-02-06 17:30:00,17.9477,1,5.5895,1,36.5895,1
2024-02-06 18:00:00,17.9492,1,5.5898,1,36.5898,1
2024-02-06 18:30:00,17.9506,1,5.5901,1,36.5901,1
2024-02-06 19:00:00,17.9521,1,5.5904,1,36.5904,1
2024-02-06 19:30:00,17.9535,1,5.5907,1,36.5907,1
2024-02-06 20:00:00,17.9550,1,5.5910,1,36.5910,1
2024-02-06 20:30:00,17.9564,1,5.5913,1,36.5913,1
2024-02-06 21:00:00,17.9578,1,5.5916,1,36.5916,1
2024-02-06 21:30:00,17.9593,1,5.5919,1,36.5919,1
2024-02-06 22:00:00,17.9607,1,5.5921,1,36.5921,1
2024-02-06 22:30:00,17.9622,1,5.5924,1,36.5924,1
2024-02-06 23:00:00,17.9636,1,5.5927,1,36.5927,1
2024-02-06 23:30:00,17.9650,1,5.5930,1,36.5930,1
2024-02-07 00:00:00,17.9665,1,5.5933,1,36.5933,1
2024-02-07 00:30:00,17.9679,1,5.5936,1,36.5936,1
2024-02-07 01:00:00,17.9694,1,5.5939,1,36.5939,1
2024-02-07 01:30:00,17.9708,1,5.5942,1,36.5942,1
2024-02-07 02:00:00,17.9722,1,5.5944,1,36.5944,1
2024-02-07 02:30:00,17.9737,1,5.5947,1,36.5947,1
2024-02-07 03:00:00,17.9751,1,5.5950,1,36.5950,1
2024-02-07 03:30:00,17.9766,1,5.5953,1,36.5953,1
2024-02-07 04:00:00,17.9780,1,5.5956,1,36.5956,1
2024-02-07 04:30:00,17.9794,1,5.5959,1,36.5959,1
2024-02-07 05:00:00,17.9809,1,5.5962,1,36.5962,1
2024-02-07 05:30:00,17.9823,1,5.5965,1,36.5965,1
2024-02-07 06:00:00,17.9837,1,5.5967,1,36.5967,1
2024-02-07 06:30:00,17.9852,1,5.5970,1,36.5970,1
2024-02-07 07:00:00,17.9866,1,5.5973,1,36.5973,1
2024-02-07 07:30:00,17.9880,1,5.5976,1,36.5976,1
2024-02-07 08:00:00,17.9895,1,5.5979,1,36.5979,1
2024-02-07 08:30:00,17.9909,1,5.5982,1,36.5982,1
2024-02-07 09:00:00,17.9923,1,5.5985,1,36.5985,1
2024-02-07 09:30:00,17.9938,1,5.5988,1,36.5988,1
2024-02-07 10:00:00,17.9952,1,5.5990,1,36.5990,1
2024-02-07 10:30:00,17.9966,1,5.5993,1,36.5993,1
2024-02-07 11:00:00,17.9981,1,5.5996,1,36.5996,1
2024-02-07 11:30:00,17.9995,1,5.5999,1,36.5999,1
2024-02-07 12:00:00,18.0009,1,5.6002,1,36.6002,1
2024-02-07 12:30:00,18.0024,1,5.6005,1,36.6005,1
2024-02-07 13:00:00,18.0038,1,5.6008,1,36.6008,1
2024-02-07 13:30:00,18.0052,1,5.6010,1,36.6010,1
2024-02-07 14:00:00,18.0066,1,5.6013,1,36.6013,1
2024-02-07 14:30:00,18.0081,1,5.6016,1,36.6016,1
2024-02-07 15:00:00,18.0095,1,5.6019,1,36.6019,1
2024-02-07 15:30:00,18.0109,1,5.6022,1,36.6022,1
2024-02-07 16:00:00,18.0124,1,5.6025,1,36.6025,1
2024-02-07 16:30:00,18.0138,1,5.6028,1,36.6028,1
2024-02-07 17:00:00,18.0152,1,5.6030,1,36.6030,1
2024-02-07 17:30:00,18.0166,1,5.6033,1,36.6033,1
2024-02-07 18:00:00,18.0181,1,5.6036,1,36.6036,1
2024-02-07 18:30:00,18.0195,1,5.6039,1,36.6039,1
2024-02-07 19:00:00,18.0209,1,5.6042,1,36.6042,1
2024-02-07 19:30:00,18.0223,1,5.6045,1,36.6045,1
2024-02-07 20:00:00,18.0238,1,5.6048,1,36.6048,1
2024-02-07 20:30:00,18.0252,1,5.6050,1,36.6050,1
2024-02-07 21:00:00,18.0266,1,5.6053,1,36.6053,1
2024-02-07 21:30:00,18.0280,1,5.6056,1,36.6056,1
2024-02-07 22:00:00,18.0295,1,5.6059,1,36.6059,1
2024-02-07 22:30:00,18.0309,1,5.6062,1,36.6062,1
2024-02-07 23:00:00,18.0323,1,5.6065,1,36.6065,1
2024-02-07 23:30:00,18.0337,1,5.6067,1,36.6067,1
2024-02-08 00:00:00,18.0351,1,5.6070,1,36.6070,1
2024-02-08 00:30:00,18.0366,1,5.6073,1,36.6073,1
2024-02-08 01:00:00,18.0380,1,5.6076,1,36.6076,1
2024-02-08 01:30:00,18.0394,1,5.6079,1,36.6079,1
2024-02-08 02:00:00,18.0408,1,5.6082,1,36.6082,1
2024-02-08 02:30:00,18.0422,1,5.6084,1,36.6084,1
2024-02-08 03:00:00,18.0437,1,5.6087,1,36.6087,1
2024-02-08 03:30:00,18.0451,1,5.6090,1,36.6090,1
2024-02-08 04:00:00,18.0465,1,5.6093,1,36.6093,1
2024-02-08 04:30:00,18.0479,1,5.6096,1,36.6096,1
2024-02-08 05:00:00,18.0493,1,5.6099,1,36.6099,1
2024-02-08 05:30:00,18.0507,1,5.6101,1,36.6101,1
2024-02-08 06:00:00,18.0522,1,5.6104,1,36.6104,1
2024-02-08 06:30:00,18.0536,1,5.6107,1,36.6107,1
2024-02-08 07:00:00,18.0550,1,5.6110,1,36.6110,1
2024-02-08 07:30:00,18.0564,1,5.6113,1,36.6113,1
2024-02-08 08:00:00,18.0578,1,5.6116,1,36.6116,1
2024-02-08 08:30:00,18.0592,1,5.6118,1,36.6118,1
2024-02-08 09:00:00,18.0607,1,5.6121,1,36.6121,1
2024-02-08 09:30:00,18.0621,1,5.6124,1,36.6124,1
2024-02-08 10:00:00,18.0635,1,5.6127,1,36.6127,1
2024-02-08 10:30:00,18.0649,1,5.6130,1,36.6130,1
2024-02-08 11:00:00,18.0663,1,5.6133,1,36.6133,1
2024-02-08 11:30:00,18.0677,1,5.6135,1,36.6135,1
2024-02-08 12:00:00,18.0691,1,5.6138,1,36.6138,1
2024-02-08 12:30:00,18.0705,1,5.6141,1,36.6141,1
2024-02-08 13:00:00,18.0720,1,5.6144,1,36.6144,1
2024-02-08 13:30:00,18.0734,1,5.6147,1,36.6147,1
2024-02-08 14:00:00,18.0748,1,5.6150,1,36.6150,1
2024-02-08 14:30:00,18.0762,1,5.6152,1,36.6152,1
2024-02-08 15:00:00,18.0776,1,5.6155,1,36.6155,1
2024-02-08 15:30:00,18.0790,1,5.6158,1,36.6158,1
2024-02-08 16:00:00,18.0804,1,5.6161,1,36.6161,1
2024-02-08 16:30:00,18.0818,1,5.6164,1,36.6164,1
2024-02-08 17:00:00,18.0832,1,5.6166,1,36.6166,1
2024-02-08 17:30:00,18.0846,1,5.6169,1,36.6169,1
2024-02-08 18:00:00,18.0860,1,5.6172,1,36.6172,1
2024-02-08 18:30:00,18.0875,1,5.6175,1,36.6175,1
2024-02-08 19:00:00,18.0889,1,5.6178,1,36.6178,1
2024-02-08 19:30:00,18.0903,1,5.6181,1,36.6181,1
2024-02-08 20:00:00,18.0917,1,5.6183,1,36.6183,1
2024-02-08 20:30:00,18.0931,1,5.6186,1,36.6186,1
2024-02-08 21:00:00,18.0945,1,5.6189,1,36.6189,1
2024-02-08 21:30:00,18.0959,1,5.6192,1,36.6192,1
2024-02-08 22:00:00,18.0973,1,5.6195,1,36.6195,1
2024-02-08 22:30:00,18.0987,1,5.6197,1,36.6197,1
2024-02-08 23:00:00,18.1001,1,5.6200,1,36.6200,1
2024-02-08 23:30:00,18.1015,1,5.6203,1,36.6203,1
2024-02-09 00:00:00,18.1029,1,5.6206,1,36.6206,1
2024-02-09 00:30:00,18.1043,1,5.6209,1,36.6209,1
2024-02-09 01:00:00,18.1057,1,5.6211,1,36.6211,1
2024-02-09 01:30:00,18.1071,1,5.6214,1,36.6214,1
2024-02-09 02:00:00,18.1085,1,5.6217,1,36.6217,1
2024-02-09 02:30:00,18.1099,1,5.6220,1,36.6220,1
2024-02-09 03:00:00,18.1113,1,5.6223,1,36.6223,1
2024-02-09 03:30:00,18.1127,1,5.6225,1,36.6225,1
2024-02-09 04:00:00,18.1141,1,5.6228,1,36.6228,1
2024-02-09 04:30:00,18.1155,1,5.6231,1,36.6231,1
2024-02-09 05:00:00,18.1169,1,5.6234,1,36.6234,1
2024-02-09 05:30:00,18.1183,1,5.6237,1,36.6237,1
2024-02-09 06:00:00,18.1197,1,5.6239,1,36.6239,1
2024-02-09 06:30:00,18.1211,1,5.6242,1,36.6242,1
2024-02-09 07:00:00,18.1225,1,5.6245,1,36.6245,1
2024-02-09 07:30:00,18.1239,1,5.6248,1,36.6248,1
2024-02-09 08:00:00,18.1253,1,5.6251,1,36.6251,1
2024-02-09 08:30:00,18.1267,1,5.6253,1,36.6253,1
2024-02-09 09:00:00,18.1281,1,5.6256,1,36.6256,1
2024-02-09 09:30:00,18.1295,1,5.6259,1,36.6259,1
2024-02-09 10:00:00,18.1309,1,5.6262,1,36.6262,1
2024-02-09 10:30:00,18.1323,1,5.6265,1,36.6265,1
2024-02-09 11:00:00,18.1336,1,5.6267,1,36.6267,1
2024-02-09 11:30:00,18.1350,1,5.6270,1,36.6270,1
2024-02-09 12:00:00,18.1364,1,5.6273,1,36.6273,1
2024-02-09 12:30:00,18.1378,1,5.6276,1,36.6276,1
2024-02-09 13:00:00,18.1392,1,5.6278,1,36.6278,1
2024-02-09 13:30:00,18.1406,1,5.6281,1,36.6281,1
2024-02-09 14:00:00,18.1420,1,5.6284,1,36.6284,1
2024-02-09 14:30:00,18.1434,1,5.6287,1,36.6287,1
2024-02-09 15:00:00,18.1448,1,5.6290,1,36.6290,1
2024-02-09 15:30:00,18.1462,1,5.6292,1,36.6292,1
2024-02-09 16:00:00,18.1476,1,5.6295,1,36.6295,1
2024-02-09 16:30:00,18.1490,1,5.6298,1,36.6298,1
2024-02-09 17:00:00,18.1503,1,5.6301,1,36.6301,1
2024-02-09 17:30:00,18.1517,1,5.6303,1,36.6303,1
2024-02-09 18:00:00,18.1531,1,5.6306,1,36.6306,1
2024-02-09 18:30:00,18.1545,1,5.6309,1,36.6309,1
2024-02-09 19:00:00,18.1559,1,5.6312,1,36.6312,1
2024-02-09 19:30:00,18.1573,1,5.6315,1,36.6315,1
2024-02-09 20:00:00,18.1587,1,5.6317,1,36.6317,1
2024-02-09 20:30:00,18.1601,1,5.6320,1,36.6320,1
2024-02-09 21:00:00,18.1614,1,5.6323,1,36.6323,1
2024-02-09 21:30:00,18.1628,1,5.6326,1,36.6326,1
2024-02-09 22:00:00,18.1642,1,5.6328,1,36.6328,1
2024-02-09 22:30:00,18.1656,1,5.6331,1,36.6331,1
2024-02-09 23:00:00,18.1670,1,5.6334,1,36.6334,1
2024-02-09 23:30:00,18.1684,1,5.6337,1,36.6337,1
2024-02-10 00:00:00,18.1697,1,5.6339,1,36.6339,1
2024-02-10 00:30:00,18.1711,1,5.6342,1,36.6342,1
2024-02-10 01:00:00,18.1725,1,5.6345,1,36.6345,1
2024-02-10 01:30:00,18.1739,1,5.6348,1,36.6348,1
2024-02-10 02:00:00,18.1753,1,5.6351,1,36.6351,1
2024-02-10 02:30:00,18.1767,1,5.6353,1,36.6353,1
2024-02-10 03:00:00,18.1780,1,5.6356,1,36.6356,1
2024-02-10 03:30:00,18.1794,1,5.6359,1,36.6359,1
2024-02-10 04:00:00,18.1808,1,5.6362,1,36.6362,1
2024-02-10 04:30:00,18.1822,1,5.6364,1,36.6364,1
2024-02-10 05:00:00,18.1836,1,5.6367,1,36.6367,1
2024-02-10 05:30:00,18.1849,1,5.6370,1,36.6370,1
2024-02-10 06:00:00,18.1863,1,5.6373,1,36.6373,1
2024-02-10 06:30:00,18.1877,1,5.6375,1,36.6375,1
2024-02-10 07:00:00,18.1891,1,5.6378,1,36.6378,1
2024-02-10 07:30:00,18.1904,1,5.6381,1,36.6381,1
2024-02-10 08:00:00,18.1918,1,5.6384,1,36.6384,1
2024-02-10 08:30:00,18.1932,1,5.6386,1,36.6386,1
2024-02-10 09:00:00,18.1946,1,5.6389,1,36.6389,1
2024-02-10 09:30:00,18.1959,1,5.6392,1,36.6392,1
2024-02-10 10:00:00,18.1973,1,5.6395,1,36.6395,1
2024-02-10 10:30:00,18.1987,1,5.6397,1,36.6397,1
2024-02-10 11:00:00,18.2001,1,5.6400,1,36.6400,1
2024-02-10 11:30:00,18.2014,1,5.6403,1,36.6403,1
2024-02-10 12:00:00,18.2028,1,5.6406,1,36.6406,1
2024-02-10 12:30:00,18.2042,1,5.6408,1,36.6408,1
2024-02-10 13:00:00,18.2056,1,5.6411,1,36.6411,1
2024-02-10 13:30:00,18.2069,1,5.6414,1,36.6414,1
2024-02-10 14:00:00,18.2083,1,5.6417,1,36.6417,1
2024-02-10 14:30:00,18.2097,1,5.6419,1,36.6419,1
2024-02-10 15:00:00,18.2110,1,5.6422,1,36.6422,1
2024-02-10 15:30:00,18.2124,1,5.6425,1,36.6425,1
2024-02-10 16:00:00,18.2138,1,5.6428,1,36.6428,1
2024-02-10 16:30:00,18.2152,1,5.6430,1,36.6430,1
2024-02-10 17:00:00,18.2165,1,5.6433,1,36.6433,1
2024-02-10 17:30:00,18.2179,1,5.6436,1,36.6436,1
2024-02-10 18:00:00,18.2193,1,5.6439,1,36.6439,1
2024-02-10 18:30:00,18.2206,1,5.6441,1,36.6441,1
2024-02-10 19:00:00,18.2220,1,5.6444,1,36.6444,1
2024-02-10 19:30:00,18.2234,1,5.6447,1,36.6447,1
2024-02-10 20:00:00,18.2247,1,5.6449,1,36.6449,1
2024-02-10 20:30:00,18.2261,1,5.6452,1,36.6452,1
2024-02-10 21:00:00,18.2275,1,5.6455,1,36.6455,1
2024-02-10 21:30:00,18.2288,1,5.6458,1,36.6458,1
2024-02-10 22:00:00,18.2302,1,5.6460,1,36.6460,1
2024-02-10 22:30:00,18.2316,1,5.6463,1,36.6463,1
2024-02-10 23:00:00,18.2329,1,5.6466,1,36.6466,1
2024-02-10 23:30:00,18.2343,1,5.6469,1,36.6469,1
2024-02-11 00:00:00,18.2357,1,5.6471,1,36.6471,1
2024-02-11 00:30:00,18.2370,1,5.6474,1,36.6474,1
2024-02-11 01:00:00,18.2384,1,5.6477,1,36.6477,1
2024-02-11 01:30:00,18.2397,1,5.6479,1,36.6479,1
2024-02-11 02:00:00,18.2411,1,5.6482,1,36.6482,1
2024-02-11 02:30:00,18.2425,1,5.6485,1,36.6485,1
2024-02-11 03:00:00,18.2438,1,5.6488,1,36.6488,1
2024-02-11 03:30:00,18.2452,1,5.6490,1,36.6490,1
2024-02-11 04:00:00,18.2465,1,5.6493,1,36.6493,1
2024-02-11 04:30:00,18.2479,1,5.6496,1,36.6496,1
2024-02-11 05:00:00,18.2493,1,5.6499,1,36.6499,1
2024-02-11 05:30:00,18.2506,1,5.6501,1,36.6501,1
2024-02-11 06:00:00,18.2520,1,5.6504,1,36.6504,1
2024-02-11 06:30:00,18.2533,1,5.6507,1,36.6507,1
2024-02-11 07:00:00,18.2547,1,5.6509,1,36.6509,1
2024-02-11 07:30:00,18.2561,1,5.6512,1,36.6512,1
2024-02-11 08:00:00,18.2574,1,5.6515,1,36.6515,1
2024-02-11 08:30:00,18.2588,1,5.6518,1,36.6518,1
2024-02-11 09:00:00,18.2601,1,5.6520,1,36.6520,1
2024-02-11 09:30:00,18.2615,1,5.6523,1,36.6523,1
2024-02-11 10:00:00,18.2628,1,5.6526,1,36.6526,1
2024-02-11 10:30:00,18.2642,1,5.6528,1,36.6528,1
2024-02-11 11:00:00,18.2655,1,5.6531,1,36.6531,1
2024-02-11 11:30:00,18.2669,1,5.6534,1,36.6534,1
2024-02-11 12:00:00,18.2682,1,5.6536,1,36.6536,1
2024-02-11 12:30:00,18.2696,1,5.6539,1,36.6539,1
2024-02-11 13:00:00,18.2710,1,5.6542,1,36.6542,1
2024-02-11 13:30:00,18.2723,1,5.6545,1,36.6545,1
2024-02-11 14:00:00,18.2737,1,5.6547,1,36.6547,1
2024-02-11 14:30:00,18.2750,1,5.6550,1,36.6550,1
2024-02-11 15:00:00,18.2764,1,5.6553,1,36.6553,1
2024-02-11 15:30:00,18.2777,1,5.6555,1,36.6555,1
2024-02-11 16:00:00,18.2791,1,5.6558,1,36.6558,1
2024-02-11 16:30:00,18.2804,1,5.6561,1,36.6561,1
2024-02-11 17:00:00,18.2818,1,5.6564,1,36.6564,1
2024-02-11 17:30:00,18.2831,1,5.6566,1,36.6566,1
2024-02-11 18:00:00,18.2845,1,5.6569,1,36.6569,1
2024-02-11 18:30:00,18.2858,1,5.6572,1,36.6572,1
2024-02-11 19:00:00,18.2872,1,5.6574,1,36.6574,1
2024-02-11 19:30:00,18.2885,1,5.6577,1,36.6577,1
2024-02-11 20:00:00,18.2898,1,5.6580,1,36.6580,1
2024-02-11 20:30:00,18.2912,1,5.6582,1,36.6582,1
2024-02-11 21:00:00,18.2925,1,5.6585,1,36.6585,1
2024-02-11 21:30:00,18.2939,1,5.6588,1,36.6588,1
2024-02-11 22:00:00,18.2952,1,5.6590,1,36.6590,1
2024-02-11 22:30:00,18.2966,1,5.6593,1,36.6593,1
2024-02-11 23:00:00,18.2979,1,5.6596,1,36.6596,1
2024-02-11 23:30:00,18.2993,1,5.6599,1,36.6599,1
2024-02-12 00:00:00,18.3006,1,5.6601,1,36.6601,1
2024-02-12 00:30:00,18.3019,1,5.6604,1,36.6604,1
2024-02-12 01:00:00,18.3033,1,5.6607,1,36.6607,1
2024-02-12 01:30:00,18.3046,1,5.6609,1,36.6609,1
2024-02-12 02:00:00,18.3060,1,5.6612,1,36.6612,1
2024-02-12 02:30:00,18.3073,1,5.6615,1,36.6615,1
2024-02-12 03:00:00,18.3087,1,5.6617,1,36.6617,1
2024-02-12 03:30:00,18.3100,1,5.6620,1,36.6620,1
2024-02-12 04:00:00,18.3113,1,5.6623,1,36.6623,1
2024-02-12 04:30:00,18.3127,1,5.6625,1,36.6625,1
2024-02-12 05:00:00,18.3140,1,5.6628,1,36.6628,1
2024-02-12 05:30:00,18.3154,1,5.6631,1,36.6631,1
2024-02-12 06:00:00,18.3167,1,5.6633,1,36.6633,1
2024-02-12 06:30:00,18.3180,1,5.6636,1,36.6636,1
2024-02-12 07:00:00,18.3194,1,5.6639,1,36.6639,1
2024-02-12 07:30:00,18.3207,1,5.6641,1,36.6641,1
2024-02-12 08:00:00,18.3220,1,5.6644,1,36.6644,1
2024-02-12 08:30:00,18.3234,1,5.6647,1,36.6647,1
2024-02-12 09:00:00,18.3247,1,5.6649,1,36.6649,1
2024-02-12 09:30:00,18.3261,1,5.6652,1,36.6652,1
2024-02-12 10:00:00,18.3274,1,5.6655,1,36.6655,1
2024-02-12 10:30:00,18.3287,1,5.6657,1,36.6657,1
2024-02-12 11:00:00,18.3301,1,5.6660,1,36.6660,1
2024-02-12 11:30:00,18.3314,1,5.6663,1,36.6663,1
2024-02-12 12:00:00,18.3327,1,5.6665,1,36.6665,1
2024-02-12 12:30:00,18.3341,1,5.6668,1,36.6668,1
2024-02-12 13:00:00,18.3354,1,5.6671,1,36.6671,1
2024-02-12 13:30:00,18.3367,1,5.6673,1,36.6673,1
2024-02-12 14:00:00,18.3380,1,5.6676,1,36.6676,1
2024-02-12 14:30:00,18.3394,1,5.6679,1,36.6679,1
2024-02-12 15:00:00,18.3407,1,5.6681,1,36.6681,1
2024-02-12 15:30:00,18.3420,1,5.6684,1,36.6684,1
2024-02-12 16:00:00,18.3434,1,5.6687,1,36.6687,1
2024-02-12 16:30:00,18.3447,1,5.6689,1,36.6689,1
2024-02-12 17:00:00,18.3460,1,5.6692,1,36.6692,1
2024-02-12 17:30:00,18.3474,1,5.6695,1,36.6695,1
2024-02-12 18:00:00,18.3487,1,5.6697,1,36.6697,1
2024-02-12 18:30:00,18.3500,1,5.6700,1,36.6700,1
2024-02-12 19:00:00,18.3513,1,5.6703,1,36.6703,1
2024-02-12 19:30:00,18.3527,1,5.6705,1,36.6705,1
2024-02-12 20:00:00,18.3540,1,5.6708,1,36.6708,1
2024-02-12 20:30:00,18.3553,1,5.6711,1,36.6711,1
2024-02-12 21:00:00,18.3566,1,5.6713,1,36.6713,1
2024-02-12 21:30:00,18.3580,1,5.6716,1,36.6716,1
2024-02-12 22:00:00,18.3593,1,5.6719,1,36.6719,1
2024-02-12 22:30:00,18.3606,1,5.6721,1,36.6721,1
2024-02-12 23:00:00,18.3619,1,5.6724,1,36.6724,1
2024-02-12 23:30:00,18.3633,1,5.6727,1,36.6727,1
2024-02-13 00:00:00,18.3646,1,5.6729,1,36.6729,1
2024-02-13 00:30:00,18.3659,1,5.6732,1,36.6732,1
2024-02-13 01:00:00,18.3672,1,5.6734,1,36.6734,1
2024-02-13 01:30:00,18.3686,1,5.6737,1,36.6737,1
2024-02-13 02:00:00,18.3699,1,5.6740,1,36.6740,1
2024-02-13 02:30:00,18.3712,1,5.6742,1,36.6742,1
2024-02-13 03:00:00,18.3725,1,5.6745,1,36.6745,1
2024-02-13 03:30:00,18.3738,1,5.6748,1,36.6748,1
2024-02-13 04:00:00,18.3752,1,5.6750,1,36.6750,1
2024-02-13 04:30:00,18.3765,1,5.6753,1,36.6753,1
2024-02-13 05:00:00,18.3778,1,5.6756,1,36.6756,1
2024-02-13 05:30:00,18.3791,1,5.6758,1,36.6758,1
2024-02-13 06:00:00,18.3804,1,5.6761,1,36.6761,1
2024-02-13 06:30:00,18.3817,1,5.6763,1,36.6763,1
2024-02-13 07:00:00,18.3831,1,5.6766,1,36.6766,1
2024-02-13 07:30:00,18.3844,1,5.6769,1,36.6769,1
2024-02-13 08:00:00,18.3857,1,5.6771,1,36.6771,1
2024-02-13 08:30:00,18.3870,1,5.6774,1,36.6774,1
2024-02-13 09:00:00,18.3883,1,5.6777,1,36.6777,1
2024-02-13 09:30:00,18.3896,1,5.6779,1,36.6779,1
2024-02-13 10:00:00,18.3910,1,5.6782,1,36.6782,1
2024-02-13 10:30:00,18.3923,1,5.6785,1,36.6785,1
2024-02-13 11:00:00,18.3936,1,5.6787,1,36.6787,1
2024-02-13 11:30:00,18.3949,1,5.6790,1,36.6790,1
2024-02-13 12:00:00,18.3962,1,5.6792,1,36.6792,1
2024-02-13 12:30:00,18.3975,1,5.6795,1,36.6795,1
2024-02-13 13:00:00,18.3988,1,5.6798,1,36.6798,1
2024-02-13 13:30:00,18.4001,1,5.6800,1,36.6800,1
2024-02-13 14:00:00,18.4015,1,5.6803,1,36.6803,1
2024-02-13 14:30:00,18.4028,1,5.6806,1,36.6806,1
2024-02-13 15:00:00,18.4041,1,5.6808,1,36.6808,1
2024-02-13 15:30:00,18.4054,1,5.6811,1,36.6811,1
2024-02-13 16:00:00,18.4067,1,5.6813,1,36.6813,1
2024-02-13 16:30:00,18.4080,1,5.6816,1,36.6816,1
2024-02-13 17:00:00,18.4093,1,5.6819,1,36.6819,1
2024-02-13 17:30:00,18.4106,1,5.6821,1,36.6821,1
2024-02-13 18:00:00,18.4119,1,5.6824,1,36.6824,1
2024-02-13 18:30:00,18.4132,1,5.6826,1,36.6826,1
2024-02-13 19:00:00,18.4145,1,5.6829,1,36.6829,1
2024-02-13 19:30:00,18.4158,1,5.6832,1,36.6832,1
2024-02-13 20:00:00,18.4172,1,5.6834,1,36.6834,1
2024-02-13 20:30:00,18.4185,1,5.6837,1,36.6837,1
2024-02-13 21:00:00,18.4198,1,5.6840,1,36.6840,1
2024-02-13 21:30:00,18.4211,1,5.6842,1,36.6842,1
2024-02-13 22:00:00,18.4224,1,5.6845,1,36.6845,1
2024-02-13 22:30:00,18.4237,1,5.6847,1,36.6847,1
2024-02-13 23:00:00,18.4250,1,5.6850,1,36.6850,1
2024-02-13 23:30:00,18.4263,1,5.6853,1,36.6853,1
2024-02-14 00:00:00,18.4276,1,5.6855,1,36.6855,1
2024-02-14 00:30:00,18.4289,1,5.6858,1,36.6858,1
2024-02-14 01:00:00,18.4302,1,5.6860,1,36.6860,1
2024-02-14 01:30:00,18.4315,1,5.6863,1,36.6863,1
2024-02-14 02:00:00,18.4328,1,5.6866,1,36.6866,1
2024-02-14 02:30:00,18.4341,1,5.6868,1,36.6868,1
2024-02-14 03:00:00,18.4354,1,5.6871,1,36.6871,1
2024-02-14 03:30:00,18.4367,1,5.6873,1,36.6873,1
2024-02-14 04:00:00,18.4380,1,5.6876,1,36.6876,1
2024-02-14 04:30:00,18.4393,1,5.6879,1,36.6879,1
2024-02-14 05:00:00,18.4406,1,5.6881,1,36.6881,1
2024-02-14 05:30:00,18.4419,1,5.6884,1,36.6884,1
2024-02-14 06:00:00,18.4432,1,5.6886,1,36.6886,1
2024-02-14 06:30:00,18.4445,1,5.6889,1,36.6889,1
2024-02-14 07:00:00,18.4458,1,5.6892,1,36.6892,1
2024-02-14 07:30:00,18.4471,1,5.6894,1,36.6894,1
2024-02-14 08:00:00,18.4484,1,5.6897,1,36.6897,1
2024-02-14 08:30:00,18.4496,1,5.6899,1,36.6899,1
2024-02-14 09:00:00,18.4509,1,5.6902,1,36.6902,1
2024-02-14 09:30:00,18.4522,1,5.6904,1,36.6904,1
2024-02-14 10:00:00,18.4535,1,5.6907,1,36.6907,1
2024-02-14 10:30:00,18.4548,1,5.6910,1,36.6910,1
2024-02-14 11:00:00,18.4561,1,5.6912,1,36.6912,1
2024-02-14 11:30:00,18.4574,1,5.6915,1,36.6915,1
2024-02-14 12:00:00,18.4587,1,5.6917,1,36.6917,1
2024-02-14 12:30:00,18.4600,1,5.6920,1,36.6920,1
2024-02-14 13:00:00,18.4613,1,5.6923,1,36.6923,1
2024-02-14 13:30:00,18.4626,1,5.6925,1,36.6925,1
2024-02-14 14:00:00,18.4639,1,5.6928,1,36.6928,1
2024-02-14 14:30:00,18.4652,1,5.6930,1,36.6930,1
2024-02-14 15:00:00,18.4664,1,5.6933,1,36.6933,1
2024-02-14 15:30:00,18.4677,1,5.6935,1,36.6935,1
2024-02-14 16:00:00,18.4690,1,5.6938,1,36.6938,1
2024-02-14 16:30:00,18.4703,1,5.6941,1,36.6941,1
2024-02-14 17:00:00,18.4716,1,5.6943,1,36.6943,1
2024-02-14 17:30:00,18.4729,1,5.6946,1,36.6946,1
2024-02-14 18:00:00,18.4742,1,5.6948,1,36.6948,1
2024-02-14 18:30:00,18.4754,1,5.6951,1,36.6951,1
2024-02-14 19:00:00,18.4767,1,5.6953,1,36.6953,1
2024-02-14 19:30:00,18.4780,1,5.6956,1,36.6956,1
2024-02-14 20:00:00,18.4793,1,5.6959,1,36.6959,1
2024-02-14 20:30:00,18.4806,1,5.6961,1,36.6961,1
2024-02-14 21:00:00,18.4819,1,5.6964,1,36.6964,1
2024-02-14 21:30:00,18.4832,1,5.6966,1,36.6966,1
2024-02-14 22:00:00,18.4844,1,5.6969,1,36.6969,1
2024-02-14 22:30:00,18.4857,1,5.6971,1,36.6971,1
2024-02-14 23:00:00,18.4870,1,5.6974,1,36.6974,1
2024-02-14 23:30:00,18.4883,1,5.6977,1,36.6977,1
2024-02-15 00:00:00,18.4896,1,5.6979,1,36.6979,1
2024-02-15 00:30:00,18.4908,1,5.6982,1,36.6982,1
2024-02-15 01:00:00,18.4921,1,5.6984,1,36.6984,1
2024-02-15 01:30:00,18.4934,1,5.6987,1,36.6987,1
2024-02-15 02:00:00,18.4947,1,5.6989,1,36.6989,1
2024-02-15 02:30:00,18.4960,1,5.6992,1,36.6992,1
2024-02-15 03:00:00,18.4972,1,5.6994,1,36.6994,1
2024-02-15 03:30:00,18.4985,1,5.6997,1,36.6997,1
2024-02-15 04:00:00,18.4998,1,5.7000,1,36.7000,1
2024-02-15 04:30:00,18.5011,1,5.7002,1,36.7002,1
2024-02-15 05:00:00,18.5023,1,5.7005,1,36.7005,1
2024-02-15 05:30:00,18.5036,1,5.7007,1,36.7007,1
2024-02-15 06:00:00,18.5049,1,5.7010,1,36.7010,1
2024-02-15 06:30:00,18.5062,1,5.7012,1,36.7012,1
2024-02-15 07:00:00,18.5074,1,5.7015,1,36.7015,1
2024-02-15 07:30:00,18.5087,1,5.7017,1,36.7017,1
2024-02-15 08:00:00,18.5100,1,5.7020,1,36.7020,1
2024-02-15 08:30:00,18.5113,1,5.7023,1,36.7023,1
2024-02-15 09:00:00,18.5125,1,5.7025,1,36.7025,1
2024-02-15 09:30:00,18.5138,1,5.7028,1,36.7028,1
2024-02-15 10:00:00,18.5151,1,5.7030,1,36.7030,1
2024-02-15 10:30:00,18.5164,1,5.7033,1,36.7033,1
2024-02-15 11:00:00,18.5176,1,5.7035,1,36.7035,1
2024-02-15 11:30:00,18.5189,1,5.7038,1,36.7038,1
2024-02-15 12:00:00,18.5202,1,5.7040,1,36.7040,1
2024-02-15 12:30:00,18.5214,1,5.7043,1,36.7043,1
2024-02-15 13:00:00,18.5227,1,5.7045,1,36.7045,1
2024-02-15 13:30:00,18.5240,1,5.7048,1,36.7048,1
2024-02-15 14:00:00,18.5252,1,5.7050,1,36.7050,1
2024-02-15 14:30:00,18.5265,1,5.7053,1,36.7053,1
2024-02-15 15:00:00,18.5278,1,5.7056,1,36.7056,1
2024-02-15 15:30:00,18.5290,1,5.7058,1,36.7058,1
2024-02-15 16:00:00,18.5303,1,5.7061,1,36.7061,1
2024-02-15 16:30:00,18.5316,1,5.7063,1,36.7063,1
2024-02-15 17:00:00,18.5328,1,5.7066,1,36.7066,1
2024-02-15 17:30:00,18.5341,1,5.7068,1,36.7068,1
2024-02-15 18:00:00,18.5354,1,5.7071,1,36.7071,1
2024-02-15 18:30:00,18.5366,1,5.7073,1,36.7073,1
2024-02-15 19:00:00,18.5379,1,5.7076,1,36.7076,1
2024-02-15 19:30:00,18.5392,1,5.7078,1,36.7078,1
2024-02-15 20:00:00,18.5404,1,5.7081,1,36.7081,1
2024-02-15 20:30:00,18.5417,1,5.7083,1,36.7083,1
2024-02-15 21:00:00,18.5430,1,5.7086,1,36.7086,1
2024-02-15 21:30:00,18.5442,1,5.7088,1,36.7088,1
2024-02-15 22:00:00,18.5455,1,5.7091,1,36.7091,1
2024-02-15 22:30:00,18.5467,1,5.7093,1,36.7093,1
2024-02-15 23:00:00,18.5480,1,5.7096,1,36.7096,1
2024-02-15 23:30:00,18.5493,1,5.7099,1,36.7099,1
2024-02-16 00:00:00,18.5505,1,5.7101,1,36.7101,1
2024-02-16 00:30:00,18.5518,1,5.7104,1,36.7104,1
2024-02-16 01:00:00,18.5530,1,5.7106,1,36.7106,1
2024-02-16 01:30:00,18.5543,1,5.7109,1,36.7109,1
2024-02-16 02:00:00,18.5555,1,5.7111,1,36.7111,1
2024-02-16 02:30:00,18.5568,1,5.7114,1,36.7114,1
2024-02-16 03:00:00,18.5581,1,5.7116,1,36.7116,1
2024-02-16 03:30:00,18.5593,1,5.7119,1,36.7119,1
2024-02-16 04:00:00,18.5606,1,5.7121,1,36.7121,1
2024-02-16 04:30:00,18.5618,1,5.7124,1,36.7124,1
2024-02-16 05:00:00,18.5631,1,5.7126,1,36.7126,1
2024-02-16 05:30:00,18.5643,1,5.7129,1,36.7129,1
2024-02-16 06:00:00,18.5656,1,5.7131,1,36.7131,1
2024-02-16 06:30:00,18.5668,1,5.7134,1,36.7134,1
2024-02-16 07:00:00,18.5681,1,5.7136,1,36.7136,1
2024-02-16 07:30:00,18.5694,1,5.7139,1,36.7139,1
2024-02-16 08:00:00,18.5706,1,5.7141,1,36.7141,1
2024-02-16 08:30:00,18.5719,1,5.7144,1,36.7144,1
2024-02-16 09:00:00,18.5731,1,5.7146,1,36.7146,1
2024-02-16 09:30:00,18.5744,1,5.7149,1,36.7149,1
2024-02-16 10:00:00,18.5756,1,5.7151,1,36.7151,1
2024-02-16 10:30:00,18.5769,1,5.7154,1,36.7154,1
2024-02-16 11:00:00,18.5781,1,5.7156,1,36.7156,1
2024-02-16 11:30:00,18.5794,1,5.7159,1,36.7159,1
2024-02-16 12:00:00,18.5806,1,5.7161,1,36.7161,1
2024-02-16 12:30:00,18.5819,1,5.7164,1,36.7164,1
2024-02-16 13:00:00,18.5831,1,5.7166,1,36.7166,1
2024-02-16 13:30:00,18.5843,1,5.7169,1,36.7169,1
2024-02-16 14:00:00,18.5856,1,5.7171,1,36.7171,1
2024-02-16 14:30:00,18.5868,1,5.7174,1,36.7174,1
2024-02-16 15:00:00,18.5881,1,5.7176,1,36.7176,1
2024-02-16 15:30:00,18.5893,1,5.7179,1,36.7179,1
2024-02-16 16:00:00,18.5906,1,5.7181,1,36.7181,1
2024-02-16 16:30:00,18.5918,1,5.7184,1,36.7184,1
2024-02-16 17:00:00,18.5931,1,5.7186,1,36.7186,1
2024-02-16 17:30:00,18.5943,1,5.7189,1,36.7189,1
2024-02-16 18:00:00,18.5955,1,5.7191,1,36.7191,1
2024-02-16 18:30:00,18.5968,1,5.7194,1,36.7194,1
2024-02-16 19:00:00,18.5980,1,5.7196,1,36.7196,1
2024-02-16 19:30:00,18.5993,1,5.7199,1,36.7199,1
2024-02-16 20:00:00,18.6005,1,5.7201,1,36.7201,1
2024-02-16 20:30:00,18.6018,1,5.7204,1,36.7204,1
2024-02-16 21:00:00,18.6030,1,5.7206,1,36.7206,1
2024-02-16 21:30:00,18.6042,1,5.7208,1,36.7208,1
2024-02-16 22:00:00,18.6055,1,5.7211,1,36.7211,1
2024-02-16 22:30:00,18.6067,1,5.7213,1,36.7213,1
2024-02-16 23:00:00,18.6079,1,5.7216,1,36.7216,1
2024-02-16 23:30:00,18.6092,1,5.7218,1,36.7218,1
2024-02-17 00:00:00,18.6104,1,5.7221,1,36.7221,1
2024-02-17 00:30:00,18.6117,1,5.7223,1,36.7223,1
2024-02-17 01:00:00,18.6129,1,5.7226,1,36.7226,1
2024-02-17 01:30:00,18.6141,1,5.7228,1,36.7228,1
2024-02-17 02:00:00,18.6154,1,5.7231,1,36.7231,1
2024-02-17 02:30:00,18.6166,1,5.7233,1,36.7233,1
2024-02-17 03:00:00,18.6178,1,5.7236,1,36.7236,1
2024-02-17 03:30:00,18.6191,1,5.7238,1,36.7238,1
2024-02-17 04:00:00,18.6203,1,5.7241,1,36.7241,1
2024-02-17 04:30:00,18.6215,1,5.7243,1,36.7243,1
2024-02-17 05:00:00,18.6228,1,5.7246,1,36.7246,1
2024-02-17 05:30:00,18.6240,1,5.7248,1,36.7248,1
2024-02-17 06:00:00,18.6252,1,5.7250,1,36.7250,1
2024-02-17 06:30:00,18.6265,1,5.7253,1,36.7253,1
2024-02-17 07:00:00,18.6277,1,5.7255,1,36.7255,1
2024-02-17 07:30:00,18.6289,1,5.7258,1,36.7258,1
2024-02-17 08:00:00,18.6302,1,5.7260,1,36.7260,1
2024-02-17 08:30:00,18.6314,1,5.7263,1,36.7263,1
2024-02-17 09:00:00,18.6326,1,5.7265,1,36.7265,1
2024-02-17 09:30:00,18.6338,1,5.7268,1,36.7268,1
2024-02-17 10:00:00,18.6351,1,5.7270,1,36.7270,1
2024-02-17 10:30:00,18.6363,1,5.7273,1,36.7273,1
2024-02-17 11:00:00,18.6375,1,5.7275,1,36.7275,1
2024-02-17 11:30:00,18.6388,1,5.7278,1,36.7278,1
2024-02-17 12:00:00,18.6400,1,5.7280,1,36.7280,1
2024-02-17 12:30:00,18.6412,1,5.7282,1,36.7282,1
2024-02-17 13:00:00,18.6424,1,5.7285,1,36.7285,1
2024-02-17 13:30:00,18.6437,1,5.7287,1,36.7287,1
2024-02-17 14:00:00,18.6449,1,5.7290,1,36.7290,1
2024-02-17 14:30:00,18.6461,1,5.7292,1,36.7292,1
2024-02-17 15:00:00,18.6473,1,5.7295,1,36.7295,1
2024-02-17 15:30:00,18.6485,1,5.7297,1,36.7297,1
2024-02-17 16:00:00,18.6498,1,5.7300,1,36.7300,1
2024-02-17 16:30:00,18.6510,1,5.7302,1,36.7302,1
2024-02-17 17:00:00,18.6522,1,5.7304,1,36.7304,1
2024-02-17 17:30:00,18.6534,1,5.7307,1,36.7307,1
2024-02-17 18:00:00,18.6547,1,5.7309,1,36.7309,1
2024-02-17 18:30:00,18.6559,1,5.7312,1,36.7312,1
2024-02-17 19:00:00,18.6571,1,5.7314,1,36.7314,1
2024-02-17 19:30:00,18.6583,1,5.7317,1,36.7317,1
2024-02-17 20:00:00,18.6595,1,5.7319,1,36.7319,1
2024-02-17 20:30:00,18.6608,1,5.7322,1,36.7322,1
2024-02-17 21:00:00,18.6620,1,5.7324,1,36.7324,1
2024-02-17 21:30:00,18.6632,1,5.7326,1,36.7326,1
2024-02-17 22:00:00,18.6644,1,5.7329,1,36.7329,1
2024-02-17 22:30:00,18.6656,1,5.7331,1,36.7331,1
2024-02-17 23:00:00,18.6668,1,5.7334,1,36.7334,1
2024-02-17 23:30:00,18.6681,1,5.7336,1,36.7336,1
2024-02-18 00:00:00,18.6693,1,5.7339,1,36.7339,1
2024-02-18 00:30:00,18.6705,1,5.7341,1,36.7341,1
2024-02-18 01:00:00,18.6717,1,5.7343,1,36.7343,1
2024-02-18 01:30:00,18.6729,1,5.7346,1,36.7346,1
2024-02-18 02:00:00,18.6741,1,5.7348,1,36.7348,1
2024-02-18 02:30:00,18.6753,1,5.7351,1,36.7351,1
2024-02-18 03:00:00,18.6765,1,5.7353,1,36.7353,1
2024-02-18 03:30:00,18.6778,1,5.7356,1,36.7356,1
2024-02-18 04:00:00,18.6790,1,5.7358,1,36.7358,1
2024-02-18 04:30:00,18.6802,1,5.7360,1,36.7360,1
2024-02-18 05:00:00,18.6814,1,5.7363,1,36.7363,1
2024-02-18 05:30:00,18.6826,1,5.7365,1,36.7365,1
2024-02-18 06:00:00,18.6838,1,5.7368,1,36.7368,1
2024-02-18 06:30:00,18.6850,1,5.7370,1,36.7370,1
2024-02-18 07:00:00,18.6862,1,5.7372,1,36.7372,1
2024-02-18 07:30:00,18.6874,1,5.7375,1,36.7375,1
2024-02-18 08:00:00,18.6886,1,5.7377,1,36.7377,1
2024-02-18 08:30:00,18.6898,1,5.7380,1,36.7380,1
2024-02-18 09:00:00,18.6911,1,5.7382,1,36.7382,1
2024-02-18 09:30:00,18.6923,1,5.7385,1,36.7385,1
2024-02-18 10:00:00,18.6935,1,5.7387,1,36.7387,1
2024-02-18 10:30:00,18.6947,1,5.7389,1,36.7389,1
2024-02-18 11:00:00,18.6959,1,5.7392,1,36.7392,1
2024-02-18 11:30:00,18.6971,1,5.7394,1,36.7394,1
2024-02-18 12:00:00,18.6983,1,5.7397,1,36.7397,1
2024-02-18 12:30:00,18.6995,1,5.7399,1,36.7399,1
2024-02-18 13:00:00,18.7007,1,5.7401,1,36.7401,1
2024-02-18 13:30:00,18.7019,1,5.7404,1,36.7404,1
2024-02-18 14:00:00,18.7031,1,5.7406,1,36.7406,1
2024-02-18 14:30:00,18.7043,1,5.7409,1,36.7409,1
2024-02-18 15:00:00,18.7055,1,5.7411,1,36.7411,1
2024-02-18 15:30:00,18.7067,1,5.7413,1,36.7413,1
2024-02-18 16:00:00,18.7079,1,5.7416,1,36.7416,1
2024-02-18 16:30:00,18.7091,1,5.7418,1,36.7418,1
2024-02-18 17:00:00,18.7103,1,5.7421,1,36.7421,1
2024-02-18 17:30:00,18.7115,1,5.7423,1,36.7423,1
2024-02-18 18:00:00,18.7127,1,5.7425,1,36.7425,1
2024-02-18 18:30:00,18.7139,1,5.7428,1,36.7428,1
2024-02-18 19:00:00,18.7151,1,5.7430,1,36.7430,1
2024-02-18 19:30:00,18.7163,1,5.7433,1,36.7433,1
2024-02-18 20:00:00,18.7175,1,5.7435,1,36.7435,1
2024-02-18 20:30:00,18.7187,1,5.7437,1,36.7437,1
2024-02-18 21:00:00,18.7199,1,5.7440,1,36.7440,1
2024-02-18 21:30:00,18.7211,1,5.7442,1,36.7442,1
2024-02-18 22:00:00,18.7223,1,5.7445,1,36.7445,1
2024-02-18 22:30:00,18.7235,1,5.7447,1,36.7447,1
2024-02-18 23:00:00,18.7246,1,5.7449,1,36.7449,1
2024-02-18 23:30:00,18.7258,1,5.7452,1,36.7452,1
2024-02-19 00:00:00,18.7270,1,5.7454,1,36.7454,1
2024-02-19 00:30:00,18.7282,1,5.7456,1,36.7456,1
2024-02-19 01:00:00,18.7294,1,5.7459,1,36.7459,1
2024-02-19 01:30:00,18.7306,1,5.7461,1,36.7461,1
2024-02-19 02:00:00,18.7318,1,5.7464,1,36.7464,1
2024-02-19 02:30:00,18.7330,1,5.7466,1,36.7466,1
2024-02-19 03:00:00,18.7342,1,5.7468,1,36.7468,1
2024-02-19 03:30:00,18.7354,1,5.7471,1,36.7471,1
2024-02-19 04:00:00,18.7366,1,5.7473,1,36.7473,1
2024-02-19 04:30:00,18.7377,1,5.7475,1,36.7475,1
2024-02-19 05:00:00,18.7389,1,5.7478,1,36.7478,1
2024-02-19 05:30:00,18.7401,1,5.7480,1,36.7480,1
2024-02-19 06:00:00,18.7413,1,5.7483,1,36.7483,1
2024-02-19 06:30:00,18.7425,1,5.7485,1,36.7485,1
2024-02-19 07:00:00,18.7437,1,5.7487,1,36.7487,1
2024-02-19 07:30:00,18.7449,1,5.7490,1,36.7490,1
2024-02-19 08:00:00,18.7460,1,5.7492,1,36.7492,1
2024-02-19 08:30:00,18.7472,1,5.7494,1,36.7494,1
2024-02-19 09:00:00,18.7484,1,5.7497,1,36.7497,1
2024-02-19 09:30:00,18.7496,1,5.7499,1,36.7499,1
2024-02-19 10:00:00,18.7508,1,5.7502,1,36.7502,1
2024-02-19 10:30:00,18.7520,1,5.7504,1,36.7504,1
2024-02-19 11:00:00,18.7531,1,5.7506,1,36.7506,1
2024-02-19 11:30:00,18.7543,1,5.7509,1,36.7509,1
2024-02-19 12:00:00,18.7555,1,5.7511,1,36.7511,1
2024-02-19 12:30:00,18.7567,1,5.7513,1,36.7513,1
2024-02-19 13:00:00,18.7579,1,5.7516,1,36.7516,1
2024-02-19 13:30:00,18.7590,1,5.7518,1,36.7518,1
2024-02-19 14:00:00,18.7602,1,5.7520,1,36.7520,1
2024-02-19 14:30:00,18.7614,1,5.7523,1,36.7523,1
2024-02-19 15:00:00,18.7626,1,5.7525,1,36.7525,1
2024-02-19 15:30:00,18.7638,1,5.7528,1,36.7528,1
2024-02-19 16:00:00,18.7649,1,5.7530,1,36.7530,1
2024-02-19 16:30:00,18.7661,1,5.7532,1,36.7532,1
2024-02-19 17:00:00,18.7673,1,5.7535,1,36.7535,1
2024-02-19 17:30:00,18.7685,1,5.7537,1,36.7537,1
2024-02-19 18:00:00,18.7696,1,5.7539,1,36.7539,1
2024-02-19 18:30:00,18.7708,1,5.7542,1,36.7542,1
2024-02-19 19:00:00,18.7720,1,5.7544,1,36.7544,1
2024-02-19 19:30:00,18.7732,1,5.7546,1,36.7546,1
2024-02-19 20:00:00,18.7743,1,5.7549,1,36.7549,1
2024-02-19 20:30:00,18.7755,1,5.7551,1,36.7551,1
2024-02-19 21:00:00,18.7767,1,5.7553,1,36.7553,1
2024-02-19 21:30:00,18.7778,1,5.7556,1,36.7556,1
2024-02-19 22:00:00,18.7790,1,5.7558,1,36.7558,1
2024-02-19 22:30:00,18.7802,1,5.7560,1,36.7560,1
2024-02-19 23:00:00,18.7814,1,5.7563,1,36.7563,1
2024-02-19 23:30:00,18.7825,1,5.7565,1,36.7565,1
2024-02-20 00:00:00,18.7837,1,5.7567,1,36.7567,1
2024-02-20 00:30:00,18.7849,1,5.7570,1,36.7570,1
2024-02-20 01:00:00,18.7860,1,5.7572,1,36.7572,1
2024-02-20 01:30:00,18.7872,1,5.7574,1,36.7574,1
2024-02-20 02:00:00,18.7884,1,5.7577,1,36.7577,1
2024-02-20 02:30:00,18.7895,1,5.7579,1,36.7579,1
2024-02-20 03:00:00,18.7907,1,5.7581,1,36.7581,1
2024-02-20 03:30:00,18.7919,1,5.7584,1,36.7584,1
2024-02-20 04:00:00,18.7930,1,5.7586,1,36.7586,1
2024-02-20 04:30:00,18.7942,1,5.7588,1,36.7588,1
2024-02-20 05:00:00,18.7954,1,5.7591,1,36.7591,1
2024-02-20 05:30:00,18.7965,1,5.7593,1,36.7593,1
2024-02-20 06:00:00,18.7977,1,5.7595,1,36.7595,1
2024-02-20 06:30:00,18.7988,1,5.7598,1,36.7598,1
2024-02-20 07:00:00,18.8000,1,5.7600,1,36.7600,1
2024-02-20 07:30:00,18.8012,1,5.7602,1,36.7602,1
2024-02-20 08:00:00,18.8023,1,5.7605,1,36.7605,1
2024-02-20 08:30:00,18.8035,1,5.7607,1,36.7607,1
2024-02-20 09:00:00,18.8047,1,5.7609,1,36.7609,1
2024-02-20 09:30:00,18.8058,1,5.7612,1,36.7612,1
2024-02-20 10:00:00,18.8070,1,5.7614,1,36.7614,1
2024-02-20 10:30:00,18.8081,1,5.7616,1,36.7616,1
2024-02-20 11:00:00,18.8093,1,5.7619,1,36.7619,1
2024-02-20 11:30:00,18.8105,1,5.7621,1,36.7621,1
2024-02-20 12:00:00,18.8116,1,5.7623,1,36.7623,1
2024-02-20 12:30:00,18.8128,1,5.7626,1,36.7626,1
2024-02-20 13:00:00,18.8139,1,5.7628,1,36.7628,1
2024-02-20 13:30:00,18.8151,1,5.7630,1,36.7630,1
2024-02-20 14:00:00,18.8162,1,5.7632,1,36.7632,1
2024-02-20 14:30:00,18.8174,1,5.7635,1,36.7635,1
2024-02-20 15:00:00,18.8185,1,5.7637,1,36.7637,1
2024-02-20 15:30:00,18.8197,1,5.7639,1,36.7639,1
2024-02-20 16:00:00,18.8209,1,5.7642,1,36.7642,1
2024-02-20 16:30:00,18.8220,1,5.7644,1,36.7644,1
2024-02-20 17:00:00,18.8232,1,5.7646,1,36.7646,1
2024-02-20 17:30:00,18.8243,1,5.7649,1,36.7649,1
2024-02-20 18:00:00,18.8255,1,5.7651,1,36.7651,1
2024-02-20 18:30:00,18.8266,1,5.7653,1,36.7653,1
2024-02-20 19:00:00,18.8278,1,5.7656,1,36.7656,1
2024-02-20 19:30:00,18.8289,1,5.7658,1,36.7658,1
2024-02-20 20:00:00,18.8301,1,5.7660,1,36.7660,1
2024-02-20 20:30:00,18.8312,1,5.7662,1,36.7662,1
2024-02-20 21:00:00,18.8324,1,5.7665,1,36.7665,1
2024-02-20 21:30:00,18.8335,1,5.7667,1,36.7667,1
2024-02-20 22:00:00,18.8347,1,5.7669,1,36.7669,1
2024-02-20 22:30:00,18.8358,1,5.7672,1,36.7672,1
2024-02-20 23:00:00,18.8370,1,5.7674,1,36.7674,1
2024-02-20 23:30:00,18.8381,1,5.7676,1,36.7676,1
2024-02-21 00:00:00,18.8392,1,5.7678,1,36.7678,1
2024-02-21 00:30:00,18.8404,1,5.7681,1,36.7681,1
2024-02-21 01:00:00,18.8415,1,5.7683,1,36.7683,1
2024-02-21 01:30:00,18.8427,1,5.7685,1,36.7685,1
2024-02-21 02:00:00,18.8438,1,5.7688,1,36.7688,1
2024-02-21 02:30:00,18.8450,1,5.7690,1,36.7690,1
2024-02-21 03:00:00,18.8461,1,5.7692,1,36.7692,1
2024-02-21 03:30:00,18.8472,1,5.7694,1,36.7694,1
2024-02-21 04:00:00,18.8484,1,5.7697,1,36.7697,1
2024-02-21 04:30:00,18.8495,1,5.7699,1,36.7699,1
2024-02-21 05:00:00,18.8507,1,5.7701,1,36.7701,1
2024-02-21 05:30:00,18.8518,1,5.7704,1,36.7704,1
2024-02-21 06:00:00,18.8530,1,5.7706,1,36.7706,1
2024-02-21 06:30:00,18.8541,1,5.7708,1,36.7708,1
2024-02-21 07:00:00,18.8552,1,5.7710,1,36.7710,1
2024-02-21 07:30:00,18.8564,1,5.7713,1,36.7713,1
2024-02-21 08:00:00,18.8575,1,5.7715,1,36.7715,1
2024-02-21 08:30:00,18.8586,1,5.7717,1,36.7717,1
2024-02-21 09:00:00,18.8598,1,5.7720,1,36.7720,1
2024-02-21 09:30:00,18.8609,1,5.7722,1,36.7722,1
2024-02-21 10:00:00,18.8621,1,5.7724,1,36.7724,1
2024-02-21 10:30:00,18.8632,1,5.7726,1,36.7726,1
2024-02-21 11:00:00,18.8643,1,5.7729,1,36.7729,1
2024-02-21 11:30:00,18.8655,1,5.7731,1,36.7731,1
2024-02-21 12:00:00,18.8666,1,5.7733,1,36.7733,1
2024-02-21 12:30:00,18.8677,1,5.7735,1,36.7735,1
2024-02-21 13:00:00,18.8689,1,5.7738,1,36.7738,1
2024-02-21 13:30:00,18.8700,1,5.7740,1,36.7740,1
2024-02-21 14:00:00,18.8711,1,5.7742,1,36.7742,1
2024-02-21 14:30:00,18.8723,1,5.7745,1,36.7745,1
2024-02-21 15:00:00,18.8734,1,5.7747,1,36.7747,1
2024-02-21 15:30:00,18.8745,1,5.7749,1,36.7749,1
2024-02-21 16:00:00,18.8756,1,5.7751,1,36.7751,1
2024-02-21 16:30:00,18.8768,1,5.7754,1,36.7754,1
2024-02-21 17:00:00,18.8779,1,5.7756,1,36.7756,1
2024-02-21 17:30:00,18.8790,1,5.7758,1,36.7758,1
2024-02-21 18:00:00,18.8802,1,5.7760,1,36.7760,1
2024-02-21 18:30:00,18.8813,1,5.7763,1,36.7763,1
2024-02-21 19:00:00,18.8824,1,5.7765,1,36.7765,1
2024-02-21 19:30:00,18.8835,1,5.7767,1,36.7767,1
2024-02-21 20:00:00,18.8847,1,5.7769,1,36.7769,1
2024-02-21 20:30:00,18.8858,1,5.7772,1,36.7772,1
2024-02-21 21:00:00,18.8869,1,5.7774,1,36.7774,1
2024-02-21 21:30:00,18.8880,1,5.7776,1,36.7776,1
2024-02-21 22:00:00,18.8892,1,5.7778,1,36.7778,1
2024-02-21 22:30:00,18.8903,1,5.7781,1,36.7781,1
2024-02-21 23:00:00,18.8914,1,5.7783,1,36.7783,1
2024-02-21 23:30:00,18.8925,1,5.7785,1,36.7785,1
2024-02-22 00:00:00,18.8937,1,5.7787,1,36.7787,1
2024-02-22 00:30:00,18.8948,1,5.7790,1,36.7790,1
2024-02-22 01:00:00,18.8959,1,5.7792,1,36.7792,1
2024-02-22 01:30:00,18.8970,1,5.7794,1,36.7794,1
2024-02-22 02:00:00,18.8981,1,5.7796,1,36.7796,1
2024-02-22 02:30:00,18.8993,1,5.7799,1,36.7799,1
2024-02-22 03:00:00,18.9004,1,5.7801,1,36.7801,1
2024-02-22 03:30:00,18.9015,1,5.7803,1,36.7803,1
2024-02-22 04:00:00,18.9026,1,5.7805,1,36.7805,1
2024-02-22 04:30:00,18.9037,1,5.7807,1,36.7807,1
2024-02-22 05:00:00,18.9049,1,5.7810,1,36.7810,1
2024-02-22 05:30:00,18.9060,1,5.7812,1,36.7812,1
2024-02-22 06:00:00,18.9071,1,5.7814,1,36.7814,1
2024-02-22 06:30:00,18.9082,1,5.7816,1,36.7816,1
2024-02-22 07:00:00,18.9093,1,5.7819,1,36.7819,1
2024-02-22 07:30:00,18.9104,1,5.7821,1,36.7821,1
2024-02-22 08:00:00,18.9115,1,5.7823,1,36.7823,1
2024-02-22 08:30:00,18.9127,1,5.7825,1,36.7825,1
2024-02-22 09:00:00,18.9138,1,5.7828,1,36.7828,1
2024-02-22 09:30:00,18.9149,1,5.7830,1,36.7830,1
2024-02-22 10:00:00,18.9160,1,5.7832,1,36.7832,1
2024-02-22 10:30:00,18.9171,1,5.7834,1,36.7834,1
2024-02-22 11:00:00,18.9182,1,5.7836,1,36.7836,1
2024-02-22 11:30:00,18.9193,1,5.7839,1,36.7839,1
2024-02-22 12:00:00,18.9204,1,5.7841,1,36.7841,1
2024-02-22 12:30:00,18.9215,1,5.7843,1,36.7843,1
2024-02-22 13:00:00,18.9227,1,5.7845,1,36.7845,1
2024-02-22 13:30:00,18.9238,1,5.7848,1,36.7848,1
2024-02-22 14:00:00,18.9249,1,5.7850,1,36.7850,1
2024-02-22 14:30:00,18.9260,1,5.7852,1,36.7852,1
2024-02-22 15:00:00,18.9271,1,5.7854,1,36.7854,1
2024-02-22 15:30:00,18.9282,1,5.7856,1,36.7856,1
2024-02-22 16:00:00,18.9293,1,5.7859,1,36.7859,1
2024-02-22 16:30:00,18.9304,1,5.7861,1,36.7861,1
2024-02-22 17:00:00,18.9315,1,5.7863,1,36.7863,1
2024-02-22 17:30:00,18.9326,1,5.7865,1,36.7865,1
2024-02-22 18:00:00,18.9337,1,5.7867,1,36.7867,1
2024-02-22 18:30:00,18.9348,1,5.7870,1,36.7870,1
2024-02-22 19:00:00,18.9359,1,5.7872,1,36.7872,1
2024-02-22 19:30:00,18.9370,1,5.7874,1,36.7874,1
2024-02-22 20:00:00,18.9381,1,5.7876,1,36.7876,1
2024-02-22 20:30:00,18.9392,1,5.7878,1,36.7878,1
2024-02-22 21:00:00,18.9403,1,5.7881,1,36.7881,1
2024-02-22 21:30:00,18.9414,1,5.7883,1,36.7883,1
2024-02-22 22:00:00,18.9425,1,5.7885,1,36.7885,1
2024-02-22 22:30:00,18.9436,1,5.7887,1,36.7887,1
2024-02-22 23:00:00,18.9447,1,5.7889,1,36.7889,1
2024-02-22 23:30:00,18.9458,1,5.7892,1,36.7892,1
2024-02-23 00:00:00,18.9469,1,5.7894,1,36.7894,1
2024-02-23 00:30:00,18.9480,1,5.7896,1,36.7896,1
2024-02-23 01:00:00,18.9491,1,5.7898,1,36.7898,1
2024-02-23 01:30:00,18.9502,1,5.7900,1,36.7900,1
2024-02-23 02:00:00,18.9513,1,5.7903,1,36.7903,1
2024-02-23 02:30:00,18.9524,1,5.7905,1,36.7905,1
2024-02-23 03:00:00,18.9535,1,5.7907,1,36.7907,1
2024-02-23 03:30:00,18.9546,1,5.7909,1,36.7909,1
2024-02-23 04:00:00,18.9557,1,5.7911,1,36.7911,1
2024-02-23 04:30:00,18.9568,1,5.7914,1,36.7914,1
2024-02-23 05:00:00,18.9579,1,5.7916,1,36.7916,1
2024-02-23 05:30:00,18.9590,1,5.7918,1,36.7918,1
2024-02-23 06:00:00,18.9601,1,5.7920,1,36.7920,1
2024-02-23 06:30:00,18.9612,1,5.7922,1,36.7922,1
2024-02-23 07:00:00,18.9622,1,5.7924,1,36.7924,1
2024-02-23 07:30:00,18.9633,1,5.7927,1,36.7927,1
2024-02-23 08:00:00,18.9644,1,5.7929,1,36.7929,1
2024-02-23 08:30:00,18.9655,1,5.7931,1,36.7931,1
2024-02-23 09:00:00,18.9666,1,5.7933,1,36.7933,1
2024-02-23 09:30:00,18.9677,1,5.7935,1,36.7935,1
2024-02-23 10:00:00,18.9688,1,5.7938,1,36.7938,1
2024-02-23 10:30:00,18.9699,1,5.7940,1,36.7940,1
2024-02-23 11:00:00,18.9710,1,5.7942,1,36.7942,1
2024-02-23 11:30:00,18.9720,1,5.7944,1,36.7944,1
2024-02-23 12:00:00,18.9731,1,5.7946,1,36.7946,1
2024-02-23 12:30:00,18.9742,1,5.7948,1,36.7948,1
2024-02-23 13:00:00,18.9753,1,5.7951,1,36.7951,1
2024-02-23 13:30:00,18.9764,1,5.7953,1,36.7953,1
2024-02-23 14:00:00,18.9775,1,5.7955,1,36.7955,1
2024-02-23 14:30:00,18.9786,1,5.7957,1,36.7957,1
2024-02-23 15:00:00,18.9796,1,5.7959,1,36.7959,1
2024-02-23 15:30:00,18.9807,1,5.7961,1,36.7961,1
2024-02-23 16:00:00,18.9818,1,5.7964,1,36.7964,1
2024-02-23 16:30:00,18.9829,1,5.7966,1,36.7966,1
2024-02-23 17:00:00,18.9840,1,5.7968,1,36.7968,1
2024-02-23 17:30:00,18.9850,1,5.7970,1,36.7970,1
2024-02-23 18:00:00,18.9861,1,5.7972,1,36.7972,1
2024-02-23 18:30:00,18.9872,1,5.7974,1,36.7974,1
2024-02-23 19:00:00,18.9883,1,5.7977,1,36.7977,1
2024-02-23 19:30:00,18.9894,1,5.7979,1,36.7979,1
2024-02-23 20:00:00,18.9904,1,5.7981,1,36.7981,1
2024-02-23 20:30:00,18.9915,1,5.7983,1,36.7983,1
2024-02-23 21:00:00,18.9926,1,5.7985,1,36.7985,1
2024-02-23 21:30:00,18.9937,1,5.7987,1,36.7987,1
2024-02-23 22:00:00,18.9947,1,5.7989,1,36.7989,1
2024-02-23 22:30:00,18.9958,1,5.7992,1,36.7992,1
2024-02-23 23:00:00,18.9969,1,5.7994,1,36.7994,1
2024-02-23 23:30:00,18.9980,1,5.7996,1,36.7996,1
2024-02-24 00:00:00,18.9990,1,5.7998,1,36.7998,1
2024-02-24 00:30:00,19.0001,1,5.8000,1,36.8000,1
2024-02-24 01:00:00,19.0012,1,5.8002,1,36.8002,1
2024-02-24 01:30:00,19.0023,1,5.8005,1,36.8005,1
2024-02-24 02:00:00,19.0033,1,5.8007,1,36.8007,1
2024-02-24 02:30:00,19.0044,1,5.8009,1,36.8009,1
2024-02-24 03:00:00,19.0055,1,5.8011,1,36.8011,1
2024-02-24 03:30:00,19.0065,1,5.8013,1,36.8013,1
2024-02-24 04:00:00,19.0076,1,5.8015,1,36.8015,1
2024-02-24 04:30:00,19.0087,1,5.8017,1,36.8017,1
2024-02-24 05:00:00,19.0097,1,5.8019,1,36.8019,1
2024-02-24 05:30:00,19.0108,1,5.8022,1,36.8022,1
2024-02-24 06:00:00,19.0119,1,5.8024,1,36.8024,1
2024-02-24 06:30:00,19.0129,1,5.8026,1,36.8026,1
2024-02-24 07:00:00,19.0140,1,5.8028,1,36.8028,1
2024-02-24 07:30:00,19.0151,1,5.8030,1,36.8030,1
2024-02-24 08:00:00,19.0161,1,5.8032,1,36.8032,1
2024-02-24 08:30:00,19.0172,1,5.8034,1,36.8034,1
2024-02-24 09:00:00,19.0183,1,5.8037,1,36.8037,1
2024-02-24 09:30:00,19.0193,1,5.8039,1,36.8039,1
2024-02-24 10:00:00,19.0204,1,5.8041,1,36.8041,1
2024-02-24 10:30:00,19.0215,1,5.8043,1,36.8043,1
2024-02-24 11:00:00,19.0225,1,5.8045,1,36.8045,1
2024-02-24 11:30:00,19.0236,1,5.8047,1,36.8047,1
2024-02-24 12:00:00,19.0247,1,5.8049,1,36.8049,1
2024-02-24 12:30:00,19.0257,1,5.8051,1,36.8051,1
2024-02-24 13:00:00,19.0268,1,5.8054,1,36.8054,1
2024-02-24 13:30:00,19.0278,1,5.8056,1,36.8056,1
2024-02-24 14:00:00,19.0289,1,5.8058,1,36.8058,1
2024-02-24 14:30:00,19.0299,1,5.8060,1,36.8060,1
2024-02-24 15:00:00,19.0310,1,5.8062,1,36.8062,1
2024-02-24 15:30:00,19.0321,1,5.8064,1,36.8064,1
2024-02-24 16:00:00,19.0331,1,5.8066,1,36.8066,1
2024-02-24 16:30:00,19.0342,1,5.8068,1,36.8068,1
2024-02-24 17:00:00,19.0352,1,5.8070,1,36.8070,1
2024-02-24 17:30:00,19.0363,1,5.8073,1,36.8073,1
2024-02-24 18:00:00,19.0373,1,5.8075,1,36.8075,1
2024-02-24 18:30:00,19.0384,1,5.8077,1,36.8077,1
2024-02-24 19:00:00,19.0395,1,5.8079,1,36.8079,1
2024-02-24 19:30:00,19.0405,1,5.8081,1,36.8081,1
2024-02-24 20:00:00,19.0416,1,5.8083,1,36.8083,1
2024-02-24 20:30:00,19.0426,1,5.8085,1,36.8085,1
2024-02-24 21:00:00,19.0437,1,5.8087,1,36.8087,1
2024-02-24 21:30:00,19.0447,1,5.8089,1,36.8089,1
2024-02-24 22:00:00,19.0458,1,5.8092,1,36.8092,1
2024-02-24 22:30:00,19.0468,1,5.8094,1,36.8094,1
2024-02-24 23:00:00,19.0479,1,5.8096,1,36.8096,1
2024-02-24 23:30:00,19.0489,1,5.8098,1,36.8098,1
2024-02-25 00:00:00,19.0500,1,5.8100,1,36.8100,1
2024-02-25 00:30:00,19.0510,1,5.8102,1,36.8102,1
2024-02-25 01:00:00,19.0521,1,5.8104,1,36.8104,1
2024-02-25 01:30:00,19.0531,1,5.8106,1,36.8106,1
2024-02-25 02:00:00,19.0542,1,5.8108,1,36.8108,1
2024-02-25 02:30:00,19.0552,1,5.8110,1,36.8110,1
2024-02-25 03:00:00,19.0562,1,5.8112,1,36.8112,1
2024-02-25 03:30:00,19.0573,1,5.8115,1,36.8115,1
2024-02-25 04:00:00,19.0583,1,5.8117,1,36.8117,1
2024-02-25 04:30:00,19.0594,1,5.8119,1,36.8119,1
2024-02-25 05:00:00,19.0604,1,5.8121,1,36.8121,1
2024-02-25 05:30:00,19.0615,1,5.8123,1,36.8123,1
2024-02-25 06:00:00,19.0625,1,5.8125,1,36.8125,1
2024-02-25 06:30:00,19.0636,1,5.8127,1,36.8127,1
2024-02-25 07:00:00,19.0646,1,5.8129,1,36.8129,1
2024-02-25 07:30:00,19.0656,1,5.8131,1,36.8131,1
2024-02-25 08:00:00,19.0667,1,5.8133,1,36.8133,1
2024-02-25 08:30:00,19.0677,1,5.8135,1,36.8135,1
2024-02-25 09:00:00,19.0688,1,5.8138,1,36.8138,1
2024-02-25 09:30:00,19.0698,1,5.8140,1,36.8140,1
2024-02-25 10:00:00,19.0708,1,5.8142,1,36.8142,1
2024-02-25 10:30:00,19.0719,1,5.8144,1,36.8144,1
2024-02-25 11:00:00,19.0729,1,5.8146,1,36.8146,1
2024-02-25 11:30:00,19.0739,1,5.8148,1,36.8148,1
2024-02-25 12:00:00,19.0750,1,5.8150,1,36.8150,1
2024-02-25 12:30:00,19.0760,1,5.8152,1,36.8152,1
2024-02-25 13:00:00,19.0771,1,5.8154,1,36.8154,1
2024-02-25 13:30:00,19.0781,1,5.8156,1,36.8156,1
2024-02-25 14:00:00,19.0791,1,5.8158,1,36.8158,1
2024-02-25 14:30:00,19.0802,1,5.8160,1,36.8160,1
2024-02-25 15:00:00,19.0812,1,5.8162,1,36.8162,1
2024-02-25 15:30:00,19.0822,1,5.8164,1,36.8164,1
2024-02-25 16:00:00,19.0833,1,5.8167,1,36.8167,1
2024-02-25 16:30:00,19.0843,1,5.8169,1,36.8169,1
2024-02-25 17:00:00,19.0853,1,5.8171,1,36.8171,1
2024-02-25 17:30:00,19.0864,1,5.8173,1,36.8173,1
2024-02-25 18:00:00,19.0874,1,5.8175,1,36.8175,1
2024-02-25 18:30:00,19.0884,1,5.8177,1,36.8177,1
2024-02-25 19:00:00,19.0894,1,5.8179,1,36.8179,1
2024-02-25 19:30:00,19.0905,1,5.8181,1,36.8181,1
2024-02-25 20:00:00,19.0915,1,5.8183,1,36.8183,1
2024-02-25 20:30:00,19.0925,1,5.8185,1,36.8185,1
2024-02-25 21:00:00,19.0936,1,5.8187,1,36.8187,1
2024-02-25 21:30:00,19.0946,1,5.8189,1,36.8189,1
2024-02-25 22:00:00,19.0956,1,5.8191,1,36.8191,1
2024-02-25 22:30:00,19.0966,1,5.8193,1,36.8193,1
2024-02-25 23:00:00,19.0977,1,5.8195,1,36.8195,1
2024-02-25 23:30:00,19.0987,1,5.8197,1,36.8197,1
2024-02-26 00:00:00,19.0997,1,5.8199,1,36.8199,1
2024-02-26 00:30:00,19.1007,1,5.8201,1,36.8201,1
2024-02-26 01:00:00,19.1017,1,5.8203,1,36.8203,1
2024-02-26 01:30:00,19.1028,1,5.8206,1,36.8206,1
2024-02-26 02:00:00,19.1038,1,5.8208,1,36.8208,1
2024-02-26 02:30:00,19.1048,1,5.8210,1,36.8210,1
2024-02-26 03:00:00,19.1058,1,5.8212,1,36.8212,1
2024-02-26 03:30:00,19.1069,1,5.8214,1,36.8214,1
2024-02-26 04:00:00,19.1079,1,5.8216,1,36.8216,1
2024-02-26 04:30:00,19.1089,1,5.8218,1,36.8218,1
2024-02-26 05:00:00,19.1099,1,5.8220,1,36.8220,1
2024-02-26 05:30:00,19.1109,1,5.8222,1,36.8222,1
2024-02-26 06:00:00,19.1119,1,5.8224,1,36.8224,1
2024-02-26 06:30:00,19.1130,1,5.8226,1,36.8226,1
2024-02-26 07:00:00,19.1140,1,5.8228,1,36.8228,1
2024-02-26 07:30:00,19.1150,1,5.8230,1,36.8230,1
2024-02-26 08:00:00,19.1160,1,5.8232,1,36.8232,1
2024-02-26 08:30:00,19.1170,1,5.8234,1,36.8234,1
2024-02-26 09:00:00,19.1180,1,5.8236,1,36.8236,1
2024-02-26 09:30:00,19.1191,1,5.8238,1,36.8238,1
2024-02-26 10:00:00,19.1201,1,5.8240,1,36.8240,1
2024-02-26 10:30:00,19.1211,1,5.8242,1,36.8242,1
2024-02-26 11:00:00,19.1221,1,5.8244,1,36.8244,1
2024-02-26 11:30:00,19.1231,1,5.8246,1,36.8246,1
2024-02-26 12:00:00,19.1241,1,5.8248,1,36.8248,1
2024-02-26 12:30:00,19.1251,1,5.8250,1,36.8250,1
2024-02-26 13:00:00,19.1261,1,5.8252,1,36.8252,1
2024-02-26 13:30:00,19.1271,1,5.8254,1,36.8254,1
2024-02-26 14:00:00,19.1282,1,5.8256,1,36.8256,1
2024-02-26 14:30:00,19.1292,1,5.8258,1,36.8258,1
2024-02-26 15:00:00,19.1302,1,5.8260,1,36.8260,1
2024-02-26 15:30:00,19.1312,1,5.8262,1,36.8262,1
2024-02-26 16:00:00,19.1322,1,5.8264,1,36.8264,1
2024-02-26 16:30:00,19.1332,1,5.8266,1,36.8266,1
2024-02-26 17:00:00,19.1342,1,5.8268,1,36.8268,1
2024-02-26 17:30:00,19.1352,1,5.8270,1,36.8270,1
2024-02-26 18:00:00,19.1362,1,5.8272,1,36.8272,1
2024-02-26 18:30:00,19.1372,1,5.8274,1,36.8274,1
2024-02-26 19:00:00,19.1382,1,5.8276,1,36.8276,1
2024-02-26 19:30:00,19.1392,1,5.8278,1,36.8278,1
2024-02-26 20:00:00,19.1402,1,5.8280,1,36.8280,1
2024-02-26 20:30:00,19.1412,1,5.8282,1,36.8282,1
2024-02-26 21:00:00,19.1422,1,5.8284,1,36.8284,1
2024-02-26 21:30:00,19.1432,1,5.8286,1,36.8286,1
2024-02-26 22:00:00,19.1442,1,5.8288,1,36.8288,1
2024-02-26 22:30:00,19.1452,1,5.8290,1,36.8290,1
2024-02-26 23:00:00,19.1462,1,5.8292,1,36.8292,1
2024-02-26 23:30:00,19.1472,1,5.8294,1,36.8294,1
2024-02-27 00:00:00,19.1482,1,5.8296,1,36.8296,1
2024-02-27 00:30:00,19.1492,1,5.8298,1,36.8298,1
2024-02-27 01:00:00,19.1502,1,5.8300,1,36.8300,1
2024-02-27 01:30:00,19.1512,1,5.8302,1,36.8302,1
2024-02-27 02:00:00,19.1522,1,5.8304,1,36.8304,1
2024-02-27 02:30:00,19.1532,1,5.8306,1,36.8306,1
2024-02-27 03:00:00,19.1542,1,5.8308,1,36.8308,1
2024-02-27 03:30:00,19.1552,1,5.8310,1,36.8310,1
2024-02-27 04:00:00,19.1562,1,5.8312,1,36.8312,1
2024-02-27 04:30:00,19.1572,1,5.8314,1,36.8314,1
2024-02-27 05:00:00,19.1582,1,5.8316,1,36.8316,1
2024-02-27 05:30:00,19.1592,1,5.8318,1,36.8318,1
2024-02-27 06:00:00,19.1602,1,5.8320,1,36.8320,1
2024-02-27 06:30:00,19.1612,1,5.8322,1,36.8322,1
2024-02-27 07:00:00,19.1622,1,5.8324,1,36.8324,1
2024-02-27 07:30:00,19.1631,1,5.8326,1,36.8326,1
2024-02-27 08:00:00,19.1641,1,5.8328,1,36.8328,1
2024-02-27 08:30:00,19.1651,1,5.8330,1,36.8330,1
2024-02-27 09:00:00,19.1661,1,5.8332,1,36.8332,1
2024-02-27 09:30:00,19.1671,1,5.8334,1,36.8334,1
2024-02-27 10:00:00,19.1681,1,5.8336,1,36.8336,1
2024-02-27 10:30:00,19.1691,1,5.8338,1,36.8338,1
2024-02-27 11:00:00,19.1701,1,5.8340,1,36.8340,1
2024-02-27 11:30:00,19.1710,1,5.8342,1,36.8342,1
2024-02-27 12:00:00,19.1720,1,5.8344,1,36.8344,1
2024-02-27 12:30:00,19.1730,1,5.8346,1,36.8346,1
2024-02-27 13:00:00,19.1740,1,5.8348,1,36.8348,1
2024-02-27 13:30:00,19.1750,1,5.8350,1,36.8350,1
2024-02-27 14:00:00,19.1760,1,5.8352,1,36.8352,1
2024-02-27 14:30:00,19.1770,1,5.8354,1,36.8354,1
2024-02-27 15:00:00,19.1779,1,5.8356,1,36.8356,1
2024-02-27 15:30:00,19.1789,1,5.8358,1,36.8358,1
2024-02-27 16:00:00,19.1799,1,5.8360,1,36.8360,1
2024-02-27 16:30:00,19.1809,1,5.8362,1,36.8362,1
2024-02-27 17:00:00,19.1819,1,5.8364,1,36.8364,1
2024-02-27 17:30:00,19.1828,1,5.8366,1,36.8366,1
2024-02-27 18:00:00,19.1838,1,5.8368,1,36.8368,1
2024-02-27 18:30:00,19.1848,1,5.8370,1,36.8370,1
2024-02-27 19:00:00,19.1858,1,5.8372,1,36.8372,1
2024-02-27 19:30:00,19.1868,1,5.8374,1,36.8374,1
2024-02-27 20:00:00,19.1877,1,5.8375,1,36.8375,1
2024-02-27 20:30:00,19.1887,1,5.8377,1,36.8377,1
2024-02-27 21:00:00,19.1897,1,5.8379,1,36.8379,1
2024-02-27 21:30:00,19.1907,1,5.8381,1,36.8381,1
2024-02-27 22:00:00,19.1916,1,5.8383,1,36.8383,1
2024-02-27 22:30:00,19.1926,1,5.8385,1,36.8385,1
2024-02-27 23:00:00,19.1936,1,5.8387,1,36.8387,1
2024-02-27 23:30:00,19.1946,1,5.8389,1,36.8389,1
2024-02-28 00:00:00,19.1955,1,5.8391,1,36.8391,1
2024-02-28 00:30:00,19.1965,1,5.8393,1,36.8393,1
2024-02-28 01:00:00,19.1975,1,5.8395,1,36.8395,1
2024-02-28 01:30:00,19.1985,1,5.8397,1,36.8397,1
2024-02-28 02:00:00,19.1994,1,5.8399,1,36.8399,1
2024-02-28 02:30:00,19.2004,1,5.8401,1,36.8401,1
2024-02-28 03:00:00,19.2014,1,5.8403,1,36.8403,1
2024-02-28 03:30:00,19.2023,1,5.8405,1,36.8405,1
2024-02-28 04:00:00,19.2033,1,5.8407,1,36.8407,1
2024-02-28 04:30:00,19.2043,1,5.8409,1,36.8409,1
2024-02-28 05:00:00,19.2052,1,5.8410,1,36.8410,1
2024-02-28 05:30:00,19.2062,1,5.8412,1,36.8412,1
2024-02-28 06:00:00,19.2072,1,5.8414,1,36.8414,1
2024-02-28 06:30:00,19.2081,1,5.8416,1,36.8416,1
2024-02-28 07:00:00,19.2091,1,5.8418,1,36.8418,1
2024-02-28 07:30:00,19.2101,1,5.8420,1,36.8420,1
2024-02-28 08:00:00,19.2110,1,5.8422,1,36.8422,1
2024-02-28 08:30:00,19.2120,1,5.8424,1,36.8424,1
2024-02-28 09:00:00,19.2130,1,5.8426,1,36.8426,1
2024-02-28 09:30:00,19.2139,1,5.8428,1,36.8428,1
2024-02-28 10:00:00,19.2149,1,5.8430,1,36.8430,1
2024-02-28 10:30:00,19.2158,1,5.8432,1,36.8432,1
2024-02-28 11:00:00,19.2168,1,5.8434,1,36.8434,1
2024-02-28 11:30:00,19.2178,1,5.8436,1,36.8436,1
2024-02-28 12:00:00,19.2187,1,5.8437,1,36.8437,1
2024-02-28 12:30:00,19.2197,1,5.8439,1,36.8439,1
2024-02-28 13:00:00,19.2206,1,5.8441,1,36.8441,1
2024-02-28 13:30:00,19.2216,1,5.8443,1,36.8443,1
2024-02-28 14:00:00,19.2226,1,5.8445,1,36.8445,1
2024-02-28 14:30:00,19.2235,1,5.8447,1,36.8447,1
2024-02-28 15:00:00,19.2245,1,5.8449,1,36.8449,1
2024-02-28 15:30:00,19.2254,1,5.8451,1,36.8451,1
2024-02-28 16:00:00,19.2264,1,5.8453,1,36.8453,1
2024-02-28 16:30:00,19.2273,1,5.8455,1,36.8455,1
2024-02-28 17:00:00,19.2283,1,5.8457,1,36.8457,1
2024-02-28 17:30:00,19.2292,1,5.8458,1,36.8458,1
2024-02-28 18:00:00,19.2302,1,5.8460,1,36.8460,1
2024-02-28 18:30:00,19.2312,1,5.8462,1,36.8462,1
2024-02-28 19:00:00,19.2321,1,5.8464,1,36.8464,1
2024-02-28 19:30:00,19.2331,1,5.8466,1,36.8466,1
2024-02-28 20:00:00,19.2340,1,5.8468,1,36.8468,1
2024-02-28 20:30:00,19.2350,1,5.8470,1,36.8470,1
2024-02-28 21:00:00,19.2359,1,5.8472,1,36.8472,1
2024-02-28 21:30:00,19.2369,1,5.8474,1,36.8474,1
2024-02-28 22:00:00,19.2378,1,5.8476,1,36.8476,1
2024-02-28 22:30:00,19.2388,1,5.8478,1,36.8478,1
2024-02-28 23:00:00,19.2397,1,5.8479,1,36.8479,1
2024-02-28 23:30:00,19.2407,1,5.8481,1,36.8481,1
2024-02-29 00:00:00,19.2416,1,5.8483,1,36.8483,1
2024-02-29 00:30:00,19.2425,1,5.8485,1,36.8485,1
2024-02-29 01:00:00,19.2435,1,5.8487,1,36.8487,1
2024-02-29 01:30:00,19.2444,1,5.8489,1,36.8489,1
2024-02-29 02:00:00,19.2454,1,5.8491,1,36.8491,1
2024-02-29 02:30:00,19.2463,1,5.8493,1,36.8493,1
2024-02-29 03:00:00,19.2473,1,5.8495,1,36.8495,1
2024-02-29 03:30:00,19.2482,1,5.8496,1,36.8496,1
2024-02-29 04:00:00,19.2492,1,5.8498,1,36.8498,1
2024-02-29 04:30:00,19.2501,1,5.8500,1,36.8500,1
2024-02-29 05:00:00,19.2510,1,5.8502,1,36.8502,1
2024-02-29 05:30:00,19.2520,1,5.8504,1,36.8504,1
2024-02-29 06:00:00,19.2529,1,5.8506,1,36.8506,1
2024-02-29 06:30:00,19.2539,1,5.8508,1,36.8508,1
2024-02-29 07:00:00,19.2548,1,5.8510,1,36.8510,1
2024-02-29 07:30:00,19.2557,1,5.8511,1,36.8511,1
2024-02-29 08:00:00,19.2567,1,5.8513,1,36.8513,1
2024-02-29 08:30:00,19.2576,1,5.8515,1,36.8515,1
2024-02-29 09:00:00,19.2586,1,5.8517,1,36.8517,1
2024-02-29 09:30:00,19.2595,1,5.8519,1,36.8519,1
2024-02-29 10:00:00,19.2604,1,5.8521,1,36.8521,1
2024-02-29 10:30:00,19.2614,1,5.8523,1,36.8523,1
2024-02-29 11:00:00,19.2623,1,5.8525,1,36.8525,1
2024-02-29 11:30:00,19.2632,1,5.8526,1,36.8526,1
2024-02-29 12:00:00,19.2642,1,5.8528,1,36.8528,1
2024-02-29 12:30:00,19.2651,1,5.8530,1,36.8530,1
2024-02-29 13:00:00,19.2660,1,5.8532,1,36.8532,1
2024-02-29 13:30:00,19.2670,1,5.8534,1,36.8534,1
2024-02-29 14:00:00,19.2679,1,5.8536,1,36.8536,1
2024-02-29 14:30:00,19.2688,1,5.8538,1,36.8538,1
2024-02-29 15:00:00,19.2698,1,5.8540,1,36.8540,1
2024-02-29 15:30:00,19.2707,1,5.8541,1,36.8541,1
2024-02-29 16:00:00,19.2716,1,5.8543,1,36.8543,1
2024-02-29 16:30:00,19.2726,1,5.8545,1,36.8545,1
2024-02-29 17:00:00,19.2735,1,5.8547,1,36.8547,1
2024-02-29 17:30:00,19.2744,1,5.8549,1,36.8549,1
2024-02-29 18:00:00,19.2753,1,5.8551,1,36.8551,1
2024-02-29 18:30:00,19.2763,1,5.8553,1,36.8553,1
2024-02-29 19:00:00,19.2772,1,5.8554,1,36.8554,1
2024-02-29 19:30:00,19.2781,1,5.8556,1,36.8556,1
2024-02-29 20:00:00,19.2790,1,5.8558,1,36.8558,1
2024-02-29 20:30:00,19.2800,1,5.8560,1,36.8560,1
2024-02-29 21:00:00,19.2809,1,5.8562,1,36.8562,1
2024-02-29 21:30:00,19.2818,1,5.8564,1,36.8564,1
2024-02-29 22:00:00,19.2827,1,5.8565,1,36.8565,1
2024-02-29 22:30:00,19.2837,1,5.8567,1,36.8567,1
2024-02-29 23:00:00,19.2846,1,5.8569,1,36.8569,1
2024-02-29 23:30:00,19.2855,1,5.8571,1,36.8571,1
2024-03-01 00:00:00,19.2864,1,5.8573,1,36.8573,1
2024-03-01 00:30:00,19.2873,1,5.8575,1,36.8575,1
2024-03-01 01:00:00,19.2883,1,5.8577,1,36.8577,1
2024-03-01 01:30:00,19.2892,1,5.8578,1,36.8578,1
2024-03-01 02:00:00,19.2901,1,5.8580,1,36.8580,1
2024-03-01 02:30:00,19.2910,1,5.8582,1,36.8582,1
2024-03-01 03:00:00,19.2919,1,5.8584,1,36.8584,1
2024-03-01 03:30:00,19.2929,1,5.8586,1,36.8586,1
2024-03-01 04:00:00,19.2938,1,5.8588,1,36.8588,1
2024-03-01 04:30:00,19.2947,1,5.8589,1,36.8589,1
2024-03-01 05:00:00,19.2956,1,5.8591,1,36.8591,1
2024-03-01 05:30:00,19.2965,1,5.8593,1,36.8593,1
2024-03-01 06:00:00,19.2974,1,5.8595,1,36.8595,1
2024-03-01 06:30:00,19.2983,1,5.8597,1,36.8597,1
2024-03-01 07:00:00,19.2993,1,5.8599,1,36.8599,1
2024-03-01 07:30:00,19.3002,1,5.8600,1,36.8600,1
2024-03-01 08:00:00,19.3011,1,5.8602,1,36.8602,1
2024-03-01 08:30:00,19.3020,1,5.8604,1,36.8604,1
2024-03-01 09:00:00,19.3029,1,5.8606,1,36.8606,1
2024-03-01 09:30:00,19.3038,1,5.8608,1,36.8608,1
2024-03-01 10:00:00,19.3047,1,5.8609,1,36.8609,1
2024-03-01 10:30:00,19.3056,1,5.8611,1,36.8611,1
2024-03-01 11:00:00,19.3065,1,5.8613,1,36.8613,1
2024-03-01 11:30:00,19.3075,1,5.8615,1,36.8615,1
2024-03-01 12:00:00,19.3084,1,5.8617,1,36.8617,1
2024-03-01 12:30:00,19.3093,1,5.8619,1,36.8619,1
2024-03-01 13:00:00,19.3102,1,5.8620,1,36.8620,1
2024-03-01 13:30:00,19.3111,1,5.8622,1,36.8622,1
2024-03-01 14:00:00,19.3120,1,5.8624,1,36.8624,1
2024-03-01 14:30:00,19.3129,1,5.8626,1,36.8626,1
2024-03-01 15:00:00,19.3138,1,5.8628,1,36.8628,1
2024-03-01 15:30:00,19.3147,1,5.8629,1,36.8629,1
2024-03-01 16:00:00,19.3156,1,5.8631,1,36.8631,1
2024-03-01 16:30:00,19.3165,1,5.8633,1,36.8633,1
2024-03-01 17:00:00,19.3174,1,5.8635,1,36.8635,1
2024-03-01 17:30:00,19.3183,1,5.8637,1,36.8637,1
2024-03-01 18:00:00,19.3192,1,5.8638,1,36.8638,1
2024-03-01 18:30:00,19.3201,1,5.8640,1,36.8640,1
2024-03-01 19:00:00,19.3210,1,5.8642,1,36.8642,1
2024-03-01 19:30:00,19.3219,1,5.8644,1,36.8644,1
2024-03-01 20:00:00,19.3228,1,5.8646,1,36.8646,1
2024-03-01 20:30:00,19.3237,1,5.8647,1,36.8647,1
2024-03-01 21:00:00,19.3246,1,5.8649,1,36.8649,1
2024-03-01 21:30:00,19.3255,1,5.8651,1,36.8651,1
2024-03-01 22:00:00,19.3264,1,5.8653,1,36.8653,1
2024-03-01 22:30:00,19.3273,1,5.8655,1,36.8655,1
2024-03-01 23:00:00,19.3282,1,5.8656,1,36.8656,1
2024-03-01 23:30:00,19.3291,1,5.8658,1,36.8658,1
2024-03-02 00:00:00,19.3300,1,5.8660,1,36.8660,1
2024-03-02 00:30:00,19.3309,1,5.8662,1,36.8662,1
2024-03-02 01:00:00,19.3318,1,5.8664,1,36.8664,1
2024-03-02 01:30:00,19.3327,1,5.8665,1,36.8665,1
2024-03-02 02:00:00,19.3336,1,5.8667,1,36.8667,1
2024-03-02 02:30:00,19.3344,1,5.8669,1,36.8669,1
2024-03-02 03:00:00,19.3353,1,5.8671,1,36.8671,1
2024-03-02 03:30:00,19.3362,1,5.8672,1,36.8672,1
2024-03-02 04:00:00,19.3371,1,5.8674,1,36.8674,1
2024-03-02 04:30:00,19.3380,1,5.8676,1,36.8676,1
2024-03-02 05:00:00,19.3389,1,5.8678,1,36.8678,1
2024-03-02 05:30:00,19.3398,1,5.8680,1,36.8680,1
2024-03-02 06:00:00,19.3407,1,5.8681,1,36.8681,1
2024-03-02 06:30:00,19.3416,1,5.8683,1,36.8683,1
2024-03-02 07:00:00,19.3424,1,5.8685,1,36.8685,1
2024-03-02 07:30:00,19.3433,1,5.8687,1,36.8687,1
2024-03-02 08:00:00,19.3442,1,5.8688,1,36.8688,1
2024-03-02 08:30:00,19.3451,1,5.8690,1,36.8690,1
2024-03-02 09:00:00,19.3460,1,5.8692,1,36.8692,1
2024-03-02 09:30:00,19.3469,1,5.8694,1,36.8694,1
2024-03-02 10:00:00,19.3478,1,5.8696,1,36.8696,1
2024-03-02 10:30:00,19.3486,1,5.8697,1,36.8697,1
2024-03-02 11:00:00,19.3495,1,5.8699,1,36.8699,1
2024-03-02 11:30:00,19.3504,1,5.8701,1,36.8701,1
2024-03-02 12:00:00,19.3513,1,5.8703,1,36.8703,1
2024-03-02 12:30:00,19.3522,1,5.8704,1,36.8704,1
2024-03-02 13:00:00,19.3530,1,5.8706,1,36.8706,1
2024-03-02 13:30:00,19.3539,1,5.8708,1,36.8708,1
2024-03-02 14:00:00,19.3548,1,5.8710,1,36.8710,1
2024-03-02 14:30:00,19.3557,1,5.8711,1,36.8711,1
2024-03-02 15:00:00,19.3566,1,5.8713,1,36.8713,1
2024-03-02 15:30:00,19.3574,1,5.8715,1,36.8715,1
2024-03-02 16:00:00,19.3583,1,5.8717,1,36.8717,1
2024-03-02 16:30:00,19.3592,1,5.8718,1,36.8718,1
2024-03-02 17:00:00,19.3601,1,5.8720,1,36.8720,1
2024-03-02 17:30:00,19.3609,1,5.8722,1,36.8722,1
2024-03-02 18:00:00,19.3618,1,5.8724,1,36.8724,1
2024-03-02 18:30:00,19.3627,1,5.8725,1,36.8725,1
2024-03-02 19:00:00,19.3636,1,5.8727,1,36.8727,1
2024-03-02 19:30:00,19.3644,1,5.8729,1,36.8729,1
2024-03-02 20:00:00,19.3653,1,5.8731,1,36.8731,1
2024-03-02 20:30:00,19.3662,1,5.8732,1,36.8732,1
2024-03-02 21:00:00,19.3670,1,5.8734,1,36.8734,1
2024-03-02 21:30:00,19.3679,1,5.8736,1,36.8736,1
2024-03-02 22:00:00,19.3688,1,5.8738,1,36.8738,1
2024-03-02 22:30:00,19.3697,1,5.8739,1,36.8739,1
2024-03-02 23:00:00,19.3705,1,5.8741,1,36.8741,1
2024-03-02 23:30:00,19.3714,1,5.8743,1,36.8743,1
2024-03-03 00:00:00,19.3723,1,5.8745,1,36.8745,1
2024-03-03 00:30:00,19.3731,1,5.8746,1,36.8746,1
2024-03-03 01:00:00,19.3740,1,5.8748,1,36.8748,1
2024-03-03 01:30:00,19.3749,1,5.8750,1,36.8750,1
2024-03-03 02:00:00,19.3757,1,5.8751,1,36.8751,1
2024-03-03 02:30:00,19.3766,1,5.8753,1,36.8753,1
2024-03-03 03:00:00,19.3775,1,5.8755,1,36.8755,1
2024-03-03 03:30:00,19.3783,1,5.8757,1,36.8757,1
2024-03-03 04:00:00,19.3792,1,5.8758,1,36.8758,1
2024-03-03 04:30:00,19.3800,1,5.8760,1,36.8760,1
2024-03-03 05:00:00,19.3809,1,5.8762,1,36.8762,1
2024-03-03 05:30:00,19.3818,1,5.8764,1,36.8764,1
2024-03-03 06:00:00,19.3826,1,5.8765,1,36.8765,1
2024-03-03 06:30:00,19.3835,1,5.8767,1,36.8767,1
2024-03-03 07:00:00,19.3843,1,5.8769,1,36.8769,1
2024-03-03 07:30:00,19.3852,1,5.8770,1,36.8770,1
2024-03-03 08:00:00,19.3861,1,5.8772,1,36.8772,1
2024-03-03 08:30:00,19.3869,1,5.8774,1,36.8774,1
2024-03-03 09:00:00,19.3878,1,5.8776,1,36.8776,1
2024-03-03 09:30:00,19.3886,1,5.8777,1,36.8777,1
2024-03-03 10:00:00,19.3895,1,5.8779,1,36.8779,1
2024-03-03 10:30:00,19.3904,1,5.8781,1,36.8781,1
2024-03-03 11:00:00,19.3912,1,5.8782,1,36.8782,1
2024-03-03 11:30:00,19.3921,1,5.8784,1,36.8784,1
2024-03-03 12:00:00,19.3929,1,5.8786,1,36.8786,1
2024-03-03 12:30:00,19.3938,1,5.8788,1,36.8788,1
2024-03-03 13:00:00,19.3946,1,5.8789,1,36.8789,1
2024-03-03 13:30:00,19.3955,1,5.8791,1,36.8791,1
2024-03-03 14:00:00,19.3963,1,5.8793,1,36.8793,1
2024-03-03 14:30:00,19.3972,1,5.8794,1,36.8794,1
2024-03-03 15:00:00,19.3980,1,5.8796,1,36.8796,1
2024-03-03 15:30:00,19.3989,1,5.8798,1,36.8798,1
2024-03-03 16:00:00,19.3997,1,5.8799,1,36.8799,1
2024-03-03 16:30:00,19.4006,1,5.8801,1,36.8801,1
2024-03-03 17:00:00,19.4014,1,5.8803,1,36.8803,1
2024-03-03 17:30:00,19.4023,1,5.8805,1,36.8805,1
2024-03-03 18:00:00,19.4031,1,5.8806,1,36.8806,1
2024-03-03 18:30:00,19.4040,1,5.8808,1,36.8808,1
2024-03-03 19:00:00,19.4048,1,5.8810,1,36.8810,1
2024-03-03 19:30:00,19.4057,1,5.8811,1,36.8811,1
2024-03-03 20:00:00,19.4065,1,5.8813,1,36.8813,1
2024-03-03 20:30:00,19.4074,1,5.8815,1,36.8815,1
2024-03-03 21:00:00,19.4082,1,5.8816,1,36.8816,1
2024-03-03 21:30:00,19.4090,1,5.8818,1,36.8818,1
2024-03-03 22:00:00,19.4099,1,5.8820,1,36.8820,1
2024-03-03 22:30:00,19.4107,1,5.8821,1,36.8821,1
2024-03-03 23:00:00,19.4116,1,5.8823,1,36.8823,1
2024-03-03 23:30:00,19.4124,1,5.8825,1,36.8825,1
2024-03-04 00:00:00,19.4132,1,5.8826,1,36.8826,1
2024-03-04 00:30:00,19.4141,1,5.8828,1,36.8828,1
2024-03-04 01:00:00,19.4149,1,5.8830,1,36.8830,1
2024-03-04 01:30:00,19.4158,1,5.8832,1,36.8832,1
2024-03-04 02:00:00,19.4166,1,5.8833,1,36.8833,1
2024-03-04 02:30:00,19.4174,1,5.8835,1,36.8835,1
2024-03-04 03:00:00,19.4183,1,5.8837,1,36.8837,1
2024-03-04 03:30:00,19.4191,1,5.8838,1,36.8838,1
2024-03-04 04:00:00,19.4200,1,5.8840,1,36.8840,1
2024-03-04 04:30:00,19.4208,1,5.8842,1,36.8842,1
2024-03-04 05:00:00,19.4216,1,5.8843,1,36.8843,1
2024-03-04 05:30:00,19.4225,1,5.8845,1,36.8845,1
2024-03-04 06:00:00,19.4233,1,5.8847,1,36.8847,1
2024-03-04 06:30:00,19.4241,1,5.8848,1,36.8848,1
2024-03-04 07:00:00,19.4250,1,5.8850,1,36.8850,1
2024-03-04 07:30:00,19.4258,1,5.8852,1,36.8852,1
2024-03-04 08:00:00,19.4266,1,5.8853,1,36.8853,1
2024-03-04 08:30:00,19.4275,1,5.8855,1,36.8855,1
2024-03-04 09:00:00,19.4283,1,5.8857,1,36.8857,1
2024-03-04 09:30:00,19.4291,1,5.8858,1,36.8858,1
2024-03-04 10:00:00,19.4299,1,5.8860,1,36.8860,1
2024-03-04 10:30:00,19.4308,1,5.8862,1,36.8862,1
2024-03-04 11:00:00,19.4316,1,5.8863,1,36.8863,1
2024-03-04 11:30:00,19.4324,1,5.8865,1,36.8865,1
2024-03-04 12:00:00,19.4333,1,5.8867,1,36.8867,1
2024-03-04 12:30:00,19.4341,1,5.8868,1,36.8868,1
2024-03-04 13:00:00,19.4349,1,5.8870,1,36.8870,1
2024-03-04 13:30:00,19.4357,1,5.8871,1,36.8871,1
2024-03-04 14:00:00,19.4366,1,5.8873,1,36.8873,1
2024-03-04 14:30:00,19.4374,1,5.8875,1,36.8875,1
2024-03-04 15:00:00,19.4382,1,5.8876,1,36.8876,1
2024-03-04 15:30:00,19.4390,1,5.8878,1,36.8878,1
2024-03-04 16:00:00,19.4399,1,5.8880,1,36.8880,1
2024-03-04 16:30:00,19.4407,1,5.8881,1,36.8881,1
2024-03-04 17:00:00,19.4415,1,5.8883,1,36.8883,1
2024-03-04 17:30:00,19.4423,1,5.8885,1,36.8885,1
2024-03-04 18:00:00,19.4431,1,5.8886,1,36.8886,1
2024-03-04 18:30:00,19.4440,1,5.8888,1,36.8888,1
2024-03-04 19:00:00,19.4448,1,5.8890,1,36.8890,1
2024-03-04 19:30:00,19.4456,1,5.8891,1,36.8891,1
2024-03-04 20:00:00,19.4464,1,5.8893,1,36.8893,1
2024-03-04 20:30:00,19.4472,1,5.8894,1,36.8894,1
2024-03-04 21:00:00,19.4481,1,5.8896,1,36.8896,1
2024-03-04 21:30:00,19.4489,1,5.8898,1,36.8898,1
2024-03-04 22:00:00,19.4497,1,5.8899,1,36.8899,1
2024-03-04 22:30:00,19.4505,1,5.8901,1,36.8901,1
2024-03-04 23:00:00,19.4513,1,5.8903,1,36.8903,1
2024-03-04 23:30:00,19.4521,1,5.8904,1,36.8904,1
2024-03-05 00:00:00,19.4529,1,5.8906,1,36.8906,1
2024-03-05 00:30:00,19.4538,1,5.8908,1,36.8908,1
2024-03-05 01:00:00,19.4546,1,5.8909,1,36.8909,1
2024-03-05 01:30:00,19.4554,1,5.8911,1,36.8911,1
2024-03-05 02:00:00,19.4562,1,5.8912,1,36.8912,1
2024-03-05 02:30:00,19.4570,1,5.8914,1,36.8914,1
2024-03-05 03:00:00,19.4578,1,5.8916,1,36.8916,1
2024-03-05 03:30:00,19.4586,1,5.8917,1,36.8917,1
2024-03-05 04:00:00,19.4594,1,5.8919,1,36.8919,1
2024-03-05 04:30:00,19.4602,1,5.8920,1,36.8920,1
2024-03-05 05:00:00,19.4610,1,5.8922,1,36.8922,1
2024-03-05 05:30:00,19.4619,1,5.8924,1,36.8924,1
2024-03-05 06:00:00,19.4627,1,5.8925,1,36.8925,1
2024-03-05 06:30:00,19.4635,1,5.8927,1,36.8927,1
2024-03-05 07:00:00,19.4643,1,5.8929,1,36.8929,1
2024-03-05 07:30:00,19.4651,1,5.8930,1,36.8930,1
2024-03-05 08:00:00,19.4659,1,5.8932,1,36.8932,1
2024-03-05 08:30:00,19.4667,1,5.8933,1,36.8933,1
2024-03-05 09:00:00,19.4675,1,5.8935,1,36.8935,1
2024-03-05 09:30:00,19.4683,1,5.8937,1,36.8937,1
2024-03-05 10:00:00,19.4691,1,5.8938,1,36.8938,1
2024-03-05 10:30:00,19.4699,1,5.8940,1,36.8940,1
2024-03-05 11:00:00,19.4707,1,5.8941,1,36.8941,1
2024-03-05 11:30:00,19.4715,1,5.8943,1,36.8943,1
2024-03-05 12:00:00,19.4723,1,5.8945,1,36.8945,1
2024-03-05 12:30:00,19.4731,1,5.8946,1,36.8946,1
2024-03-05 13:00:00,19.4739,1,5.8948,1,36.8948,1
2024-03-05 13:30:00,19.4747,1,5.8949,1,36.8949,1
2024-03-05 14:00:00,19.4755,1,5.8951,1,36.8951,1
2024-03-05 14:30:00,19.4763,1,5.8953,1,36.8953,1
2024-03-05 15:00:00,19.4771,1,5.8954,1,36.8954,1
2024-03-05 15:30:00,19.4779,1,5.8956,1,36.8956,1
2024-03-05 16:00:00,19.4787,1,5.8957,1,36.8957,1
2024-03-05 16:30:00,19.4795,1,5.8959,1,36.8959,1
2024-03-05 17:00:00,19.4803,1,5.8961,1,36.8961,1
2024-03-05 17:30:00,19.4811,1,5.8962,1,36.8962,1
2024-03-05 18:00:00,19.4818,1,5.8964,1,36.8964,1
2024-03-05 18:30:00,19.4826,1,5.8965,1,36.8965,1
2024-03-05 19:00:00,19.4834,1,5.8967,1,36.8967,1
2024-03-05 19:30:00,19.4842,1,5.8968,1,36.8968,1
2024-03-05 20:00:00,19.4850,1,5.8970,1,36.8970,1
2024-03-05 20:30:00,19.4858,1,5.8972,1,36.8972,1
2024-03-05 21:00:00,19.4866,1,5.8973,1,36.8973,1
2024-03-05 21:30:00,19.4874,1,5.8975,1,36.8975,1
2024-03-05 22:00:00,19.4882,1,5.8976,1,36.8976,1
2024-03-05 22:30:00,19.4890,1,5.8978,1,36.8978,1
2024-03-05 23:00:00,19.4897,1,5.8979,1,36.8979,1
2024-03-05 23:30:00,19.4905,1,5.8981,1,36.8981,1
2024-03-06 00:00:00,19.4913,1,5.8983,1,36.8983,1
2024-03-06 00:30:00,19.4921,1,5.8984,1,36.8984,1
2024-03-06 01:00:00,19.4929,1,5.8986,1,36.8986,1
2024-03-06 01:30:00,19.4937,1,5.8987,1,36.8987,1
2024-03-06 02:00:00,19.4945,1,5.8989,1,36.8989,1
2024-03-06 02:30:00,19.4952,1,5.8990,1,36.8990,1
2024-03-06 03:00:00,19.4960,1,5.8992,1,36.8992,1
2024-03-06 03:30:00,19.4968,1,5.8994,1,36.8994,1
2024-03-06 04:00:00,19.4976,1,5.8995,1,36.8995,1
2024-03-06 04:30:00,19.4984,1,5.8997,1,36.8997,1
2024-03-06 05:00:00,19.4991,1,5.8998,1,36.8998,1
2024-03-06 05:30:00,19.4999,1,5.9000,1,36.9000,1
2024-03-06 06:00:00,19.5007,1,5.9001,1,36.9001,1
2024-03-06 06:30:00,19.5015,1,5.9003,1,36.9003,1
2024-03-06 07:00:00,19.5023,1,5.9005,1,36.9005,1
2024-03-06 07:30:00,19.5030,1,5.9006,1,36.9006,1
2024-03-06 08:00:00,19.5038,1,5.9008,1,36.9008,1
2024-03-06 08:30:00,19.5046,1,5.9009,1,36.9009,1
2024-03-06 09:00:00,19.5054,1,5.9011,1,36.9011,1
2024-03-06 09:30:00,19.5061,1,5.9012,1,36.9012,1
2024-03-06 10:00:00,19.5069,1,5.9014,1,36.9014,1
2024-03-06 10:30:00,19.5077,1,5.9015,1,36.9015,1
2024-03-06 11:00:00,19.5085,1,5.9017,1,36.9017,1
2024-03-06 11:30:00,19.5092,1,5.9018,1,36.9018,1
2024-03-06 12:00:00,19.5100,1,5.9020,1,36.9020,1
2024-03-06 12:30:00,19.5108,1,5.9022,1,36.9022,1
2024-03-06 13:00:00,19.5116,1,5.9023,1,36.9023,1
2024-03-06 13:30:00,19.5123,1,5.9025,1,36.9025,1
2024-03-06 14:00:00,19.5131,1,5.9026,1,36.9026,1
2024-03-06 14:30:00,19.5139,1,5.9028,1,36.9028,1
2024-03-06 15:00:00,19.5146,1,5.9029,1,36.9029,1
2024-03-06 15:30:00,19.5154,1,5.9031,1,36.9031,1
2024-03-06 16:00:00,19.5162,1,5.9032,1,36.9032,1
2024-03-06 16:30:00,19.5169,1,5.9034,1,36.9034,1
2024-03-06 17:00:00,19.5177,1,5.9035,1,36.9035,1
2024-03-06 17:30:00,19.5185,1,5.9037,1,36.9037,1
2024-03-06 18:00:00,19.5192,1,5.9038,1,36.9038,1
2024-03-06 18:30:00,19.5200,1,5.9040,1,36.9040,1
2024-03-06 19:00:00,19.5208,1,5.9042,1,36.9042,1
2024-03-06 19:30:00,19.5215,1,5.9043,1,36.9043,1
2024-03-06 20:00:00,19.5223,1,5.9045,1,36.9045,1
2024-03-06 20:30:00,19.5231,1,5.9046,1,36.9046,1
2024-03-06 21:00:00,19.5238,1,5.9048,1,36.9048,1
2024-03-06 21:30:00,19.5246,1,5.9049,1,36.9049,1
2024-03-06 22:00:00,19.5253,1,5.9051,1,36.9051,1
2024-03-06 22:30:00,19.5261,1,5.9052,1,36.9052,1
2024-03-06 23:00:00,19.5269,1,5.9054,1,36.9054,1
2024-03-06 23:30:00,19.5276,1,5.9055,1,36.9055,1
2024-03-07 00:00:00,19.5284,1,5.9057,1,36.9057,1
2024-03-07 00:30:00,19.5291,1,5.9058,1,36.9058,1
2024-03-07 01:00:00,19.5299,1,5.9060,1,36.9060,1
2024-03-07 01:30:00,19.5306,1,5.9061,1,36.9061,1
2024-03-07 02:00:00,19.5314,1,5.9063,1,36.9063,1
2024-03-07 02:30:00,19.5322,1,5.9064,1,36.9064,1
2024-03-07 03:00:00,19.5329,1,5.9066,1,36.9066,1
2024-03-07 03:30:00,19.5337,1,5.9067,1,36.9067,1
2024-03-07 04:00:00,19.5344,1,5.9069,1,36.9069,1
2024-03-07 04:30:00,19.5352,1,5.9070,1,36.9070,1
2024-03-07 05:00:00,19.5359,1,5.9072,1,36.9072,1
2024-03-07 05:30:00,19.5367,1,5.9073,1,36.9073,1
2024-03-07 06:00:00,19.5374,1,5.9075,1,36.9075,1
2024-03-07 06:30:00,19.5382,1,5.9076,1,36.9076,1
2024-03-07 07:00:00,19.5389,1,5.9078,1,36.9078,1
2024-03-07 07:30:00,19.5397,1,5.9079,1,36.9079,1
2024-03-07 08:00:00,19.5404,1,5.9081,1,36.9081,1
2024-03-07 08:30:00,19.5412,1,5.9082,1,36.9082,1
2024-03-07 09:00:00,19.5419,1,5.9084,1,36.9084,1
2024-03-07 09:30:00,19.5427,1,5.9085,1,36.9085,1
2024-03-07 10:00:00,19.5434,1,5.9087,1,36.9087,1
2024-03-07 10:30:00,19.5442,1,5.9088,1,36.9088,1
2024-03-07 11:00:00,19.5449,1,5.9090,1,36.9090,1
2024-03-07 11:30:00,19.5457,1,5.9091,1,36.9091,1
2024-03-07 12:00:00,19.5464,1,5.9093,1,36.9093,1
2024-03-07 12:30:00,19.5471,1,5.9094,1,36.9094,1
2024-03-07 13:00:00,19.5479,1,5.9096,1,36.9096,1
2024-03-07 13:30:00,19.5486,1,5.9097,1,36.9097,1
2024-03-07 14:00:00,19.5494,1,5.9099,1,36.9099,1
2024-03-07 14:30:00,19.5501,1,5.9100,1,36.9100,1
2024-03-07 15:00:00,19.5509,1,5.9102,1,36.9102,1
2024-03-07 15:30:00,19.5516,1,5.9103,1,36.9103,1
2024-03-07 16:00:00,19.5523,1,5.9105,1,36.9105,1
2024-03-07 16:30:00,19.5531,1,5.9106,1,36.9106,1
2024-03-07 17:00:00,19.5538,1,5.9108,1,36.9108,1
2024-03-07 17:30:00,19.5546,1,5.9109,1,36.9109,1
2024-03-07 18:00:00,19.5553,1,5.9111,1,36.9111,1
2024-03-07 18:30:00,19.5560,1,5.9112,1,36.9112,1
2024-03-07 19:00:00,19.5568,1,5.9114,1,36.9114,1
2024-03-07 19:30:00,19.5575,1,5.9115,1,36.9115,1
2024-03-07 20:00:00,19.5582,1,5.9116,1,36.9116,1
2024-03-07 20:30:00,19.5590,1,5.9118,1,36.9118,1
2024-03-07 21:00:00,19.5597,1,5.9119,1,36.9119,1
2024-03-07 21:30:00,19.5604,1,5.9121,1,36.9121,1
2024-03-07 22:00:00,19.5612,1,5.9122,1,36.9122,1
2024-03-07 22:30:00,19.5619,1,5.9124,1,36.9124,1
2024-03-07 23:00:00,19.5626,1,5.9125,1,36.9125,1
2024-03-07 23:30:00,19.5634,1,5.9127,1,36.9127,1
2024-03-08 00:00:00,19.5641,1,5.9128,1,36.9128,1
2024-03-08 00:30:00,19.5648,1,5.9130,1,36.9130,1
2024-03-08 01:00:00,19.5656,1,5.9131,1,36.9131,1
2024-03-08 01:30:00,19.5663,1,5.9133,1,36.9133,1
2024-03-08 02:00:00,19.5670,1,5.9134,1,36.9134,1
2024-03-08 02:30:00,19.5677,1,5.9135,1,36.9135,1
2024-03-08 03:00:00,19.5685,1,5.9137,1,36.9137,1
2024-03-08 03:30:00,19.5692,1,5.9138,1,36.9138,1
2024-03-08 04:00:00,19.5699,1,5.9140,1,36.9140,1
2024-03-08 04:30:00,19.5706,1,5.9141,1,36.9141,1
2024-03-08 05:00:00,19.5714,1,5.9143,1,36.9143,1
2024-03-08 05:30:00,19.5721,1,5.9144,1,36.9144,1
2024-03-08 06:00:00,19.5728,1,5.9146,1,36.9146,1
2024-03-08 06:30:00,19.5735,1,5.9147,1,36.9147,1
2024-03-08 07:00:00,19.5743,1,5.9149,1,36.9149,1
2024-03-08 07:30:00,19.5750,1,5.9150,1,36.9150,1
2024-03-08 08:00:00,19.5757,1,5.9151,1,36.9151,1
2024-03-08 08:30:00,19.5764,1,5.9153,1,36.9153,1
2024-03-08 09:00:00,19.5771,1,5.9154,1,36.9154,1
2024-03-08 09:30:00,19.5779,1,5.9156,1,36.9156,1
2024-03-08 10:00:00,19.5786,1,5.9157,1,36.9157,1
2024-03-08 10:30:00,19.5793,1,5.9159,1,36.9159,1
2024-03-08 11:00:00,19.5800,1,5.9160,1,36.9160,1
2024-03-08 11:30:00,19.5807,1,5.9161,1,36.9161,1
2024-03-08 12:00:00,19.5815,1,5.9163,1,36.9163,1
2024-03-08 12:30:00,19.5822,1,5.9164,1,36.9164,1
2024-03-08 13:00:00,19.5829,1,5.9166,1,36.9166,1
2024-03-08 13:30:00,19.5836,1,5.9167,1,36.9167,1
2024-03-08 14:00:00,19.5843,1,5.9169,1,36.9169,1
2024-03-08 14:30:00,19.5850,1,5.9170,1,36.9170,1
2024-03-08 15:00:00,19.5857,1,5.9171,1,36.9171,1
2024-03-08 15:30:00,19.5865,1,5.9173,1,36.9173,1
2024-03-08 16:00:00,19.5872,1,5.9174,1,36.9174,1
2024-03-08 16:30:00,19.5879,1,5.9176,1,36.9176,1
2024-03-08 17:00:00,19.5886,1,5.9177,1,36.9177,1
2024-03-08 17:30:00,19.5893,1,5.9179,1,36.9179,1
2024-03-08 18:00:00,19.5900,1,5.9180,1,36.9180,1
2024-03-08 18:30:00,19.5907,1,5.9181,1,36.9181,1
2024-03-08 19:00:00,19.5914,1,5.9183,1,36.9183,1
2024-03-08 19:30:00,19.5921,1,5.9184,1,36.9184,1
2024-03-08 20:00:00,19.5928,1,5.9186,1,36.9186,1
2024-03-08 20:30:00,19.5935,1,5.9187,1,36.9187,1
2024-03-08 21:00:00,19.5942,1,5.9188,1,36.9188,1
2024-03-08 21:30:00,19.5950,1,5.9190,1,36.9190,1
2024-03-08 22:00:00,19.5957,1,5.9191,1,36.9191,1
2024-03-08 22:30:00,19.5964,1,5.9193,1,36.9193,1
2024-03-08 23:00:00,19.5971,1,5.9194,1,36.9194,1
2024-03-08 23:30:00,19.5978,1,5.9196,1,36.9196,1
2024-03-09 00:00:00,19.5985,1,5.9197,1,36.9197,1
2024-03-09 00:30:00,19.5992,1,5.9198,1,36.9198,1
2024-03-09 01:00:00,19.5999,1,5.9200,1,36.9200,1
2024-03-09 01:30:00,19.6006,1,5.9201,1,36.9201,1
2024-03-09 02:00:00,19.6013,1,5.9203,1,36.9203,1
2024-03-09 02:30:00,19.6020,1,5.9204,1,36.9204,1
2024-03-09 03:00:00,19.6027,1,5.9205,1,36.9205,1
2024-03-09 03:30:00,19.6034,1,5.9207,1,36.9207,1
2024-03-09 04:00:00,19.6041,1,5.9208,1,36.9208,1
2024-03-09 04:30:00,19.6048,1,5.9210,1,36.9210,1
2024-03-09 05:00:00,19.6055,1,5.9211,1,36.9211,1
2024-03-09 05:30:00,19.6062,1,5.9212,1,36.9212,1
2024-03-09 06:00:00,19.6069,1,5.9214,1,36.9214,1
2024-03-09 06:30:00,19.6075,1,5.9215,1,36.9215,1
2024-03-09 07:00:00,19.6082,1,5.9216,1,36.9216,1
2024-03-09 07:30:00,19.6089,1,5.9218,1,36.9218,1
2024-03-09 08:00:00,19.6096,1,5.9219,1,36.9219,1
2024-03-09 08:30:00,19.6103,1,5.9221,1,36.9221,1
2024-03-09 09:00:00,19.6110,1,5.9222,1,36.9222,1
2024-03-09 09:30:00,19.6117,1,5.9223,1,36.9223,1
2024-03-09 10:00:00,19.6124,1,5.9225,1,36.9225,1
2024-03-09 10:30:00,19.6131,1,5.9226,1,36.9226,1
2024-03-09 11:00:00,19.6138,1,5.9228,1,36.9228,1
2024-03-09 11:30:00,19.6145,1,5.9229,1,36.9229,1
2024-03-09 12:00:00,19.6152,1,5.9230,1,36.9230,1
2024-03-09 12:30:00,19.6158,1,5.9232,1,36.9232,1
2024-03-09 13:00:00,19.6165,1,5.9233,1,36.9233,1
2024-03-09 13:30:00,19.6172,1,5.9234,1,36.9234,1
2024-03-09 14:00:00,19.6179,1,5.9236,1,36.9236,1
2024-03-09 14:30:00,19.6186,1,5.9237,1,36.9237,1
2024-03-09 15:00:00,19.6193,1,5.9239,1,36.9239,1
2024-03-09 15:30:00,19.6200,1,5.9240,1,36.9240,1
2024-03-09 16:00:00,19.6206,1,5.9241,1,36.9241,1
2024-03-09 16:30:00,19.6213,1,5.9243,1,36.9243,1
2024-03-09 17:00:00,19.6220,1,5.9244,1,36.9244,1
2024-03-09 17:30:00,19.6227,1,5.9245,1,36.9245,1
2024-03-09 18:00:00,19.6234,1,5.9247,1,36.9247,1
2024-03-09 18:30:00,19.6240,1,5.9248,1,36.9248,1
2024-03-09 19:00:00,19.6247,1,5.9249,1,36.9249,1
2024-03-09 19:30:00,19.6254,1,5.9251,1,36.9251,1
2024-03-09 20:00:00,19.6261,1,5.9252,1,36.9252,1
2024-03-09 20:30:00,19.6268,1,5.9254,1,36.9254,1
2024-03-09 21:00:00,19.6274,1,5.9255,1,36.9255,1
2024-03-09 21:30:00,19.6281,1,5.9256,1,36.9256,1
2024-03-09 22:00:00,19.6288,1,5.9258,1,36.9258,1
2024-03-09 22:30:00,19.6295,1,5.9259,1,36.9259,1
2024-03-09 23:00:00,19.6301,1,5.9260,1,36.9260,1
2024-03-09 23:30:00,19.6308,1,5.9262,1,36.9262,1
2024-03-10 00:00:00,19.6315,1,5.9263,1,36.9263,1
2024-03-10 00:30:00,19.6322,1,5.9264,1,36.9264,1
2024-03-10 01:00:00,19.6328,1,5.9266,1,36.9266,1
2024-03-10 01:30:00,19.6335,1,5.9267,1,36.9267,1
2024-03-10 02:00:00,19.6342,1,5.9268,1,36.9268,1
2024-03-10 02:30:00,19.6349,1,5.9270,1,36.9270,1
2024-03-10 03:00:00,19.6355,1,5.9271,1,36.9271,1
2024-03-10 03:30:00,19.6362,1,5.9272,1,36.9272,1
2024-03-10 04:00:00,19.6369,1,5.9274,1,36.9274,1
2024-03-10 04:30:00,19.6375,1,5.9275,1,36.9275,1
2024-03-10 05:00:00,19.6382,1,5.9276,1,36.9276,1
2024-03-10 05:30:00,19.6389,1,5.9278,1,36.9278,1
2024-03-10 06:00:00,19.6395,1,5.9279,1,36.9279,1
2024-03-10 06:30:00,19.6402,1,5.9280,1,36.9280,1
2024-03-10 07:00:00,19.6409,1,5.9282,1,36.9282,1
2024-03-10 07:30:00,19.6415,1,5.9283,1,36.9283,1
2024-03-10 08:00:00,19.6422,1,5.9284,1,36.9284,1
2024-03-10 08:30:00,19.6429,1,5.9286,1,36.9286,1
2024-03-10 09:00:00,19.6435,1,5.9287,1,36.9287,1
2024-03-10 09:30:00,19.6442,1,5.9288,1,36.9288,1
2024-03-10 10:00:00,19.6448,1,5.9290,1,36.9290,1
2024-03-10 10:30:00,19.6455,1,5.9291,1,36.9291,1
2024-03-10 11:00:00,19.6462,1,5.9292,1,36.9292,1
2024-03-10 11:30:00,19.6468,1,5.9294,1,36.9294,1
2024-03-10 12:00:00,19.6475,1,5.9295,1,36.9295,1
2024-03-10 12:30:00,19.6482,1,5.9296,1,36.9296,1
2024-03-10 13:00:00,19.6488,1,5.9298,1,36.9298,1
2024-03-10 13:30:00,19.6495,1,5.9299,1,36.9299,1
2024-03-10 14:00:00,19.6501,1,5.9300,1,36.9300,1
2024-03-10 14:30:00,19.6508,1,5.9302,1,36.9302,1
2024-03-10 15:00:00,19.6514,1,5.9303,1,36.9303,1
2024-03-10 15:30:00,19.6521,1,5.9304,1,36.9304,1
2024-03-10 16:00:00,19.6527,1,5.9305,1,36.9305,1
2024-03-10 16:30:00,19.6534,1,5.9307,1,36.9307,1
2024-03-10 17:00:00,19.6541,1,5.9308,1,36.9308,1
2024-03-10 17:30:00,19.6547,1,5.9309,1,36.9309,1
2024-03-10 18:00:00,19.6554,1,5.9311,1,36.9311,1
2024-03-10 18:30:00,19.6560,1,5.9312,1,36.9312,1
2024-03-10 19:00:00,19.6567,1,5.9313,1,36.9313,1
2024-03-10 19:30:00,19.6573,1,5.9315,1,36.9315,1
2024-03-10 20:00:00,19.6580,1,5.9316,1,36.9316,1
2024-03-10 20:30:00,19.6586,1,5.9317,1,36.9317,1
2024-03-10 21:00:00,19.6593,1,5.9319,1,36.9319,1
2024-03-10 21:30:00,19.6599,1,5.9320,1,36.9320,1
2024-03-10 22:00:00,19.6606,1,5.9321,1,36.9321,1
2024-03-10 22:30:00,19.6612,1,5.9322,1,36.9322,1
2024-03-10 23:00:00,19.6619,1,5.9324,1,36.9324,1
2024-03-10 23:30:00,19.6625,1,5.9325,1,36.9325,1
2024-03-11 00:00:00,19.6631,1,5.9326,1,36.9326,1
2024-03-11 00:30:00,19.6638,1,5.9328,1,36.9328,1
2024-03-11 01:00:00,19.6644,1,5.9329,1,36.9329,1
2024-03-11 01:30:00,19.6651,1,5.9330,1,36.9330,1
2024-03-11 02:00:00,19.6657,1,5.9331,1,36.9331,1
2024-03-11 02:30:00,19.6664,1,5.9333,1,36.9333,1
2024-03-11 03:00:00,19.6670,1,5.9334,1,36.9334,1
2024-03-11 03:30:00,19.6677,1,5.9335,1,36.9335,1
2024-03-11 04:00:00,19.6683,1,5.9337,1,36.9337,1
2024-03-11 04:30:00,19.6689,1,5.9338,1,36.9338,1
2024-03-11 05:00:00,19.6696,1,5.9339,1,36.9339,1
2024-03-11 05:30:00,19.6702,1,5.9340,1,36.9340,1
2024-03-11 06:00:00,19.6708,1,5.9342,1,36.9342,1
2024-03-11 06:30:00,19.6715,1,5.9343,1,36.9343,1
2024-03-11 07:00:00,19.6721,1,5.9344,1,36.9344,1
2024-03-11 07:30:00,19.6728,1,5.9346,1,36.9346,1
2024-03-11 08:00:00,19.6734,1,5.9347,1,36.9347,1
2024-03-11 08:30:00,19.6740,1,5.9348,1,36.9348,1
2024-03-11 09:00:00,19.6747,1,5.9349,1,36.9349,1
2024-03-11 09:30:00,19.6753,1,5.9351,1,36.9351,1
2024-03-11 10:00:00,19.6759,1,5.9352,1,36.9352,1
2024-03-11 10:30:00,19.6766,1,5.9353,1,36.9353,1
2024-03-11 11:00:00,19.6772,1,5.9354,1,36.9354,1
2024-03-11 11:30:00,19.6778,1,5.9356,1,36.9356,1
2024-03-11 12:00:00,19.6785,1,5.9357,1,36.9357,1
2024-03-11 12:30:00,19.6791,1,5.9358,1,36.9358,1
2024-03-11 13:00:00,19.6797,1,5.9359,1,36.9359,1
2024-03-11 13:30:00,19.6804,1,5.9361,1,36.9361,1
2024-03-11 14:00:00,19.6810,1,5.9362,1,36.9362,1
2024-03-11 14:30:00,19.6816,1,5.9363,1,36.9363,1
2024-03-11 15:00:00,19.6822,1,5.9364,1,36.9364,1
2024-03-11 15:30:00,19.6829,1,5.9366,1,36.9366,1
2024-03-11 16:00:00,19.6835,1,5.9367,1,36.9367,1
2024-03-11 16:30:00,19.6841,1,5.9368,1,36.9368,1
2024-03-11 17:00:00,19.6847,1,5.9369,1,36.9369,1
2024-03-11 17:30:00,19.6854,1,5.9371,1,36.9371,1
2024-03-11 18:00:00,19.6860,1,5.9372,1,36.9372,1
2024-03-11 18:30:00,19.6866,1,5.9373,1,36.9373,1
2024-03-11 19:00:00,19.6872,1,5.9374,1,36.9374,1
2024-03-11 19:30:00,19.6879,1,5.9376,1,36.9376,1
2024-03-11 20:00:00,19.6885,1,5.9377,1,36.9377,1
2024-03-11 20:30:00,19.6891,1,5.9378,1,36.9378,1
2024-03-11 21:00:00,19.6897,1,5.9379,1,36.9379,1
2024-03-11 21:30:00,19.6903,1,5.9381,1,36.9381,1
2024-03-11 22:00:00,19.6910,1,5.9382,1,36.9382,1
2024-03-11 22:30:00,19.6916,1,5.9383,1,36.9383,1
2024-03-11 23:00:00,19.6922,1,5.9384,1,36.9384,1
2024-03-11 23:30:00,19.6928,1,5.9386,1,36.9386,1
2024-03-12 00:00:00,19.6934,1,5.9387,1,36.9387,1
2024-03-12 00:30:00,19.6940,1,5.9388,1,36.9388,1
2024-03-12 01:00:00,19.6947,1,5.9389,1,36.9389,1
2024-03-12 01:30:00,19.6953,1,5.9391,1,36.9391,1
2024-03-12 02:00:00,19.6959,1,5.9392,1,36.9392,1
2024-03-12 02:30:00,19.6965,1,5.9393,1,36.9393,1
2024-03-12 03:00:00,19.6971,1,5.9394,1,36.9394,1
2024-03-12 03:30:00,19.6977,1,5.9395,1,36.9395,1
2024-03-12 04:00:00,19.6983,1,5.9397,1,36.9397,1
2024-03-12 04:30:00,19.6990,1,5.9398,1,36.9398,1
2024-03-12 05:00:00,19.6996,1,5.9399,1,36.9399,1
2024-03-12 05:30:00,19.7002,1,5.9400,1,36.9400,1
2024-03-12 06:00:00,19.7008,1,5.9402,1,36.9402,1
2024-03-12 06:30:00,19.7014,1,5.9403,1,36.9403,1
2024-03-12 07:00:00,19.7020,1,5.9404,1,36.9404,1
2024-03-12 07:30:00,19.7026,1,5.9405,1,36.9405,1
2024-03-12 08:00:00,19.7032,1,5.9406,1,36.9406,1
2024-03-12 08:30:00,19.7038,1,5.9408,1,36.9408,1
2024-03-12 09:00:00,19.7044,1,5.9409,1,36.9409,1
2024-03-12 09:30:00,19.7050,1,5.9410,1,36.9410,1
2024-03-12 10:00:00,19.7056,1,5.9411,1,36.9411,1
2024-03-12 10:30:00,19.7062,1,5.9412,1,36.9412,1
2024-03-12 11:00:00,19.7068,1,5.9414,1,36.9414,1
2024-03-12 11:30:00,19.7075,1,5.9415,1,36.9415,1
2024-03-12 12:00:00,19.7081,1,5.9416,1,36.9416,1
2024-03-12 12:30:00,19.7087,1,5.9417,1,36.9417,1
2024-03-12 13:00:00,19.7093,1,5.9419,1,36.9419,1
2024-03-12 13:30:00,19.7099,1,5.9420,1,36.9420,1
2024-03-12 14:00:00,19.7105,1,5.9421,1,36.9421,1
2024-03-12 14:30:00,19.7111,1,5.9422,1,36.9422,1
2024-03-12 15:00:00,19.7117,1,5.9423,1,36.9423,1
2024-03-12 15:30:00,19.7123,1,5.9425,1,36.9425,1
2024-03-12 16:00:00,19.7129,1,5.9426,1,36.9426,1
2024-03-12 16:30:00,19.7134,1,5.9427,1,36.9427,1
2024-03-12 17:00:00,19.7140,1,5.9428,1,36.9428,1
2024-03-12 17:30:00,19.7146,1,5.9429,1,36.9429,1
2024-03-12 18:00:00,19.7152,1,5.9430,1,36.9430,1
2024-03-12 18:30:00,19.7158,1,5.9432,1,36.9432,1
2024-03-12 19:00:00,19.7164,1,5.9433,1,36.9433,1
2024-03-12 19:30:00,19.7170,1,5.9434,1,36.9434,1
2024-03-12 20:00:00,19.7176,1,5.9435,1,36.9435,1
2024-03-12 20:30:00,19.7182,1,5.9436,1,36.9436,1
2024-03-12 21:00:00,19.7188,1,5.9438,1,36.9438,1
2024-03-12 21:30:00,19.7194,1,5.9439,1,36.9439,1
2024-03-12 22:00:00,19.7200,1,5.9440,1,36.9440,1
2024-03-12 22:30:00,19.7206,1,5.9441,1,36.9441,1
2024-03-12 23:00:00,19.7212,1,5.9442,1,36.9442,1
2024-03-12 23:30:00,19.7217,1,5.9443,1,36.9443,1
2024-03-13 00:00:00,19.7223,1,5.9445,1,36.9445,1
2024-03-13 00:30:00,19.7229,1,5.9446,1,36.9446,1
2024-03-13 01:00:00,19.7235,1,5.9447,1,36.9447,1
2024-03-13 01:30:00,19.7241,1,5.9448,1,36.9448,1
2024-03-13 02:00:00,19.7247,1,5.9449,1,36.9449,1
2024-03-13 02:30:00,19.7253,1,5.9451,1,36.9451,1
2024-03-13 03:00:00,19.7258,1,5.9452,1,36.9452,1
2024-03-13 03:30:00,19.7264,1,5.9453,1,36.9453,1
2024-03-13 04:00:00,19.7270,1,5.9454,1,36.9454,1
2024-03-13 04:30:00,19.7276,1,5.9455,1,36.9455,1
2024-03-13 05:00:00,19.7282,1,5.9456,1,36.9456,1
2024-03-13 05:30:00,19.7288,1,5.9458,1,36.9458,1
2024-03-13 06:00:00,19.7293,1,5.9459,1,36.9459,1
2024-03-13 06:30:00,19.7299,1,5.9460,1,36.9460,1
2024-03-13 07:00:00,19.7305,1,5.9461,1,36.9461,1
2024-03-13 07:30:00,19.7311,1,5.9462,1,36.9462,1
2024-03-13 08:00:00,19.7317,1,5.9463,1,36.9463,1
2024-03-13 08:30:00,19.7322,1,5.9464,1,36.9464,1
2024-03-13 09:00:00,19.7328,1,5.9466,1,36.9466,1
2024-03-13 09:30:00,19.7334,1,5.9467,1,36.9467,1
2024-03-13 10:00:00,19.7340,1,5.9468,1,36.9468,1
2024-03-13 10:30:00,19.7345,1,5.9469,1,36.9469,1
2024-03-13 11:00:00,19.7351,1,5.9470,1,36.9470,1
2024-03-13 11:30:00,19.7357,1,5.9471,1,36.9471,1
2024-03-13 12:00:00,19.7363,1,5.9473,1,36.9473,1
2024-03-13 12:30:00,19.7368,1,5.9474,1,36.9474,1
2024-03-13 13:00:00,19.7374,1,5.9475,1,36.9475,1
2024-03-13 13:30:00,19.7380,1,5.9476,1,36.9476,1
2024-03-13 14:00:00,19.7385,1,5.9477,1,36.9477,1
2024-03-13 14:30:00,19.7391,1,5.9478,1,36.9478,1
2024-03-13 15:00:00,19.7397,1,5.9479,1,36.9479,1
2024-03-13 15:30:00,19.7403,1,5.9481,1,36.9481,1
2024-03-13 16:00:00,19.7408,1,5.9482,1,36.9482,1
2024-03-13 16:30:00,19.7414,1,5.9483,1,36.9483,1
2024-03-13 17:00:00,19.7420,1,5.9484,1,36.9484,1
2024-03-13 17:30:00,19.7425,1,5.9485,1,36.9485,1
2024-03-13 18:00:00,19.7431,1,5.9486,1,36.9486,1
2024-03-13 18:30:00,19.7437,1,5.9487,1,36.9487,1
2024-03-13 19:00:00,19.7442,1,5.9488,1,36.9488,1
2024-03-13 19:30:00,19.7448,1,5.9490,1,36.9490,1
2024-03-13 20:00:00,19.7454,1,5.9491,1,36.9491,1
2024-03-13 20:30:00,19.7459,1,5.9492,1,36.9492,1
2024-03-13 21:00:00,19.7465,1,5.9493,1,36.9493,1
2024-03-13 21:30:00,19.7470,1,5.9494,1,36.9494,1
2024-03-13 22:00:00,19.7476,1,5.9495,1,36.9495,1
2024-03-13 22:30:00,19.7482,1,5.9496,1,36.9496,1
2024-03-13 23:00:00,19.7487,1,5.9497,1,36.9497,1
2024-03-13 23:30:00,19.7493,1,5.9499,1,36.9499,1
2024-03-14 00:00:00,19.7498,1,5.9500,1,36.9500,1
2024-03-14 00:30:00,19.7504,1,5.9501,1,36.9501,1
2024-03-14 01:00:00,19.7510,1,5.9502,1,36.9502,1
2024-03-14 01:30:00,19.7515,1,5.9503,1,36.9503,1
2024-03-14 02:00:00,19.7521,1,5.9504,1,36.9504,1
2024-03-14 02:30:00,19.7526,1,5.9505,1,36.9505,1
2024-03-14 03:00:00,19.7532,1,5.9506,1,36.9506,1
2024-03-14 03:30:00,19.7537,1,5.9507,1,36.9507,1
2024-03-14 04:00:00,19.7543,1,5.9509,1,36.9509,1
2024-03-14 04:30:00,19.7548,1,5.9510,1,36.9510,1
2024-03-14 05:00:00,19.7554,1,5.9511,1,36.9511,1
2024-03-14 05:30:00,19.7559,1,5.9512,1,36.9512,1
2024-03-14 06:00:00,19.7565,1,5.9513,1,36.9513,1
2024-03-14 06:30:00,19.7570,1,5.9514,1,36.9514,1
2024-03-14 07:00:00,19.7576,1,5.9515,1,36.9515,1
2024-03-14 07:30:00,19.7581,1,5.9516,1,36.9516,1
2024-03-14 08:00:00,19.7587,1,5.9517,1,36.9517,1
2024-03-14 08:30:00,19.7592,1,5.9518,1,36.9518,1
2024-03-14 09:00:00,19.7598,1,5.9520,1,36.9520,1
2024-03-14 09:30:00,19.7603,1,5.9521,1,36.9521,1
2024-03-14 10:00:00,19.7609,1,5.9522,1,36.9522,1
2024-03-14 10:30:00,19.7614,1,5.9523,1,36.9523,1
2024-03-14 11:00:00,19.7620,1,5.9524,1,36.9524,1
2024-03-14 11:30:00,19.7625,1,5.9525,1,36.9525,1
2024-03-14 12:00:00,19.7631,1,5.9526,1,36.9526,1
2024-03-14 12:30:00,19.7636,1,5.9527,1,36.9527,1
2024-03-14 13:00:00,19.7642,1,5.9528,1,36.9528,1
2024-03-14 13:30:00,19.7647,1,5.9529,1,36.9529,1
2024-03-14 14:00:00,19.7652,1,5.9530,1,36.9530,1
2024-03-14 14:30:00,19.7658,1,5.9532,1,36.9532,1
2024-03-14 15:00:00,19.7663,1,5.9533,1,36.9533,1
2024-03-14 15:30:00,19.7669,1,5.9534,1,36.9534,1
2024-03-14 16:00:00,19.7674,1,5.9535,1,36.9535,1
2024-03-14 16:30:00,19.7679,1,5.9536,1,36.9536,1
2024-03-14 17:00:00,19.7685,1,5.9537,1,36.9537,1
2024-03-14 17:30:00,19.7690,1,5.9538,1,36.9538,1
2024-03-14 18:00:00,19.7696,1,5.9539,1,36.9539,1
2024-03-14 18:30:00,19.7701,1,5.9540,1,36.9540,1
2024-03-14 19:00:00,19.7706,1,5.9541,1,36.9541,1
2024-03-14 19:30:00,19.7712,1,5.9542,1,36.9542,1
2024-03-14 20:00:00,19.7717,1,5.9543,1,36.9543,1
2024-03-14 20:30:00,19.7722,1,5.9544,1,36.9544,1
2024-03-14 21:00:00,19.7728,1,5.9546,1,36.9546,1
2024-03-14 21:30:00,19.7733,1,5.9547,1,36.9547,1
2024-03-14 22:00:00,19.7738,1,5.9548,1,36.9548,1
2024-03-14 22:30:00,19.7744,1,5.9549,1,36.9549,1
2024-03-14 23:00:00,19.7749,1,5.9550,1,36.9550,1
2024-03-14 23:30:00,19.7754,1,5.9551,1,36.9551,1
2024-03-15 00:00:00,19.7759,1,5.9552,1,36.9552,1
2024-03-15 00:30:00,19.7765,1,5.9553,1,36.9553,1
2024-03-15 01:00:00,19.7770,1,5.9554,1,36.9554,1
2024-03-15 01:30:00,19.7775,1,5.9555,1,36.9555,1
2024-03-15 02:00:00,19.7781,1,5.9556,1,36.9556,1
2024-03-15 02:30:00,19.7786,1,5.9557,1,36.9557,1
2024-03-15 03:00:00,19.7791,1,5.9558,1,36.9558,1
2024-03-15 03:30:00,19.7796,1,5.9559,1,36.9559,1
2024-03-15 04:00:00,19.7802,1,5.9560,1,36.9560,1
2024-03-15 04:30:00,19.7807,1,5.9561,1,36.9561,1
2024-03-15 05:00:00,19.7812,1,5.9562,1,36.9562,1
2024-03-15 05:30:00,19.7817,1,5.9563,1,36.9563,1
2024-03-15 06:00:00,19.7823,1,5.9565,1,36.9565,1
2024-03-15 06:30:00,19.7828,1,5.9566,1,36.9566,1
2024-03-15 07:00:00,19.7833,1,5.9567,1,36.9567,1
2024-03-15 07:30:00,19.7838,1,5.9568,1,36.9568,1
2024-03-15 08:00:00,19.7843,1,5.9569,1,36.9569,1
2024-03-15 08:30:00,19.7849,1,5.9570,1,36.9570,1
2024-03-15 09:00:00,19.7854,1,5.9571,1,36.9571,1
2024-03-15 09:30:00,19.7859,1,5.9572,1,36.9572,1
2024-03-15 10:00:00,19.7864,1,5.9573,1,36.9573,1
2024-03-15 10:30:00,19.7869,1,5.9574,1,36.9574,1
2024-03-15 11:00:00,19.7874,1,5.9575,1,36.9575,1
2024-03-15 11:30:00,19.7880,1,5.9576,1,36.9576,1
2024-03-15 12:00:00,19.7885,1,5.9577,1,36.9577,1
2024-03-15 12:30:00,19.7890,1,5.9578,1,36.9578,1
2024-03-15 13:00:00,19.7895,1,5.9579,1,36.9579,1
2024-03-15 13:30:00,19.7900,1,5.9580,1,36.9580,1
2024-03-15 14:00:00,19.7905,1,5.9581,1,36.9581,1
2024-03-15 14:30:00,19.7910,1,5.9582,1,36.9582,1
2024-03-15 15:00:00,19.7915,1,5.9583,1,36.9583,1
2024-03-15 15:30:00,19.7921,1,5.9584,1,36.9584,1
2024-03-15 16:00:00,19.7926,1,5.9585,1,36.9585,1
2024-03-15 16:30:00,19.7931,1,5.9586,1,36.9586,1
2024-03-15 17:00:00,19.7936,1,5.9587,1,36.9587,1
2024-03-15 17:30:00,19.7941,1,5.9588,1,36.9588,1
2024-03-15 18:00:00,19.7946,1,5.9589,1,36.9589,1
2024-03-15 18:30:00,19.7951,1,5.9590,1,36.9590,1
2024-03-15 19:00:00,19.7956,1,5.9591,1,36.9591,1
2024-03-15 19:30:00,19.7961,1,5.9592,1,36.9592,1
2024-03-15 20:00:00,19.7966,1,5.9593,1,36.9593,1
2024-03-15 20:30:00,19.7971,1,5.9594,1,36.9594,1
2024-03-15 21:00:00,19.7976,1,5.9595,1,36.9595,1
2024-03-15 21:30:00,19.7981,1,5.9596,1,36.9596,1
2024-03-15 22:00:00,19.7986,1,5.9597,1,36.9597,1
2024-03-15 22:30:00,19.7991,1,5.9598,1,36.9598,1
2024-03-15 23:00:00,19.7996,1,5.9599,1,36.9599,1
2024-03-15 23:30:00,19.8001,1,5.9600,1,36.9600,1
2024-03-16 00:00:00,19.8006,1,5.9601,1,36.9601,1
2024-03-16 00:30:00,19.8011,1,5.9602,1,36.9602,1
2024-03-16 01:00:00,19.8016,1,5.9603,1,36.9603,1
2024-03-16 01:30:00,19.8021,1,5.9604,1,36.9604,1
2024-03-16 02:00:00,19.8026,1,5.9605,1,36.9605,1
2024-03-16 02:30:00,19.8031,1,5.9606,1,36.9606,1
2024-03-16 03:00:00,19.8036,1,5.9607,1,36.9607,1
2024-03-16 03:30:00,19.8041,1,5.9608,1,36.9608,1
2024-03-16 04:00:00,19.8046,1,5.9609,1,36.9609,1
2024-03-16 04:30:00,19.8051,1,5.9610,1,36.9610,1
2024-03-16 05:00:00,19.8056,1,5.9611,1,36.9611,1
2024-03-16 05:30:00,19.8061,1,5.9612,1,36.9612,1
2024-03-16 06:00:00,19.8066,1,5.9613,1,36.9613,1
2024-03-16 06:30:00,19.8071,1,5.9614,1,36.9614,1
2024-03-16 07:00:00,19.8076,1,5.9615,1,36.9615,1
2024-03-16 07:30:00,19.8081,1,5.9616,1,36.9616,1
2024-03-16 08:00:00,19.8086,1,5.9617,1,36.9617,1
2024-03-16 08:30:00,19.8091,1,5.9618,1,36.9618,1
2024-03-16 09:00:00,19.8095,1,5.9619,1,36.9619,1
2024-03-16 09:30:00,19.8100,1,5.9620,1,36.9620,1
2024-03-16 10:00:00,19.8105,1,5.9621,1,36.9621,1
2024-03-16 10:30:00,19.8110,1,5.9622,1,36.9622,1
2024-03-16 11:00:00,19.8115,1,5.9623,1,36.9623,1
2024-03-16 11:30:00,19.8120,1,5.9624,1,36.9624,1
2024-03-16 12:00:00,19.8125,1,5.9625,1,36.9625,1
2024-03-16 12:30:00,19.8130,1,5.9626,1,36.9626,1
2024-03-16 13:00:00,19.8134,1,5.9627,1,36.9627,1
2024-03-16 13:30:00,19.8139,1,5.9628,1,36.9628,1
2024-03-16 14:00:00,19.8144,1,5.9629,1,36.9629,1
2024-03-16 14:30:00,19.8149,1,5.9630,1,36.9630,1
2024-03-16 15:00:00,19.8154,1,5.9631,1,36.9631,1
2024-03-16 15:30:00,19.8158,1,5.9632,1,36.9632,1
2024-03-16 16:00:00,19.8163,1,5.9633,1,36.9633,1
2024-03-16 16:30:00,19.8168,1,5.9634,1,36.9634,1
2024-03-16 17:00:00,19.8173,1,5.9635,1,36.9635,1
2024-03-16 17:30:00,19.8178,1,5.9636,1,36.9636,1
2024-03-16 18:00:00,19.8182,1,5.9636,1,36.9636,1
2024-03-16 18:30:00,19.8187,1,5.9637,1,36.9637,1
2024-03-16 19:00:00,19.8192,1,5.9638,1,36.9638,1
2024-03-16 19:30:00,19.8197,1,5.9639,1,36.9639,1
2024-03-16 20:00:00,19.8202,1,5.9640,1,36.9640,1
2024-03-16 20:30:00,19.8206,1,5.9641,1,36.9641,1
2024-03-16 21:00:00,19.8211,1,5.9642,1,36.9642,1
2024-03-16 21:30:00,19.8216,1,5.9643,1,36.9643,1
2024-03-16 22:00:00,19.8220,1,5.9644,1,36.9644,1
2024-03-16 22:30:00,19.8225,1,5.9645,1,36.9645,1
2024-03-16 23:00:00,19.8230,1,5.9646,1,36.9646,1
2024-03-16 23:30:00,19.8235,1,5.9647,1,36.9647,1
2024-03-17 00:00:00,19.8239,1,5.9648,1,36.9648,1
2024-03-17 00:30:00,19.8244,1,5.9649,1,36.9649,1
2024-03-17 01:00:00,19.8249,1,5.9650,1,36.9650,1
2024-03-17 01:30:00,19.8253,1,5.9651,1,36.9651,1
2024-03-17 02:00:00,19.8258,1,5.9652,1,36.9652,1
2024-03-17 02:30:00,19.8263,1,5.9653,1,36.9653,1
2024-03-17 03:00:00,19.8267,1,5.9653,1,36.9653,1
2024-03-17 03:30:00,19.8272,1,5.9654,1,36.9654,1
2024-03-17 04:00:00,19.8277,1,5.9655,1,36.9655,1
2024-03-17 04:30:00,19.8281,1,5.9656,1,36.9656,1
2024-03-17 05:00:00,19.8286,1,5.9657,1,36.9657,1
2024-03-17 05:30:00,19.8291,1,5.9658,1,36.9658,1
2024-03-17 06:00:00,19.8295,1,5.9659,1,36.9659,1
2024-03-17 06:30:00,19.8300,1,5.9660,1,36.9660,1
2024-03-17 07:00:00,19.8305,1,5.9661,1,36.9661,1
2024-03-17 07:30:00,19.8309,1,5.9662,1,36.9662,1
2024-03-17 08:00:00,19.8314,1,5.9663,1,36.9663,1
2024-03-17 08:30:00,19.8318,1,5.9664,1,36.9664,1
2024-03-17 09:00:00,19.8323,1,5.9665,1,36.9665,1
2024-03-17 09:30:00,19.8328,1,5.9666,1,36.9666,1
2024-03-17 10:00:00,19.8332,1,5.9666,1,36.9666,1
2024-03-17 10:30:00,19.8337,1,5.9667,1,36.9667,1
2024-03-17 11:00:00,19.8341,1,5.9668,1,36.9668,1
2024-03-17 11:30:00,19.8346,1,5.9669,1,36.9669,1
2024-03-17 12:00:00,19.8350,1,5.9670,1,36.9670,1
2024-03-17 12:30:00,19.8355,1,5.9671,1,36.9671,1
2024-03-17 13:00:00,19.8360,1,5.9672,1,36.9672,1
2024-03-17 13:30:00,19.8364,1,5.9673,1,36.9673,1
2024-03-17 14:00:00,19.8369,1,5.9674,1,36.9674,1
2024-03-17 14:30:00,19.8373,1,5.9675,1,36.9675,1
2024-03-17 15:00:00,19.8378,1,5.9676,1,36.9676,1
2024-03-17 15:30:00,19.8382,1,5.9676,1,36.9676,1
2024-03-17 16:00:00,19.8387,1,5.9677,1,36.9677,1
2024-03-17 16:30:00,19.8391,1,5.9678,1,36.9678,1
2024-03-17 17:00:00,19.8396,1,5.9679,1,36.9679,1
2024-03-17 17:30:00,19.8400,1,5.9680,1,36.9680,1
2024-03-17 18:00:00,19.8405,1,5.9681,1,36.9681,1
2024-03-17 18:30:00,19.8409,1,5.9682,1,36.9682,1
2024-03-17 19:00:00,19.8414,1,5.9683,1,36.9683,1
2024-03-17 19:30:00,19.8418,1,5.9684,1,36.9684,1
2024-03-17 20:00:00,19.8423,1,5.9685,1,36.9685,1
2024-03-17 20:30:00,19.8427,1,5.9685,1,36.9685,1
2024-03-17 21:00:00,19.8431,1,5.9686,1,36.9686,1
2024-03-17 21:30:00,19.8436,1,5.9687,1,36.9687,1
2024-03-17 22:00:00,19.8440,1,5.9688,1,36.9688,1
2024-03-17 22:30:00,19.8445,1,5.9689,1,36.9689,1
2024-03-17 23:00:00,19.8449,1,5.9690,1,36.9690,1
2024-03-17 23:30:00,19.8454,1,5.9691,1,36.9691,1
2024-03-18 00:00:00,19.8458,1,5.9692,1,36.9692,1
2024-03-18 00:30:00,19.8462,1,5.9692,1,36.9692,1
2024-03-18 01:00:00,19.8467,1,5.9693,1,36.9693,1
2024-03-18 01:30:00,19.8471,1,5.9694,1,36.9694,1
2024-03-18 02:00:00,19.8476,1,5.9695,1,36.9695,1
2024-03-18 02:30:00,19.8480,1,5.9696,1,36.9696,1
2024-03-18 03:00:00,19.8484,1,5.9697,1,36.9697,1
2024-03-18 03:30:00,19.8489,1,5.9698,1,36.9698,1
2024-03-18 04:00:00,19.8493,1,5.9699,1,36.9699,1
2024-03-18 04:30:00,19.8497,1,5.9699,1,36.9699,1
2024-03-18 05:00:00,19.8502,1,5.9700,1,36.9700,1
2024-03-18 05:30:00,19.8506,1,5.9701,1,36.9701,1
2024-03-18 06:00:00,19.8510,1,5.9702,1,36.9702,1
2024-03-18 06:30:00,19.8515,1,5.9703,1,36.9703,1
2024-03-18 07:00:00,19.8519,1,5.9704,1,36.9704,1
2024-03-18 07:30:00,19.8523,1,5.9705,1,36.9705,1
2024-03-18 08:00:00,19.8528,1,5.9706,1,36.9706,1
2024-03-18 08:30:00,19.8532,1,5.9706,1,36.9706,1
2024-03-18 09:00:00,19.8536,1,5.9707,1,36.9707,1
2024-03-18 09:30:00,19.8541,1,5.9708,1,36.9708,1
2024-03-18 10:00:00,19.8545,1,5.9709,1,36.9709,1
2024-03-18 10:30:00,19.8549,1,5.9710,1,36.9710,1
2024-03-18 11:00:00,19.8553,1,5.9711,1,36.9711,1
2024-03-18 11:30:00,19.8558,1,5.9712,1,36.9712,1
2024-03-18 12:00:00,19.8562,1,5.9712,1,36.9712,1
2024-03-18 12:30:00,19.8566,1,5.9713,1,36.9713,1
2024-03-18 13:00:00,19.8570,1,5.9714,1,36.9714,1
2024-03-18 13:30:00,19.8575,1,5.9715,1,36.9715,1
2024-03-18 14:00:00,19.8579,1,5.9716,1,36.9716,1
2024-03-18 14:30:00,19.8583,1,5.9717,1,36.9717,1
2024-03-18 15:00:00,19.8587,1,5.9717,1,36.9717,1
2024-03-18 15:30:00,19.8592,1,5.9718,1,36.9718,1
2024-03-18 16:00:00,19.8596,1,5.9719,1,36.9719,1
2024-03-18 16:30:00,19.8600,1,5.9720,1,36.9720,1
2024-03-18 17:00:00,19.8604,1,5.9721,1,36.9721,1
2024-03-18 17:30:00,19.8608,1,5.9722,1,36.9722,1
2024-03-18 18:00:00,19.8613,1,5.9723,1,36.9723,1
2024-03-18 18:30:00,19.8617,1,5.9723,1,36.9723,1
2024-03-18 19:00:00,19.8621,1,5.9724,1,36.9724,1
2024-03-18 19:30:00,19.8625,1,5.9725,1,36.9725,1
2024-03-18 20:00:00,19.8629,1,5.9726,1,36.9726,1
2024-03-18 20:30:00,19.8633,1,5.9727,1,36.9727,1
2024-03-18 21:00:00,19.8638,1,5.9728,1,36.9728,1
2024-03-18 21:30:00,19.8642,1,5.9728,1,36.9728,1
2024-03-18 22:00:00,19.8646,1,5.9729,1,36.9729,1
2024-03-18 22:30:00,19.8650,1,5.9730,1,36.9730,1
2024-03-18 23:00:00,19.8654,1,5.9731,1,36.9731,1
2024-03-18 23:30:00,19.8658,1,5.9732,1,36.9732,1
2024-03-19 00:00:00,19.8662,1,5.9732,1,36.9732,1
2024-03-19 00:30:00,19.8666,1,5.9733,1,36.9733,1
2024-03-19 01:00:00,19.8671,1,5.9734,1,36.9734,1
2024-03-19 01:30:00,19.8675,1,5.9735,1,36.9735,1
2024-03-19 02:00:00,19.8679,1,5.9736,1,36.9736,1
2024-03-19 02:30:00,19.8683,1,5.9737,1,36.9737,1
2024-03-19 03:00:00,19.8687,1,5.9737,1,36.9737,1
2024-03-19 03:30:00,19.8691,1,5.9738,1,36.9738,1
2024-03-19 04:00:00,19.8695,1,5.9739,1,36.9739,1
2024-03-19 04:30:00,19.8699,1,5.9740,1,36.9740,1
2024-03-19 05:00:00,19.8703,1,5.9741,1,36.9741,1
2024-03-19 05:30:00,19.8707,1,5.9741,1,36.9741,1
2024-03-19 06:00:00,19.8711,1,5.9742,1,36.9742,1
2024-03-19 06:30:00,19.8715,1,5.9743,1,36.9743,1
2024-03-19 07:00:00,19.8719,1,5.9744,1,36.9744,1
2024-03-19 07:30:00,19.8723,1,5.9745,1,36.9745,1
2024-03-19 08:00:00,19.8727,1,5.9745,1,36.9745,1
2024-03-19 08:30:00,19.8731,1,5.9746,1,36.9746,1
2024-03-19 09:00:00,19.8735,1,5.9747,1,36.9747,1
2024-03-19 09:30:00,19.8739,1,5.9748,1,36.9748,1
2024-03-19 10:00:00,19.8743,1,5.9749,1,36.9749,1
2024-03-19 10:30:00,19.8747,1,5.9749,1,36.9749,1
2024-03-19 11:00:00,19.8751,1,5.9750,1,36.9750,1
2024-03-19 11:30:00,19.8755,1,5.9751,1,36.9751,1
2024-03-19 12:00:00,19.8759,1,5.9752,1,36.9752,1
2024-03-19 12:30:00,19.8763,1,5.9753,1,36.9753,1
2024-03-19 13:00:00,19.8767,1,5.9753,1,36.9753,1
2024-03-19 13:30:00,19.8771,1,5.9754,1,36.9754,1
2024-03-19 14:00:00,19.8775,1,5.9755,1,36.9755,1
2024-03-19 14:30:00,19.8779,1,5.9756,1,36.9756,1
2024-03-19 15:00:00,19.8783,1,5.9757,1,36.9757,1
2024-03-19 15:30:00,19.8787,1,5.9757,1,36.9757,1
2024-03-19 16:00:00,19.8791,1,5.9758,1,36.9758,1
2024-03-19 16:30:00,19.8795,1,5.9759,1,36.9759,1
2024-03-19 17:00:00,19.8798,1,5.9760,1,36.9760,1
2024-03-19 17:30:00,19.8802,1,5.9760,1,36.9760,1
2024-03-19 18:00:00,19.8806,1,5.9761,1,36.9761,1
2024-03-19 18:30:00,19.8810,1,5.9762,1,36.9762,1
2024-03-19 19:00:00,19.8814,1,5.9763,1,36.9763,1
2024-03-19 19:30:00,19.8818,1,5.9764,1,36.9764,1
2024-03-19 20:00:00,19.8822,1,5.9764,1,36.9764,1
2024-03-19 20:30:00,19.8826,1,5.9765,1,36.9765,1
2024-03-19 21:00:00,19.8829,1,5.9766,1,36.9766,1
2024-03-19 21:30:00,19.8833,1,5.9767,1,36.9767,1
2024-03-19 22:00:00,19.8837,1,5.9767,1,36.9767,1
2024-03-19 22:30:00,19.8841,1,5.9768,1,36.9768,1
2024-03-19 23:00:00,19.8845,1,5.9769,1,36.9769,1
2024-03-19 23:30:00,19.8849,1,5.9770,1,36.9770,1
2024-03-20 00:00:00,19.8852,1,5.9770,1,36.9770,1
2024-03-20 00:30:00,19.8856,1,5.9771,1,36.9771,1
2024-03-20 01:00:00,19.8860,1,5.9772,1,36.9772,1
2024-03-20 01:30:00,19.8864,1,5.9773,1,36.9773,1
2024-03-20 02:00:00,19.8868,1,5.9774,1,36.9774,1
2024-03-20 02:30:00,19.8871,1,5.9774,1,36.9774,1
2024-03-20 03:00:00,19.8875,1,5.9775,1,36.9775,1
2024-03-20 03:30:00,19.8879,1,5.9776,1,36.9776,1
2024-03-20 04:00:00,19.8883,1,5.9777,1,36.9777,1
2024-03-20 04:30:00,19.8886,1,5.9777,1,36.9777,1
2024-03-20 05:00:00,19.8890,1,5.9778,1,36.9778,1
2024-03-20 05:30:00,19.8894,1,5.9779,1,36.9779,1
2024-03-20 06:00:00,19.8898,1,5.9780,1,36.9780,1
2024-03-20 06:30:00,19.8901,1,5.9780,1,36.9780,1
2024-03-20 07:00:00,19.8905,1,5.9781,1,36.9781,1
2024-03-20 07:30:00,19.8909,1,5.9782,1,36.9782,1
2024-03-20 08:00:00,19.8913,1,5.9783,1,36.9783,1
2024-03-20 08:30:00,19.8916,1,5.9783,1,36.9783,1
2024-03-20 09:00:00,19.8920,1,5.9784,1,36.9784,1
2024-03-20 09:30:00,19.8924,1,5.9785,1,36.9785,1
2024-03-20 10:00:00,19.8927,1,5.9785,1,36.9785,1
2024-03-20 10:30:00,19.8931,1,5.9786,1,36.9786,1
2024-03-20 11:00:00,19.8935,1,5.9787,1,36.9787,1
2024-03-20 11:30:00,19.8938,1,5.9788,1,36.9788,1
2024-03-20 12:00:00,19.8942,1,5.9788,1,36.9788,1
2024-03-20 12:30:00,19.8946,1,5.9789,1,36.9789,1
2024-03-20 13:00:00,19.8949,1,5.9790,1,36.9790,1
2024-03-20 13:30:00,19.8953,1,5.9791,1,36.9791,1
2024-03-20 14:00:00,19.8957,1,5.9791,1,36.9791,1
2024-03-20 14:30:00,19.8960,1,5.9792,1,36.9792,1
2024-03-20 15:00:00,19.8964,1,5.9793,1,36.9793,1
2024-03-20 15:30:00,19.8967,1,5.9793,1,36.9793,1
2024-03-20 16:00:00,19.8971,1,5.9794,1,36.9794,1
2024-03-20 16:30:00,19.8975,1,5.9795,1,36.9795,1
2024-03-20 17:00:00,19.8978,1,5.9796,1,36.9796,1
2024-03-20 17:30:00,19.8982,1,5.9796,1,36.9796,1
2024-03-20 18:00:00,19.8985,1,5.9797,1,36.9797,1
2024-03-20 18:30:00,19.8989,1,5.9798,1,36.9798,1
2024-03-20 19:00:00,19.8993,1,5.9799,1,36.9799,1
2024-03-20 19:30:00,19.8996,1,5.9799,1,36.9799,1
2024-03-20 20:00:00,19.9000,1,5.9800,1,36.9800,1
2024-03-20 20:30:00,19.9003,1,5.9801,1,36.9801,1
2024-03-20 21:00:00,19.9007,1,5.9801,1,36.9801,1
2024-03-20 21:30:00,19.9010,1,5.9802,1,36.9802,1
2024-03-20 22:00:00,19.9014,1,5.9803,1,36.9803,1
2024-03-20 22:30:00,19.9017,1,5.9803,1,36.9803,1
2024-03-20 23:00:00,19.9021,1,5.9804,1,36.9804,1
2024-03-20 23:30:00,19.9024,1,5.9805,1,36.9805,1
2024-03-21 00:00:00,19.9028,1,5.9806,1,36.9806,1
2024-03-21 00:30:00,19.9032,1,5.9806,1,36.9806,1
2024-03-21 01:00:00,19.9035,1,5.9807,1,36.9807,1
2024-03-21 01:30:00,19.9039,1,5.9808,1,36.9808,1
2024-03-21 02:00:00,19.9042,1,5.9808,1,36.9808,1
2024-03-21 02:30:00,19.9045,1,5.9809,1,36.9809,1
2024-03-21 03:00:00,19.9049,1,5.9810,1,36.9810,1
2024-03-21 03:30:00,19.9052,1,5.9810,1,36.9810,1
2024-03-21 04:00:00,19.9056,1,5.9811,1,36.9811,1
2024-03-21 04:30:00,19.9059,1,5.9812,1,36.9812,1
2024-03-21 05:00:00,19.9063,1,5.9813,1,36.9813,1
2024-03-21 05:30:00,19.9066,1,5.9813,1,36.9813,1
2024-03-21 06:00:00,19.9070,1,5.9814,1,36.9814,1
2024-03-21 06:30:00,19.9073,1,5.9815,1,36.9815,1
2024-03-21 07:00:00,19.9077,1,5.9815,1,36.9815,1
2024-03-21 07:30:00,19.9080,1,5.9816,1,36.9816,1
2024-03-21 08:00:00,19.9083,1,5.9817,1,36.9817,1
2024-03-21 08:30:00,19.9087,1,5.9817,1,36.9817,1
2024-03-21 09:00:00,19.9090,1,5.9818,1,36.9818,1
2024-03-21 09:30:00,19.9094,1,5.9819,1,36.9819,1
2024-03-21 10:00:00,19.9097,1,5.9819,1,36.9819,1
2024-03-21 10:30:00,19.9100,1,5.9820,1,36.9820,1
2024-03-21 11:00:00,19.9104,1,5.9821,1,36.9821,1
2024-03-21 11:30:00,19.9107,1,5.9821,1,36.9821,1
2024-03-21 12:00:00,19.9110,1,5.9822,1,36.9822,1
2024-03-21 12:30:00,19.9114,1,5.9823,1,36.9823,1
2024-03-21 13:00:00,19.9117,1,5.9823,1,36.9823,1
2024-03-21 13:30:00,19.9120,1,5.9824,1,36.9824,1
2024-03-21 14:00:00,19.9124,1,5.9825,1,36.9825,1
2024-03-21 14:30:00,19.9127,1,5.9825,1,36.9825,1
2024-03-21 15:00:00,19.9130,1,5.9826,1,36.9826,1
2024-03-21 15:30:00,19.9134,1,5.9827,1,36.9827,1
2024-03-21 16:00:00,19.9137,1,5.9827,1,36.9827,1
2024-03-21 16:30:00,19.9140,1,5.9828,1,36.9828,1
2024-03-21 17:00:00,19.9144,1,5.9829,1,36.9829,1
2024-03-21 17:30:00,19.9147,1,5.9829,1,36.9829,1
2024-03-21 18:00:00,19.9150,1,5.9830,1,36.9830,1
2024-03-21 18:30:00,19.9154,1,5.9831,1,36.9831,1
2024-03-21 19:00:00,19.9157,1,5.9831,1,36.9831,1
2024-03-21 19:30:00,19.9160,1,5.9832,1,36.9832,1
2024-03-21 20:00:00,19.9163,1,5.9833,1,36.9833,1
2024-03-21 20:30:00,19.9167,1,5.9833,1,36.9833,1
2024-03-21 21:00:00,19.9170,1,5.9834,1,36.9834,1
2024-03-21 21:30:00,19.9173,1,5.9835,1,36.9835,1
2024-03-21 22:00:00,19.9176,1,5.9835,1,36.9835,1
2024-03-21 22:30:00,19.9180,1,5.9836,1,36.9836,1
2024-03-21 23:00:00,19.9183,1,5.9837,1,36.9837,1
2024-03-21 23:30:00,19.9186,1,5.9837,1,36.9837,1
2024-03-22 00:00:00,19.9189,1,5.9838,1,36.9838,1
2024-03-22 00:30:00,19.9192,1,5.9838,1,36.9838,1
2024-03-22 01:00:00,19.9196,1,5.9839,1,36.9839,1
2024-03-22 01:30:00,19.9199,1,5.9840,1,36.9840,1
2024-03-22 02:00:00,19.9202,1,5.9840,1,36.9840,1
2024-03-22 02:30:00,19.9205,1,5.9841,1,36.9841,1
2024-03-22 03:00:00,19.9208,1,5.9842,1,36.9842,1
2024-03-22 03:30:00,19.9211,1,5.9842,1,36.9842,1
2024-03-22 04:00:00,19.9215,1,5.9843,1,36.9843,1
2024-03-22 04:30:00,19.9218,1,5.9844,1,36.9844,1
2024-03-22 05:00:00,19.9221,1,5.9844,1,36.9844,1
2024-03-22 05:30:00,19.9224,1,5.9845,1,36.9845,1
2024-03-22 06:00:00,19.9227,1,5.9845,1,36.9845,1
2024-03-22 06:30:00,19.9230,1,5.9846,1,36.9846,1
2024-03-22 07:00:00,19.9233,1,5.9847,1,36.9847,1
2024-03-22 07:30:00,19.9237,1,5.9847,1,36.9847,1
2024-03-22 08:00:00,19.9240,1,5.9848,1,36.9848,1
2024-03-22 08:30:00,19.9243,1,5.9849,1,36.9849,1
2024-03-22 09:00:00,19.9246,1,5.9849,1,36.9849,1
2024-03-22 09:30:00,19.9249,1,5.9850,1,36.9850,1
2024-03-22 10:00:00,19.9252,1,5.9850,1,36.9850,1
2024-03-22 10:30:00,19.9255,1,5.9851,1,36.9851,1
2024-03-22 11:00:00,19.9258,1,5.9852,1,36.9852,1
2024-03-22 11:30:00,19.9261,1,5.9852,1,36.9852,1
2024-03-22 12:00:00,19.9264,1,5.9853,1,36.9853,1
2024-03-22 12:30:00,19.9267,1,5.9853,1,36.9853,1
2024-03-22 13:00:00,19.9270,1,5.9854,1,36.9854,1
2024-03-22 13:30:00,19.9273,1,5.9855,1,36.9855,1
2024-03-22 14:00:00,19.9277,1,5.9855,1,36.9855,1
2024-03-22 14:30:00,19.9280,1,5.9856,1,36.9856,1
2024-03-22 15:00:00,19.9283,1,5.9857,1,36.9857,1
2024-03-22 15:30:00,19.9286,1,5.9857,1,36.9857,1
2024-03-22 16:00:00,19.9289,1,5.9858,1,36.9858,1
2024-03-22 16:30:00,19.9292,1,5.9858,1,36.9858,1
2024-03-22 17:00:00,19.9295,1,5.9859,1,36.9859,1
2024-03-22 17:30:00,19.9298,1,5.9860,1,36.9860,1
2024-03-22 18:00:00,19.9301,1,5.9860,1,36.9860,1
2024-03-22 18:30:00,19.9304,1,5.9861,1,36.9861,1
2024-03-22 19:00:00,19.9307,1,5.9861,1,36.9861,1
2024-03-22 19:30:00,19.9309,1,5.9862,1,36.9862,1
2024-03-22 20:00:00,19.9312,1,5.9862,1,36.9862,1
2024-03-22 20:30:00,19.9315,1,5.9863,1,36.9863,1
2024-03-22 21:00:00,19.9318,1,5.9864,1,36.9864,1
2024-03-22 21:30:00,19.9321,1,5.9864,1,36.9864,1
2024-03-22 22:00:00,19.9324,1,5.9865,1,36.9865,1
2024-03-22 22:30:00,19.9327,1,5.9865,1,36.9865,1
2024-03-22 23:00:00,19.9330,1,5.9866,1,36.9866,1
2024-03-22 23:30:00,19.9333,1,5.9867,1,36.9867,1
2024-03-23 00:00:00,19.9336,1,5.9867,1,36.9867,1
2024-03-23 00:30:00,19.9339,1,5.9868,1,36.9868,1
2024-03-23 01:00:00,19.9342,1,5.9868,1,36.9868,1
2024-03-23 01:30:00,19.9345,1,5.9869,1,36.9869,1
2024-03-23 02:00:00,19.9347,1,5.9869,1,36.9869,1
2024-03-23 02:30:00,19.9350,1,5.9870,1,36.9870,1
2024-03-23 03:00:00,19.9353,1,5.9871,1,36.9871,1
2024-03-23 03:30:00,19.9356,1,5.9871,1,36.9871,1
2024-03-23 04:00:00,19.9359,1,5.9872,1,36.9872,1
2024-03-23 04:30:00,19.9362,1,5.9872,1,36.9872,1
2024-03-23 05:00:00,19.9365,1,5.9873,1,36.9873,1
2024-03-23 05:30:00,19.9367,1,5.9873,1,36.9873,1
2024-03-23 06:00:00,19.9370,1,5.9874,1,36.9874,1
2024-03-23 06:30:00,19.9373,1,5.9875,1,36.9875,1
2024-03-23 07:00:00,19.9376,1,5.9875,1,36.9875,1
2024-03-23 07:30:00,19.9379,1,5.9876,1,36.9876,1
2024-03-23 08:00:00,19.9382,1,5.9876,1,36.9876,1
2024-03-23 08:30:00,19.9384,1,5.9877,1,36.9877,1
2024-03-23 09:00:00,19.9387,1,5.9877,1,36.9877,1
2024-03-23 09:30:00,19.9390,1,5.9878,1,36.9878,1
2024-03-23 10:00:00,19.9393,1,5.9879,1,36.9879,1
2024-03-23 10:30:00,19.9395,1,5.9879,1,36.9879,1
2024-03-23 11:00:00,19.9398,1,5.9880,1,36.9880,1
2024-03-23 11:30:00,19.9401,1,5.9880,1,36.9880,1
2024-03-23 12:00:00,19.9404,1,5.9881,1,36.9881,1
2024-03-23 12:30:00,19.9407,1,5.9881,1,36.9881,1
2024-03-23 13:00:00,19.9409,1,5.9882,1,36.9882,1
2024-03-23 13:30:00,19.9412,1,5.9882,1,36.9882,1
2024-03-23 14:00:00,19.9415,1,5.9883,1,36.9883,1
2024-03-23 14:30:00,19.9417,1,5.9883,1,36.9883,1
2024-03-23 15:00:00,19.9420,1,5.9884,1,36.9884,1
2024-03-23 15:30:00,19.9423,1,5.9885,1,36.9885,1
2024-03-23 16:00:00,19.9426,1,5.9885,1,36.9885,1
2024-03-23 16:30:00,19.9428,1,5.9886,1,36.9886,1
2024-03-23 17:00:00,19.9431,1,5.9886,1,36.9886,1
2024-03-23 17:30:00,19.9434,1,5.9887,1,36.9887,1
2024-03-23 18:00:00,19.9436,1,5.9887,1,36.9887,1
2024-03-23 18:30:00,19.9439,1,5.9888,1,36.9888,1
2024-03-23 19:00:00,19.9442,1,5.9888,1,36.9888,1
2024-03-23 19:30:00,19.9444,1,5.9889,1,36.9889,1
2024-03-23 20:00:00,19.9447,1,5.9889,1,36.9889,1
2024-03-23 20:30:00,19.9450,1,5.9890,1,36.9890,1
2024-03-23 21:00:00,19.9452,1,5.9890,1,36.9890,1
2024-03-23 21:30:00,19.9455,1,5.9891,1,36.9891,1
2024-03-23 22:00:00,19.9458,1,5.9892,1,36.9892,1
2024-03-23 22:30:00,19.9460,1,5.9892,1,36.9892,1
2024-03-23 23:00:00,19.9463,1,5.9893,1,36.9893,1
2024-03-23 23:30:00,19.9465,1,5.9893,1,36.9893,1
2024-03-24 00:00:00,19.9468,1,5.9894,1,36.9894,1
2024-03-24 00:30:00,19.9471,1,5.9894,1,36.9894,1
2024-03-24 01:00:00,19.9473,1,5.9895,1,36.9895,1
2024-03-24 01:30:00,19.9476,1,5.9895,1,36.9895,1
2024-03-24 02:00:00,19.9478,1,5.9896,1,36.9896,1
2024-03-24 02:30:00,19.9481,1,5.9896,1,36.9896,1
2024-03-24 03:00:00,19.9484,1,5.9897,1,36.9897,1
2024-03-24 03:30:00,19.9486,1,5.9897,1,36.9897,1
2024-03-24 04:00:00,19.9489,1,5.9898,1,36.9898,1
2024-03-24 04:30:00,19.9491,1,5.9898,1,36.9898,1
2024-03-24 05:00:00,19.9494,1,5.9899,1,36.9899,1
2024-03-24 05:30:00,19.9496,1,5.9899,1,36.9899,1
2024-03-24 06:00:00,19.9499,1,5.9900,1,36.9900,1
2024-03-24 06:30:00,19.9501,1,5.9900,1,36.9900,1
2024-03-24 07:00:00,19.9504,1,5.9901,1,36.9901,1
2024-03-24 07:30:00,19.9506,1,5.9901,1,36.9901,1
2024-03-24 08:00:00,19.9509,1,5.9902,1,36.9902,1
2024-03-24 08:30:00,19.9511,1,5.9902,1,36.9902,1
2024-03-24 09:00:00,19.9514,1,5.9903,1,36.9903,1
2024-03-24 09:30:00,19.9516,1,5.9903,1,36.9903,1
2024-03-24 10:00:00,19.9519,1,5.9904,1,36.9904,1
2024-03-24 10:30:00,19.9521,1,5.9904,1,36.9904,1
2024-03-24 11:00:00,19.9524,1,5.9905,1,36.9905,1
2024-03-24 11:30:00,19.9526,1,5.9905,1,36.9905,1
2024-03-24 12:00:00,19.9529,1,5.9906,1,36.9906,1
2024-03-24 12:30:00,19.9531,1,5.9906,1,36.9906,1
2024-03-24 13:00:00,19.9534,1,5.9907,1,36.9907,1
2024-03-24 13:30:00,19.9536,1,5.9907,1,36.9907,1
2024-03-24 14:00:00,19.9538,1,5.9908,1,36.9908,1
2024-03-24 14:30:00,19.9541,1,5.9908,1,36.9908,1
2024-03-24 15:00:00,19.9543,1,5.9909,1,36.9909,1
2024-03-24 15:30:00,19.9546,1,5.9909,1,36.9909,1
2024-03-24 16:00:00,19.9548,1,5.9910,1,36.9910,1
2024-03-24 16:30:00,19.9550,1,5.9910,1,36.9910,1
2024-03-24 17:00:00,19.9553,1,5.9911,1,36.9911,1
2024-03-24 17:30:00,19.9555,1,5.9911,1,36.9911,1
2024-03-24 18:00:00,19.9558,1,5.9912,1,36.9912,1
2024-03-24 18:30:00,19.9560,1,5.9912,1,36.9912,1
2024-03-24 19:00:00,19.9562,1,5.9912,1,36.9912,1
2024-03-24 19:30:00,19.9565,1,5.9913,1,36.9913,1
2024-03-24 20:00:00,19.9567,1,5.9913,1,36.9913,1
2024-03-24 20:30:00,19.9569,1,5.9914,1,36.9914,1
2024-03-24 21:00:00,19.9572,1,5.9914,1,36.9914,1
2024-03-24 21:30:00,19.9574,1,5.9915,1,36.9915,1
2024-03-24 22:00:00,19.9576,1,5.9915,1,36.9915,1
2024-03-24 22:30:00,19.9579,1,5.9916,1,36.9916,1
2024-03-24 23:00:00,19.9581,1,5.9916,1,36.9916,1
2024-03-24 23:30:00,19.9583,1,5.9917,1,36.9917,1
2024-03-25 00:00:00,19.9586,1,5.9917,1,36.9917,1
2024-03-25 00:30:00,19.9588,1,5.9918,1,36.9918,1
2024-03-25 01:00:00,19.9590,1,5.9918,1,36.9918,1
2024-03-25 01:30:00,19.9592,1,5.9918,1,36.9918,1
2024-03-25 02:00:00,19.9595,1,5.9919,1,36.9919,1
2024-03-25 02:30:00,19.9597,1,5.9919,1,36.9919,1
2024-03-25 03:00:00,19.9599,1,5.9920,1,36.9920,1
2024-03-25 03:30:00,19.9602,1,5.9920,1,36.9920,1
2024-03-25 04:00:00,19.9604,1,5.9921,1,36.9921,1
2024-03-25 04:30:00,19.9606,1,5.9921,1,36.9921,1
2024-03-25 05:00:00,19.9608,1,5.9922,1,36.9922,1
2024-03-25 05:30:00,19.9610,1,5.9922,1,36.9922,1
2024-03-25 06:00:00,19.9613,1,5.9923,1,36.9923,1
2024-03-25 06:30:00,19.9615,1,5.9923,1,36.9923,1
2024-03-25 07:00:00,19.9617,1,5.9923,1,36.9923,1
2024-03-25 07:30:00,19.9619,1,5.9924,1,36.9924,1
2024-03-25 08:00:00,19.9622,1,5.9924,1,36.9924,1
2024-03-25 08:30:00,19.9624,1,5.9925,1,36.9925,1
2024-03-25 09:00:00,19.9626,1,5.9925,1,36.9925,1
2024-03-25 09:30:00,19.9628,1,5.9926,1,36.9926,1
2024-03-25 10:00:00,19.9630,1,5.9926,1,36.9926,1
2024-03-25 10:30:00,19.9632,1,5.9926,1,36.9926,1
2024-03-25 11:00:00,19.9635,1,5.9927,1,36.9927,1
2024-03-25 11:30:00,19.9637,1,5.9927,1,36.9927,1
2024-03-25 12:00:00,19.9639,1,5.9928,1,36.9928,1
2024-03-25 12:30:00,19.9641,1,5.9928,1,36.9928,1
2024-03-25 13:00:00,19.9643,1,5.9929,1,36.9929,1
2024-03-25 13:30:00,19.9645,1,5.9929,1,36.9929,1
2024-03-25 14:00:00,19.9647,1,5.9929,1,36.9929,1
2024-03-25 14:30:00,19.9650,1,5.9930,1,36.9930,1
2024-03-25 15:00:00,19.9652,1,5.9930,1,36.9930,1
2024-03-25 15:30:00,19.9654,1,5.9931,1,36.9931,1
2024-03-25 16:00:00,19.9656,1,5.9931,1,36.9931,1
2024-03-25 16:30:00,19.9658,1,5.9932,1,36.9932,1
2024-03-25 17:00:00,19.9660,1,5.9932,1,36.9932,1
2024-03-25 17:30:00,19.9662,1,5.9932,1,36.9932,1
2024-03-25 18:00:00,19.9664,1,5.9933,1,36.9933,1
2024-03-25 18:30:00,19.9666,1,5.9933,1,36.9933,1
2024-03-25 19:00:00,19.9668,1,5.9934,1,36.9934,1
2024-03-25 19:30:00,19.9670,1,5.9934,1,36.9934,1
2024-03-25 20:00:00,19.9672,1,5.9934,1,36.9934,1
2024-03-25 20:30:00,19.9674,1,5.9935,1,36.9935,1
2024-03-25 21:00:00,19.9677,1,5.9935,1,36.9935,1
2024-03-25 21:30:00,19.9679,1,5.9936,1,36.9936,1
2024-03-25 22:00:00,19.9681,1,5.9936,1,36.9936,1
2024-03-25 22:30:00,19.9683,1,5.9937,1,36.9937,1
2024-03-25 23:00:00,19.9685,1,5.9937,1,36.9937,1
2024-03-25 23:30:00,19.9687,1,5.9937,1,36.9937,1
2024-03-26 00:00:00,19.9689,1,5.9938,1,36.9938,1
2024-03-26 00:30:00,19.9691,1,5.9938,1,36.9938,1
2024-03-26 01:00:00,19.9693,1,5.9939,1,36.9939,1
2024-03-26 01:30:00,19.9695,1,5.9939,1,36.9939,1
2024-03-26 02:00:00,19.9696,1,5.9939,1,36.9939,1
2024-03-26 02:30:00,19.9698,1,5.9940,1,36.9940,1
2024-03-26 03:00:00,19.9700,1,5.9940,1,36.9940,1
2024-03-26 03:30:00,19.9702,1,5.9940,1,36.9940,1
2024-03-26 04:00:00,19.9704,1,5.9941,1,36.9941,1
2024-03-26 04:30:00,19.9706,1,5.9941,1,36.9941,1
2024-03-26 05:00:00,19.9708,1,5.9942,1,36.9942,1
2024-03-26 05:30:00,19.9710,1,5.9942,1,36.9942,1
2024-03-26 06:00:00,19.9712,1,5.9942,1,36.9942,1
2024-03-26 06:30:00,19.9714,1,5.9943,1,36.9943,1
2024-03-26 07:00:00,19.9716,1,5.9943,1,36.9943,1
2024-03-26 07:30:00,19.9718,1,5.9944,1,36.9944,1
2024-03-26 08:00:00,19.9720,1,5.9944,1,36.9944,1
2024-03-26 08:30:00,19.9722,1,5.9944,1,36.9944,1
2024-03-26 09:00:00,19.9723,1,5.9945,1,36.9945,1
2024-03-26 09:30:00,19.9725,1,5.9945,1,36.9945,1
2024-03-26 10:00:00,19.9727,1,5.9945,1,36.9945,1
2024-03-26 10:30:00,19.9729,1,5.9946,1,36.9946,1
2024-03-26 11:00:00,19.9731,1,5.9946,1,36.9946,1
2024-03-26 11:30:00,19.9733,1,5.9947,1,36.9947,1
2024-03-26 12:00:00,19.9735,1,5.9947,1,36.9947,1
2024-03-26 12:30:00,19.9736,1,5.9947,1,36.9947,1
2024-03-26 13:00:00,19.9738,1,5.9948,1,36.9948,1
2024-03-26 13:30:00,19.9740,1,5.9948,1,36.9948,1
2024-03-26 14:00:00,19.9742,1,5.9948,1,36.9948,1
2024-03-26 14:30:00,19.9744,1,5.9949,1,36.9949,1
2024-03-26 15:00:00,19.9745,1,5.9949,1,36.9949,1
2024-03-26 15:30:00,19.9747,1,5.9949,1,36.9949,1
2024-03-26 16:00:00,19.9749,1,5.9950,1,36.9950,1
2024-03-26 16:30:00,19.9751,1,5.9950,1,36.9950,1
2024-03-26 17:00:00,19.9753,1,5.9951,1,36.9951,1
2024-03-26 17:30:00,19.9754,1,5.9951,1,36.9951,1
2024-03-26 18:00:00,19.9756,1,5.9951,1,36.9951,1
2024-03-26 18:30:00,19.9758,1,5.9952,1,36.9952,1
2024-03-26 19:00:00,19.9760,1,5.9952,1,36.9952,1
2024-03-26 19:30:00,19.9761,1,5.9952,1,36.9952,1
2024-03-26 20:00:00,19.9763,1,5.9953,1,36.9953,1
2024-03-26 20:30:00,19.9765,1,5.9953,1,36.9953,1
2024-03-26 21:00:00,19.9767,1,5.9953,1,36.9953,1
2024-03-26 21:30:00,19.9768,1,5.9954,1,36.9954,1
2024-03-26 22:00:00,19.9770,1,5.9954,1,36.9954,1
2024-03-26 22:30:00,19.9772,1,5.9954,1,36.9954,1
2024-03-26 23:00:00,19.9774,1,5.9955,1,36.9955,1
2024-03-26 23:30:00,19.9775,1,5.9955,1,36.9955,1
2024-03-27 00:00:00,19.9777,1,5.9955,1,36.9955,1
2024-03-27 00:30:00,19.9779,1,5.9956,1,36.9956,1
2024-03-27 01:00:00,19.9780,1,5.9956,1,36.9956,1
2024-03-27 01:30:00,19.9782,1,5.9956,1,36.9956,1
2024-03-27 02:00:00,19.9784,1,5.9957,1,36.9957,1
2024-03-27 02:30:00,19.9785,1,5.9957,1,36.9957,1
2024-03-27 03:00:00,19.9787,1,5.9957,1,36.9957,1
2024-03-27 03:30:00,19.9789,1,5.9958,1,36.9958,1
2024-03-27 04:00:00,19.9790,1,5.9958,1,36.9958,1
2024-03-27 04:30:00,19.9792,1,5.9958,1,36.9958,1
2024-03-27 05:00:00,19.9793,1,5.9959,1,36.9959,1
2024-03-27 05:30:00,19.9795,1,5.9959,1,36.9959,1
2024-03-27 06:00:00,19.9797,1,5.9959,1,36.9959,1
2024-03-27 06:30:00,19.9798,1,5.9960,1,36.9960,1
2024-03-27 07:00:00,19.9800,1,5.9960,1,36.9960,1
2024-03-27 07:30:00,19.9801,1,5.9960,1,36.9960,1
2024-03-27 08:00:00,19.9803,1,5.9961,1,36.9961,1
2024-03-27 08:30:00,19.9805,1,5.9961,1,36.9961,1
2024-03-27 09:00:00,19.9806,1,5.9961,1,36.9961,1
2024-03-27 09:30:00,19.9808,1,5.9962,1,36.9962,1
2024-03-27 10:00:00,19.9809,1,5.9962,1,36.9962,1
2024-03-27 10:30:00,19.9811,1,5.9962,1,36.9962,1
2024-03-27 11:00:00,19.9812,1,5.9962,1,36.9962,1
2024-03-27 11:30:00,19.9814,1,5.9963,1,36.9963,1
2024-03-27 12:00:00,19.9816,1,5.9963,1,36.9963,1
2024-03-27 12:30:00,19.9817,1,5.9963,1,36.9963,1
2024-03-27 13:00:00,19.9819,1,5.9964,1,36.9964,1
2024-03-27 13:30:00,19.9820,1,5.9964,1,36.9964,1
2024-03-27 14:00:00,19.9822,1,5.9964,1,36.9964,1
2024-03-27 14:30:00,19.9823,1,5.9965,1,36.9965,1
2024-03-27 15:00:00,19.9825,1,5.9965,1,36.9965,1
2024-03-27 15:30:00,19.9826,1,5.9965,1,36.9965,1
2024-03-27 16:00:00,19.9828,1,5.9966,1,36.9966,1
2024-03-27 16:30:00,19.9829,1,5.9966,1,36.9966,1
2024-03-27 17:00:00,19.9831,1,5.9966,1,36.9966,1
2024-03-27 17:30:00,19.9832,1,5.9966,1,36.9966,1
2024-03-27 18:00:00,19.9834,1,5.9967,1,36.9967,1
2024-03-27 18:30:00,19.9835,1,5.9967,1,36.9967,1
2024-03-27 19:00:00,19.9836,1,5.9967,1,36.9967,1
2024-03-27 19:30:00,19.9838,1,5.9968,1,36.9968,1
2024-03-27 20:00:00,19.9839,1,5.9968,1,36.9968,1
2024-03-27 20:30:00,19.9841,1,5.9968,1,36.9968,1
2024-03-27 21:00:00,19.9842,1,5.9968,1,36.9968,1
2024-03-27 21:30:00,19.9844,1,5.9969,1,36.9969,1
2024-03-27 22:00:00,19.9845,1,5.9969,1,36.9969,1
2024-03-27 22:30:00,19.9846,1,5.9969,1,36.9969,1
2024-03-27 23:00:00,19.9848,1,5.9970,1,36.9970,1
2024-03-27 23:30:00,19.9849,1,5.9970,1,36.9970,1
2024-03-28 00:00:00,19.9851,1,5.9970,1,36.9970,1
2024-03-28 00:30:00,19.9852,1,5.9970,1,36.9970,1
2024-03-28 01:00:00,19.9853,1,5.9971,1,36.9971,1
2024-03-28 01:30:00,19.9855,1,5.9971,1,36.9971,1
2024-03-28 02:00:00,19.9856,1,5.9971,1,36.9971,1
2024-03-28 02:30:00,19.9857,1,5.9971,1,36.9971,1
2024-03-28 03:00:00,19.9859,1,5.9972,1,36.9972,1
2024-03-28 03:30:00,19.9860,1,5.9972,1,36.9972,1
2024-03-28 04:00:00,19.9861,1,5.9972,1,36.9972,1
2024-03-28 04:30:00,19.9863,1,5.9973,1,36.9973,1
2024-03-28 05:00:00,19.9864,1,5.9973,1,36.9973,1
2024-03-28 05:30:00,19.9865,1,5.9973,1,36.9973,1
2024-03-28 06:00:00,19.9867,1,5.9973,1,36.9973,1
2024-03-28 06:30:00,19.9868,1,5.9974,1,36.9974,1
2024-03-28 07:00:00,19.9869,1,5.9974,1,36.9974,1
2024-03-28 07:30:00,19.9871,1,5.9974,1,36.9974,1
2024-03-28 08:00:00,19.9872,1,5.9974,1,36.9974,1
2024-03-28 08:30:00,19.9873,1,5.9975,1,36.9975,1
2024-03-28 09:00:00,19.9874,1,5.9975,1,36.9975,1
2024-03-28 09:30:00,19.9876,1,5.9975,1,36.9975,1
2024-03-28 10:00:00,19.9877,1,5.9975,1,36.9975,1
2024-03-28 10:30:00,19.9878,1,5.9976,1,36.9976,1
2024-03-28 11:00:00,19.9879,1,5.9976,1,36.9976,1
2024-03-28 11:30:00,19.9881,1,5.9976,1,36.9976,1
2024-03-28 12:00:00,19.9882,1,5.9976,1,36.9976,1
2024-03-28 12:30:00,19.9883,1,5.9977,1,36.9977,1
2024-03-28 13:00:00,19.9884,1,5.9977,1,36.9977,1
2024-03-28 13:30:00,19.9886,1,5.9977,1,36.9977,1
2024-03-28 14:00:00,19.9887,1,5.9977,1,36.9977,1
2024-03-28 14:30:00,19.9888,1,5.9978,1,36.9978,1
2024-03-28 15:00:00,19.9889,1,5.9978,1,36.9978,1
2024-03-28 15:30:00,19.9890,1,5.9978,1,36.9978,1
2024-03-28 16:00:00,19.9891,1,5.9978,1,36.9978,1
2024-03-28 16:30:00,19.9893,1,5.9979,1,36.9979,1
2024-03-28 17:00:00,19.9894,1,5.9979,1,36.9979,1
2024-03-28 17:30:00,19.9895,1,5.9979,1,36.9979,1
2024-03-28 18:00:00,19.9896,1,5.9979,1,36.9979,1
2024-03-28 18:30:00,19.9897,1,5.9979,1,36.9979,1
2024-03-28 19:00:00,19.9898,1,5.9980,1,36.9980,1
2024-03-28 19:30:00,19.9900,1,5.9980,1,36.9980,1
2024-03-28 20:00:00,19.9901,1,5.9980,1,36.9980,1
2024-03-28 20:30:00,19.9902,1,5.9980,1,36.9980,1
2024-03-28 21:00:00,19.9903,1,5.9981,1,36.9981,1
2024-03-28 21:30:00,19.9904,1,5.9981,1,36.9981,1
2024-03-28 22:00:00,19.9905,1,5.9981,1,36.9981,1
2024-03-28 22:30:00,19.9906,1,5.9981,1,36.9981,1
2024-03-28 23:00:00,19.9907,1,5.9981,1,36.9981,1
2024-03-28 23:30:00,19.9908,1,5.9982,1,36.9982,1
2024-03-29 00:00:00,19.9910,1,5.9982,1,36.9982,1
2024-03-29 00:30:00,19.9911,1,5.9982,1,36.9982,1
2024-03-29 01:00:00,19.9912,1,5.9982,1,36.9982,1
2024-03-29 01:30:00,19.9913,1,5.9983,1,36.9983,1
2024-03-29 02:00:00,19.9914,1,5.9983,1,36.9983,1
2024-03-29 02:30:00,19.9915,1,5.9983,1,36.9983,1
2024-03-29 03:00:00,19.9916,1,5.9983,1,36.9983,1
2024-03-29 03:30:00,19.9917,1,5.9983,1,36.9983,1
2024-03-29 04:00:00,19.9918,1,5.9984,1,36.9984,1
2024-03-29 04:30:00,19.9919,1,5.9984,1,36.9984,1
2024-03-29 05:00:00,19.9920,1,5.9984,1,36.9984,1
2024-03-29 05:30:00,19.9921,1,5.9984,1,36.9984,1
2024-03-29 06:00:00,19.9922,1,5.9984,1,36.9984,1
2024-03-29 06:30:00,19.9923,1,5.9985,1,36.9985,1
2024-03-29 07:00:00,19.9924,1,5.9985,1,36.9985,1
2024-03-29 07:30:00,19.9925,1,5.9985,1,36.9985,1
2024-03-29 08:00:00,19.9926,1,5.9985,1,36.9985,1
2024-03-29 08:30:00,19.9927,1,5.9985,1,36.9985,1
2024-03-29 09:00:00,19.9928,1,5.9986,1,36.9986,1
2024-03-29 09:30:00,19.9929,1,5.9986,1,36.9986,1
2024-03-29 10:00:00,19.9930,1,5.9986,1,36.9986,1
2024-03-29 10:30:00,19.9931,1,5.9986,1,36.9986,1
2024-03-29 11:00:00,19.9932,1,5.9986,1,36.9986,1
2024-03-29 11:30:00,19.9933,1,5.9987,1,36.9987,1
2024-03-29 12:00:00,19.9933,1,5.9987,1,36.9987,1
2024-03-29 12:30:00,19.9934,1,5.9987,1,36.9987,1
2024-03-29 13:00:00,19.9935,1,5.9987,1,36.9987,1
2024-03-29 13:30:00,19.9936,1,5.9987,1,36.9987,1
2024-03-29 14:00:00,19.9937,1,5.9987,1,36.9987,1
2024-03-29 14:30:00,19.9938,1,5.9988,1,36.9988,1
2024-03-29 15:00:00,19.9939,1,5.9988,1,36.9988,1
2024-03-29 15:30:00,19.9940,1,5.9988,1,36.9988,1
2024-03-29 16:00:00,19.9941,1,5.9988,1,36.9988,1
2024-03-29 16:30:00,19.9942,1,5.9988,1,36.9988,1
2024-03-29 17:00:00,19.9942,1,5.9988,1,36.9988,1
2024-03-29 17:30:00,19.9943,1,5.9989,1,36.9989,1
2024-03-29 18:00:00,19.9944,1,5.9989,1,36.9989,1
2024-03-29 18:30:00,19.9945,1,5.9989,1,36.9989,1
2024-03-29 19:00:00,19.9946,1,5.9989,1,36.9989,1
2024-03-29 19:30:00,19.9947,1,5.9989,1,36.9989,1
2024-03-29 20:00:00,19.9947,1,5.9989,1,36.9989,1
2024-03-29 20:30:00,19.9948,1,5.9990,1,36.9990,1
2024-03-29 21:00:00,19.9949,1,5.9990,1,36.9990,1
2024-03-29 21:30:00,19.9950,1,5.9990,1,36.9990,1
2024-03-29 22:00:00,19.9951,1,5.9990,1,36.9990,1
2024-03-29 22:30:00,19.9951,1,5.9990,1,36.9990,1
2024-03-29 23:00:00,19.9952,1,5.9990,1,36.9990,1
2024-03-29 23:30:00,19.9953,1,5.9991,1,36.9991,1
2024-03-30 00:00:00,19.9954,1,5.9991,1,36.9991,1
2024-03-30 00:30:00,19.9955,1,5.9991,1,36.9991,1
2024-03-30 01:00:00,19.9955,1,5.9991,1,36.9991,1
2024-03-30 01:30:00,19.9956,1,5.9991,1,36.9991,1
2024-03-30 02:00:00,19.9957,1,5.9991,1,36.9991,1
2024-03-30 02:30:00,19.9958,1,5.9992,1,36.9992,1
2024-03-30 03:00:00,19.9958,1,5.9992,1,36.9992,1
2024-03-30 03:30:00,19.9959,1,5.9992,1,36.9992,1
2024-03-30 04:00:00,19.9960,1,5.9992,1,36.9992,1
2024-03-30 04:30:00,19.9960,1,5.9992,1,36.9992,1
2024-03-30 05:00:00,19.9961,1,5.9992,1,36.9992,1
2024-03-30 05:30:00,19.9962,1,5.9992,1,36.9992,1
2024-03-30 06:00:00,19.9963,1,5.9993,1,36.9993,1
2024-03-30 06:30:00,19.9963,1,5.9993,1,36.9993,1
2024-03-30 07:00:00,19.9964,1,5.9993,1,36.9993,1
2024-03-30 07:30:00,19.9965,1,5.9993,1,36.9993,1
2024-03-30 08:00:00,19.9965,1,5.9993,1,36.9993,1
2024-03-30 08:30:00,19.9966,1,5.9993,1,36.9993,1
2024-03-30 09:00:00,19.9967,1,5.9993,1,36.9993,1
2024-03-30 09:30:00,19.9967,1,5.9993,1,36.9993,1
2024-03-30 10:00:00,19.9968,1,5.9994,1,36.9994,1
2024-03-30 10:30:00,19.9969,1,5.9994,1,36.9994,1
2024-03-30 11:00:00,19.9969,1,5.9994,1,36.9994,1
2024-03-30 11:30:00,19.9970,1,5.9994,1,36.9994,1
2024-03-30 12:00:00,19.9970,1,5.9994,1,36.9994,1
2024-03-30 12:30:00,19.9971,1,5.9994,1,36.9994,1
2024-03-30 13:00:00,19.9972,1,5.9994,1,36.9994,1
2024-03-30 13:30:00,19.9972,1,5.9994,1,36.9994,1
2024-03-30 14:00:00,19.9973,1,5.9995,1,36.9995,1
2024-03-30 14:30:00,19.9973,1,5.9995,1,36.9995,1
2024-03-30 15:00:00,19.9974,1,5.9995,1,36.9995,1
2024-03-30 15:30:00,19.9975,1,5.9995,1,36.9995,1
2024-03-30 16:00:00,19.9975,1,5.9995,1,36.9995,1
2024-03-30 16:30:00,19.9976,1,5.9995,1,36.9995,1
2024-03-30 17:00:00,19.9976,1,5.9995,1,36.9995,1
2024-03-30 17:30:00,19.9977,1,5.9995,1,36.9995,1
2024-03-30 18:00:00,19.9977,1,5.9995,1,36.9995,1
2024-03-30 18:30:00,19.9978,1,5.9996,1,36.9996,1
2024-03-30 19:00:00,19.9978,1,5.9996,1,36.9996,1
2024-03-30 19:30:00,19.9979,1,5.9996,1,36.9996,1
2024-03-30 20:00:00,19.9979,1,5.9996,1,36.9996,1
2024-03-30 20:30:00,19.9980,1,5.9996,1,36.9996,1
2024-03-30 21:00:00,19.9980,1,5.9996,1,36.9996,1
2024-03-30 21:30:00,19.9981,1,5.9996,1,36.9996,1
2024-03-30 22:00:00,19.9981,1,5.9996,1,36.9996,1
2024-03-30 22:30:00,19.9982,1,5.9996,1,36.9996,1
2024-03-30 23:00:00,19.9982,1,5.9996,1,36.9996,1
2024-03-30 23:30:00,19.9983,1,5.9997,1,36.9997,1
2024-03-31 00:00:00,19.9983,1,5.9997,1,36.9997,1
2024-03-31 00:30:00,19.9984,1,5.9997,1,36.9997,1
2024-03-31 01:00:00,19.9984,1,5.9997,1,36.9997,1
2024-03-31 01:30:00,19.9985,1,5.9997,1,36.9997,1
2024-03-31 02:00:00,19.9985,1,5.9997,1,36.9997,1
2024-03-31 02:30:00,19.9986,1,5.9997,1,36.9997,1
2024-03-31 03:00:00,19.9986,1,5.9997,1,36.9997,1
2024-03-31 03:30:00,19.9986,1,5.9997,1,36.9997,1
2024-03-31 04:00:00,19.9987,1,5.9997,1,36.9997,1
2024-03-31 04:30:00,19.9987,1,5.9997,1,36.9997,1
2024-03-31 05:00:00,19.9988,1,5.9998,1,36.9998,1
2024-03-31 05:30:00,19.9988,1,5.9998,1,36.9998,1
2024-03-31 06:00:00,19.9988,1,5.9998,1,36.9998,1
2024-03-31 06:30:00,19.9989,1,5.9998,1,36.9998,1
2024-03-31 07:00:00,19.9989,1,5.9998,1,36.9998,1
2024-03-31 07:30:00,19.9990,1,5.9998,1,36.9998,1
2024-03-31 08:00:00,19.9990,1,5.9998,1,36.9998,1
2024-03-31 08:30:00,19.9990,1,5.9998,1,36.9998,1
2024-03-31 09:00:00,19.9991,1,5.9998,1,36.9998,1
2024-03-31 09:30:00,19.9991,1,5.9998,1,36.9998,1
2024-03-31 10:00:00,19.9991,1,5.9998,1,36.9998,1
2024-03-31 10:30:00,19.9992,1,5.9998,1,36.9998,1
2024-03-31 11:00:00,19.9992,1,5.9998,1,36.9998,1
2024-03-31 11:30:00,19.9992,1,5.9998,1,36.9998,1
2024-03-31 12:00:00,19.9993,1,5.9999,1,36.9999,1
2024-03-31 12:30:00,19.9993,1,5.9999,1,36.9999,1
2024-03-31 13:00:00,19.9993,1,5.9999,1,36.9999,1
2024-03-31 13:30:00,19.9993,1,5.9999,1,36.9999,1
2024-03-31 14:00:00,19.9994,1,5.9999,1,36.9999,1
2024-03-31 14:30:00,19.9994,1,5.9999,1,36.9999,1
2024-03-31 15:00:00,19.9994,1,5.9999,1,36.9999,1
2024-03-31 15:30:00,19.9995,1,5.9999,1,36.9999,1
2024-03-31 16:00:00,19.9995,1,5.9999,1,36.9999,1
2024-03-31 16:30:00,19.9995,1,5.9999,1,36.9999,1
2024-03-31 17:00:00,19.9995,1,5.9999,1,36.9999,1
2024-03-31 17:30:00,19.9996,1,5.9999,1,36.9999,1
2024-03-31 18:00:00,19.9996,1,5.9999,1,36.9999,1
2024-03-31 18:30:00,19.9996,1,5.9999,1,36.9999,1
2024-03-31 19:00:00,19.9996,1,5.9999,1,36.9999,1
2024-03-31 19:30:00,19.9996,1,5.9999,1,36.9999,1
2024-03-31 20:00:00,19.9997,1,5.9999,1,36.9999,1
2024-03-31 20:30:00,19.9997,1,5.9999,1,36.9999,1
2024-03-31 21:00:00,19.9997,1,5.9999,1,36.9999,1
2024-03-31 21:30:00,19.9997,1,5.9999,1,36.9999,1
2024-03-31 22:00:00,19.9997,1,5.9999,1,36.9999,1
2024-03-31 22:30:00,19.9998,1,6.0000,1,37.0000,1
2024-03-31 23:00:00,19.9998,1,6.0000,1,37.0000,1
2024-03-31 23:30:00,19.9998,1,6.0000,1,37.0000,1
2024-04-01 00:00:00,19.9998,1,6.0000,1,37.0000,1
2024-04-01 00:30:00,19.9998,1,6.0000,1,37.0000,1
2024-04-01 01:00:00,19.9998,1,6.0000,1,37.0000,1
2024-04-01 01:30:00,19.9999,1,6.0000,1,37.0000,1
2024-04-01 02:00:00,19.9999,1,6.0000,1,37.0000,1
2024-04-01 02:30:00,19.9999,1,6.0000,1,37.0000,1
2024-04-01 03:00:00,19.9999,1,6.0000,1,37.0000,1
2024-04-01 03:30:00,19.9999,1,6.0000,1,37.0000,1
2024-04-01 04:00:00,19.9999,1,6.0000,1,37.0000,1
2024-04-01 04:30:00,19.9999,1,6.0000,1,37.0000,1
2024-04-01 05:00:00,19.9999,1,6.0000,1,37.0000,1
2024-04-01 05:30:00,19.9999,1,6.0000,1,37.0000,1
2024-04-01 06:00:00,20.0000,1,6.0000,1,37.0000,1
2024-04-01 06:30:00,20.0000,1,6.0000,1,37.0000,1
2024-04-01 07:00:00,20.0000,1,6.0000,1,37.0000,1
2024-04-01 07:30:00,20.0000,1,6.0000,1,37.0000,1
2024-04-01 08:00:00,20.0000,1,6.0000,1,37.0000,1
2024-04-01 08:30:00,20.0000,1,6.0000,1,37.0000,1
2024-04-01 09:00:00,20.0000,1,6.0000,1,37.0000,1
2024-04-01 09:30:00,20.0000,1,6.0000,1,37.0000,1
2024-04-01 10:00:00,20.0000,1,6.0000,1,37.0000,1
2024-04-01 10:30:00,20.0000,1,6.0000,1,37.0000,1
2024-04-01 11:00:00,20.0000,1,6.0000,1,37.0000,1
2024-04-01 11:30:00,20.0000,1,6.0000,1,37.0000,1
2024-04-01 12:00:00,20.0000,1,6.0000,1,37.0000,1
2024-04-01 12:30:00,20.0000,1,6.0000,1,37.0000,1
2024-04-01 13:00:00,20.0000,1,6.0000,1,37.0000,1
2024-04-01 13:30:00,20.0000,1,6.0000,1,37.0000,1
2024-04-01 14:00:00,20.0000,1,6.0000,1,37.0000,1
2024-04-01 14:30:00,20.0000,1,6.0000,1,37.0000,1
2024-04-01 15:00:00,20.0000,1,6.0000,1,37.0000,1
2024-04-01 15:30:00,20.0000,1,6.0000,1,37.0000,1
2024-04-01 16:00:00,20.0000,1,6.0000,1,37.0000,1
2024-04-01 16:30:00,20.0000,1,6.0000,1,37.0000,1
2024-04-01 17:00:00,20.0000,1,6.0000,1,37.0000,1
2024-04-01 17:30:00,20.0000,1,6.0000,1,37.0000,1
2024-04-01 18:00:00,20.0000,1,6.0000,1,37.0000,1
2024-04-01 18:30:00,19.9999,1,6.0000,1,37.0000,1
2024-04-01 19:00:00,19.9999,1,6.0000,1,37.0000,1
2024-04-01 19:30:00,19.9999,1,6.0000,1,37.0000,1
2024-04-01 20:00:00,19.9999,1,6.0000,1,37.0000,1
2024-04-01 20:30:00,19.9999,1,6.0000,1,37.0000,1
2024-04-01 21:00:00,19.9999,1,6.0000,1,37.0000,1
2024-04-01 21:30:00,19.9999,1,6.0000,1,37.0000,1
2024-04-01 22:00:00,19.9999,1,6.0000,1,37.0000,1
2024-04-01 22:30:00,19.9999,1,6.0000,1,37.0000,1
2024-04-01 23:00:00,19.9998,1,6.0000,1,37.0000,1
2024-04-01 23:30:00,19.9998,1,6.0000,1,37.0000,1
2024-04-02 00:00:00,19.9998,1,6.0000,1,37.0000,1
2024-04-02 00:30:00,19.9998,1,6.0000,1,37.0000,1
2024-04-02 01:00:00,19.9998,1,6.0000,1,37.0000,1
2024-04-02 01:30:00,19.9998,1,6.0000,1,37.0000,1
2024-04-02 02:00:00,19.9998,1,6.0000,1,37.0000,1
2024-04-02 02:30:00,19.9997,1,5.9999,1,36.9999,1
2024-04-02 03:00:00,19.9997,1,5.9999,1,36.9999,1
2024-04-02 03:30:00,19.9997,1,5.9999,1,36.9999,1
2024-04-02 04:00:00,19.9997,1,5.9999,1,36.9999,1
2024-04-02 04:30:00,19.9997,1,5.9999,1,36.9999,1
2024-04-02 05:00:00,19.9996,1,5.9999,1,36.9999,1
2024-04-02 05:30:00,19.9996,1,5.9999,1,36.9999,1
2024-04-02 06:00:00,19.9996,1,5.9999,1,36.9999,1
2024-04-02 06:30:00,19.9996,1,5.9999,1,36.9999,1
2024-04-02 07:00:00,19.9995,1,5.9999,1,36.9999,1
2024-04-02 07:30:00,19.9995,1,5.9999,1,36.9999,1
2024-04-02 08:00:00,19.9995,1,5.9999,1,36.9999,1
2024-04-02 08:30:00,19.9995,1,5.9999,1,36.9999,1
2024-04-02 09:00:00,19.9994,1,5.9999,1,36.9999,1
2024-04-02 09:30:00,19.9994,1,5.9999,1,36.9999,1
2024-04-02 10:00:00,19.9994,1,5.9999,1,36.9999,1
2024-04-02 10:30:00,19.9994,1,5.9999,1,36.9999,1
2024-04-02 11:00:00,19.9993,1,5.9999,1,36.9999,1
2024-04-02 11:30:00,19.9993,1,5.9999,1,36.9999,1
2024-04-02 12:00:00,19.9993,1,5.9999,1,36.9999,1
2024-04-02 12:30:00,19.9992,1,5.9998,1,36.9998,1
2024-04-02 13:00:00,19.9992,1,5.9998,1,36.9998,1
2024-04-02 13:30:00,19.9992,1,5.9998,1,36.9998,1
2024-04-02 14:00:00,19.9991,1,5.9998,1,36.9998,1
2024-04-02 14:30:00,19.9991,1,5.9998,1,36.9998,1
2024-04-02 15:00:00,19.9991,1,5.9998,1,36.9998,1
2024-04-02 15:30:00,19.9990,1,5.9998,1,36.9998,1
2024-04-02 16:00:00,19.9990,1,5.9998,1,36.9998,1
2024-04-02 16:30:00,19.9990,1,5.9998,1,36.9998,1
2024-04-02 17:00:00,19.9989,1,5.9998,1,36.9998,1
2024-04-02 17:30:00,19.9989,1,5.9998,1,36.9998,1
2024-04-02 18:00:00,19.9989,1,5.9998,1,36.9998,1
2024-04-02 18:30:00,19.9988,1,5.9998,1,36.9998,1
2024-04-02 19:00:00,19.9988,1,5.9998,1,36.9998,1
2024-04-02 19:30:00,19.9987,1,5.9997,1,36.9997,1
2024-04-02 20:00:00,19.9987,1,5.9997,1,36.9997,1
2024-04-02 20:30:00,19.9987,1,5.9997,1,36.9997,1
2024-04-02 21:00:00,19.9986,1,5.9997,1,36.9997,1
2024-04-02 21:30:00,19.9986,1,5.9997,1,36.9997,1
2024-04-02 22:00:00,19.9985,1,5.9997,1,36.9997,1
2024-04-02 22:30:00,19.9985,1,5.9997,1,36.9997,1
2024-04-02 23:00:00,19.9984,1,5.9997,1,36.9997,1
2024-04-02 23:30:00,19.9984,1,5.9997,1,36.9997,1
2024-04-03 00:00:00,19.9984,1,5.9997,1,36.9997,1
2024-04-03 00:30:00,19.9983,1,5.9997,1,36.9997,1
2024-04-03 01:00:00,19.9983,1,5.9997,1,36.9997,1
2024-04-03 01:30:00,19.9982,1,5.9996,1,36.9996,1
2024-04-03 02:00:00,19.9982,1,5.9996,1,36.9996,1
2024-04-03 02:30:00,19.9981,1,5.9996,1,36.9996,1
2024-04-03 03:00:00,19.9981,1,5.9996,1,36.9996,1
2024-04-03 03:30:00,19.9980,1,5.9996,1,36.9996,1
2024-04-03 04:00:00,19.9980,1,5.9996,1,36.9996,1
2024-04-03 04:30:00,19.9979,1,5.9996,1,36.9996,1
2024-04-03 05:00:00,19.9979,1,5.9996,1,36.9996,1
2024-04-03 05:30:00,19.9978,1,5.9996,1,36.9996,1
2024-04-03 06:00:00,19.9978,1,5.9996,1,36.9996,1
2024-04-03 06:30:00,19.9977,1,5.9995,1,36.9995,1
2024-04-03 07:00:00,19.9976,1,5.9995,1,36.9995,1
2024-04-03 07:30:00,19.9976,1,5.9995,1,36.9995,1
2024-04-03 08:00:00,19.9975,1,5.9995,1,36.9995,1
2024-04-03 08:30:00,19.9975,1,5.9995,1,36.9995,1
2024-04-03 09:00:00,19.9974,1,5.9995,1,36.9995,1
2024-04-03 09:30:00,19.9974,1,5.9995,1,36.9995,1
2024-04-03 10:00:00,19.9973,1,5.9995,1,36.9995,1
2024-04-03 10:30:00,19.9972,1,5.9994,1,36.9994,1
2024-04-03 11:00:00,19.9972,1,5.9994,1,36.9994,1
2024-04-03 11:30:00,19.9971,1,5.9994,1,36.9994,1
2024-04-03 12:00:00,19.9971,1,5.9994,1,36.9994,1
2024-04-03 12:30:00,19.9970,1,5.9994,1,36.9994,1
2024-04-03 13:00:00,19.9969,1,5.9994,1,36.9994,1
2024-04-03 13:30:00,19.9969,1,5.9994,1,36.9994,1
2024-04-03 14:00:00,19.9968,1,5.9994,1,36.9994,1
2024-04-03 14:30:00,19.9968,1,5.9994,1,36.9994,1
2024-04-03 15:00:00,19.9967,1,5.9993,1,36.9993,1
2024-04-03 15:30:00,19.9966,1,5.9993,1,36.9993,1
2024-04-03 16:00:00,19.9966,1,5.9993,1,36.9993,1
2024-04-03 16:30:00,19.9965,1,5.9993,1,36.9993,1
2024-04-03 17:00:00,19.9964,1,5.9993,1,36.9993,1
2024-04-03 17:30:00,19.9964,1,5.9993,1,36.9993,1
2024-04-03 18:00:00,19.9963,1,5.9993,1,36.9993,1
2024-04-03 18:30:00,19.9962,1,5.9992,1,36.9992,1
2024-04-03 19:00:00,19.9961,1,5.9992,1,36.9992,1
2024-04-03 19:30:00,19.9961,1,5.9992,1,36.9992,1
2024-04-03 20:00:00,19.9960,1,5.9992,1,36.9992,1
2024-04-03 20:30:00,19.9959,1,5.9992,1,36.9992,1
2024-04-03 21:00:00,19.9959,1,5.9992,1,36.9992,1
2024-04-03 21:30:00,19.9958,1,5.9992,1,36.9992,1
2024-04-03 22:00:00,19.9957,1,5.9991,1,36.9991,1
2024-04-03 22:30:00,19.9956,1,5.9991,1,36.9991,1
2024-04-03 23:00:00,19.9956,1,5.9991,1,36.9991,1
2024-04-03 23:30:00,19.9955,1,5.9991,1,36.9991,1
2024-04-04 00:00:00,19.9954,1,5.9991,1,36.9991,1
2024-04-04 00:30:00,19.9953,1,5.9991,1,36.9991,1
2024-04-04 01:00:00,19.9953,1,5.9991,1,36.9991,1
2024-04-04 01:30:00,19.9952,1,5.9990,1,36.9990,1
2024-04-04 02:00:00,19.9951,1,5.9990,1,36.9990,1
2024-04-04 02:30:00,19.9950,1,5.9990,1,36.9990,1
2024-04-04 03:00:00,19.9949,1,5.9990,1,36.9990,1
2024-04-04 03:30:00,19.9949,1,5.9990,1,36.9990,1
2024-04-04 04:00:00,19.9948,1,5.9990,1,36.9990,1
2024-04-04 04:30:00,19.9947,1,5.9989,1,36.9989,1
2024-04-04 05:00:00,19.9946,1,5.9989,1,36.9989,1
2024-04-04 05:30:00,19.9945,1,5.9989,1,36.9989,1
2024-04-04 06:00:00,19.9945,1,5.9989,1,36.9989,1
2024-04-04 06:30:00,19.9944,1,5.9989,1,36.9989,1
2024-04-04 07:00:00,19.9943,1,5.9989,1,36.9989,1
2024-04-04 07:30:00,19.9942,1,5.9988,1,36.9988,1
2024-04-04 08:00:00,19.9941,1,5.9988,1,36.9988,1
2024-04-04 08:30:00,19.9940,1,5.9988,1,36.9988,1
2024-04-04 09:00:00,19.9939,1,5.9988,1,36.9988,1
2024-04-04 09:30:00,19.9938,1,5.9988,1,36.9988,1
2024-04-04 10:00:00,19.9938,1,5.9988,1,36.9988,1
2024-04-04 10:30:00,19.9937,1,5.9987,1,36.9987,1
2024-04-04 11:00:00,19.9936,1,5.9987,1,36.9987,1
2024-04-04 11:30:00,19.9935,1,5.9987,1,36.9987,1
2024-04-04 12:00:00,19.9934,1,5.9987,1,36.9987,1
2024-04-04 12:30:00,19.9933,1,5.9987,1,36.9987,1
2024-04-04 13:00:00,19.9932,1,5.9986,1,36.9986,1
2024-04-04 13:30:00,19.9931,1,5.9986,1,36.9986,1
2024-04-04 14:00:00,19.9930,1,5.9986,1,36.9986,1
2024-04-04 14:30:00,19.9929,1,5.9986,1,36.9986,1
2024-04-04 15:00:00,19.9928,1,5.9986,1,36.9986,1
2024-04-04 15:30:00,19.9927,1,5.9985,1,36.9985,1
2024-04-04 16:00:00,19.9926,1,5.9985,1,36.9985,1
2024-04-04 16:30:00,19.9925,1,5.9985,1,36.9985,1
2024-04-04 17:00:00,19.9924,1,5.9985,1,36.9985,1
2024-04-04 17:30:00,19.9923,1,5.9985,1,36.9985,1
2024-04-04 18:00:00,19.9922,1,5.9984,1,36.9984,1
2024-04-04 18:30:00,19.9921,1,5.9984,1,36.9984,1
2024-04-04 19:00:00,19.9920,1,5.9984,1,36.9984,1
2024-04-04 19:30:00,19.9919,1,5.9984,1,36.9984,1
2024-04-04 20:00:00,19.9918,1,5.9984,1,36.9984,1
2024-04-04 20:30:00,19.9917,1,5.9983,1,36.9983,1
2024-04-04 21:00:00,19.9916,1,5.9983,1,36.9983,1
2024-04-04 21:30:00,19.9915,1,5.9983,1,36.9983,1
2024-04-04 22:00:00,19.9914,1,5.9983,1,36.9983,1
2024-04-04 22:30:00,19.9913,1,5.9983,1,36.9983,1
2024-04-04 23:00:00,19.9912,1,5.9982,1,36.9982,1
2024-04-04 23:30:00,19.9911,1,5.9982,1,36.9982,1
2024-04-05 00:00:00,19.9910,1,5.9982,1,36.9982,1
2024-04-05 00:30:00,19.9909,1,5.9982,1,36.9982,1
2024-04-05 01:00:00,19.9908,1,5.9982,1,36.9982,1
2024-04-05 01:30:00,19.9907,1,5.9981,1,36.9981,1
2024-04-05 02:00:00,19.9906,1,5.9981,1,36.9981,1
2024-04-05 02:30:00,19.9905,1,5.9981,1,36.9981,1
2024-04-05 03:00:00,19.9904,1,5.9981,1,36.9981,1
2024-04-05 03:30:00,19.9902,1,5.9980,1,36.9980,1
2024-04-05 04:00:00,19.9901,1,5.9980,1,36.9980,1
2024-04-05 04:30:00,19.9900,1,5.9980,1,36.9980,1
2024-04-05 05:00:00,19.9899,1,5.9980,1,36.9980,1
2024-04-05 05:30:00,19.9898,1,5.9980,1,36.9980,1
2024-04-05 06:00:00,19.9897,1,5.9979,1,36.9979,1
2024-04-05 06:30:00,19.9896,1,5.9979,1,36.9979,1
2024-04-05 07:00:00,19.9894,1,5.9979,1,36.9979,1
2024-04-05 07:30:00,19.9893,1,5.9979,1,36.9979,1
2024-04-05 08:00:00,19.9892,1,5.9978,1,36.9978,1
2024-04-05 08:30:00,19.9891,1,5.9978,1,36.9978,1
2024-04-05 09:00:00,19.9890,1,5.9978,1,36.9978,1
2024-04-05 09:30:00,19.9889,1,5.9978,1,36.9978,1
2024-04-05 10:00:00,19.9887,1,5.9977,1,36.9977,1
2024-04-05 10:30:00,19.9886,1,5.9977,1,36.9977,1
2024-04-05 11:00:00,19.9885,1,5.9977,1,36.9977,1
2024-04-05 11:30:00,19.9884,1,5.9977,1,36.9977,1
2024-04-05 12:00:00,19.9882,1,5.9976,1,36.9976,1
2024-04-05 12:30:00,19.9881,1,5.9976,1,36.9976,1
2024-04-05 13:00:00,19.9880,1,5.9976,1,36.9976,1
2024-04-05 13:30:00,19.9879,1,5.9976,1,36.9976,1
2024-04-05 14:00:00,19.9878,1,5.9976,1,36.9976,1
2024-04-05 14:30:00,19.9876,1,5.9975,1,36.9975,1
2024-04-05 15:00:00,19.9875,1,5.9975,1,36.9975,1
2024-04-05 15:30:00,19.9874,1,5.9975,1,36.9975,1
2024-04-05 16:00:00,19.9872,1,5.9974,1,36.9974,1
2024-04-05 16:30:00,19.9871,1,5.9974,1,36.9974,1
2024-04-05 17:00:00,19.9870,1,5.9974,1,36.9974,1
2024-04-05 17:30:00,19.9869,1,5.9974,1,36.9974,1
2024-04-05 18:00:00,19.9867,1,5.9973,1,36.9973,1
2024-04-05 18:30:00,19.9866,1,5.9973,1,36.9973,1
2024-04-05 19:00:00,19.9865,1,5.9973,1,36.9973,1
2024-04-05 19:30:00,19.9863,1,5.9973,1,36.9973,1
2024-04-05 20:00:00,19.9862,1,5.9972,1,36.9972,1
2024-04-05 20:30:00,19.9861,1,5.9972,1,36.9972,1
2024-04-05 21:00:00,19.9859,1,5.9972,1,36.9972,1
2024-04-05 21:30:00,19.9858,1,5.9972,1,36.9972,1
2024-04-05 22:00:00,19.9857,1,5.9971,1,36.9971,1
2024-04-05 22:30:00,19.9855,1,5.9971,1,36.9971,1
2024-04-05 23:00:00,19.9854,1,5.9971,1,36.9971,1
2024-04-05 23:30:00,19.9853,1,5.9971,1,36.9971,1
2024-04-06 00:00:00,19.9851,1,5.9970,1,36.9970,1
2024-04-06 00:30:00,19.9850,1,5.9970,1,36.9970,1
2024-04-06 01:00:00,19.9848,1,5.9970,1,36.9970,1
2024-04-06 01:30:00,19.9847,1,5.9969,1,36.9969,1
2024-04-06 02:00:00,19.9846,1,5.9969,1,36.9969,1
2024-04-06 02:30:00,19.9844,1,5.9969,1,36.9969,1
2024-04-06 03:00:00,19.9843,1,5.9969,1,36.9969,1
2024-04-06 03:30:00,19.9841,1,5.9968,1,36.9968,1
2024-04-06 04:00:00,19.9840,1,5.9968,1,36.9968,1
2024-04-06 04:30:00,19.9839,1,5.9968,1,36.9968,1
2024-04-06 05:00:00,19.9837,1,5.9967,1,36.9967,1
2024-04-06 05:30:00,19.9836,1,5.9967,1,36.9967,1
2024-04-06 06:00:00,19.9834,1,5.9967,1,36.9967,1
2024-04-06 06:30:00,19.9833,1,5.9967,1,36.9967,1
2024-04-06 07:00:00,19.9831,1,5.9966,1,36.9966,1
2024-04-06 07:30:00,19.9830,1,5.9966,1,36.9966,1
2024-04-06 08:00:00,19.9828,1,5.9966,1,36.9966,1
2024-04-06 08:30:00,19.9827,1,5.9965,1,36.9965,1
2024-04-06 09:00:00,19.9825,1,5.9965,1,36.9965,1
2024-04-06 09:30:00,19.9824,1,5.9965,1,36.9965,1
2024-04-06 10:00:00,19.9822,1,5.9964,1,36.9964,1
2024-04-06 10:30:00,19.9821,1,5.9964,1,36.9964,1
2024-04-06 11:00:00,19.9819,1,5.9964,1,36.9964,1
2024-04-06 11:30:00,19.9818,1,5.9964,1,36.9964,1
2024-04-06 12:00:00,19.9816,1,5.9963,1,36.9963,1
2024-04-06 12:30:00,19.9815,1,5.9963,1,36.9963,1
2024-04-06 13:00:00,19.9813,1,5.9963,1,36.9963,1
2024-04-06 13:30:00,19.9812,1,5.9962,1,36.9962,1
2024-04-06 14:00:00,19.9810,1,5.9962,1,36.9962,1
2024-04-06 14:30:00,19.9809,1,5.9962,1,36.9962,1
2024-04-06 15:00:00,19.9807,1,5.9961,1,36.9961,1
2024-04-06 15:30:00,19.9805,1,5.9961,1,36.9961,1
2024-04-06 16:00:00,19.9804,1,5.9961,1,36.9961,1
2024-04-06 16:30:00,19.9802,1,5.9960,1,36.9960,1
2024-04-06 17:00:00,19.9801,1,5.9960,1,36.9960,1
2024-04-06 17:30:00,19.9799,1,5.9960,1,36.9960,1
2024-04-06 18:00:00,19.9797,1,5.9959,1,36.9959,1
2024-04-06 18:30:00,19.9796,1,5.9959,1,36.9959,1
2024-04-06 19:00:00,19.9794,1,5.9959,1,36.9959,1
2024-04-06 19:30:00,19.9793,1,5.9959,1,36.9959,1
2024-04-06 20:00:00,19.9791,1,5.9958,1,36.9958,1
2024-04-06 20:30:00,19.9789,1,5.9958,1,36.9958,1
2024-04-06 21:00:00,19.9788,1,5.9958,1,36.9958,1
2024-04-06 21:30:00,19.9786,1,5.9957,1,36.9957,1
2024-04-06 22:00:00,19.9784,1,5.9957,1,36.9957,1
2024-04-06 22:30:00,19.9783,1,5.9957,1,36.9957,1
2024-04-06 23:00:00,19.9781,1,5.9956,1,36.9956,1
2024-04-06 23:30:00,19.9779,1,5.9956,1,36.9956,1
2024-04-07 00:00:00,19.9778,1,5.9956,1,36.9956,1
2024-04-07 00:30:00,19.9776,1,5.9955,1,36.9955,1
2024-04-07 01:00:00,19.9774,1,5.9955,1,36.9955,1
2024-04-07 01:30:00,19.9773,1,5.9955,1,36.9955,1
2024-04-07 02:00:00,19.9771,1,5.9954,1,36.9954,1
2024-04-07 02:30:00,19.9769,1,5.9954,1,36.9954,1
2024-04-07 03:00:00,19.9768,1,5.9954,1,36.9954,1
2024-04-07 03:30:00,19.9766,1,5.9953,1,36.9953,1
2024-04-07 04:00:00,19.9764,1,5.9953,1,36.9953,1
2024-04-07 04:30:00,19.9762,1,5.9952,1,36.9952,1
2024-04-07 05:00:00,19.9761,1,5.9952,1,36.9952,1
2024-04-07 05:30:00,19.9759,1,5.9952,1,36.9952,1
2024-04-07 06:00:00,19.9757,1,5.9951,1,36.9951,1
2024-04-07 06:30:00,19.9755,1,5.9951,1,36.9951,1
2024-04-07 07:00:00,19.9754,1,5.9951,1,36.9951,1
2024-04-07 07:30:00,19.9752,1,5.9950,1,36.9950,1
2024-04-07 08:00:00,19.9750,1,5.9950,1,36.9950,1
2024-04-07 08:30:00,19.9748,1,5.9950,1,36.9950,1
2024-04-07 09:00:00,19.9746,1,5.9949,1,36.9949,1
2024-04-07 09:30:00,19.9745,1,5.9949,1,36.9949,1
2024-04-07 10:00:00,19.9743,1,5.9949,1,36.9949,1
2024-04-07 10:30:00,19.9741,1,5.9948,1,36.9948,1
2024-04-07 11:00:00,19.9739,1,5.9948,1,36.9948,1
2024-04-07 11:30:00,19.9737,1,5.9947,1,36.9947,1
2024-04-07 12:00:00,19.9735,1,5.9947,1,36.9947,1
2024-04-07 12:30:00,19.9734,1,5.9947,1,36.9947,1
2024-04-07 13:00:00,19.9732,1,5.9946,1,36.9946,1
2024-04-07 13:30:00,19.9730,1,5.9946,1,36.9946,1
2024-04-07 14:00:00,19.9728,1,5.9946,1,36.9946,1
2024-04-07 14:30:00,19.9726,1,5.9945,1,36.9945,1
2024-04-07 15:00:00,19.9724,1,5.9945,1,36.9945,1
2024-04-07 15:30:00,19.9722,1,5.9944,1,36.9944,1
2024-04-07 16:00:00,19.9721,1,5.9944,1,36.9944,1
2024-04-07 16:30:00,19.9719,1,5.9944,1,36.9944,1
2024-04-07 17:00:00,19.9717,1,5.9943,1,36.9943,1
2024-04-07 17:30:00,19.9715,1,5.9943,1,36.9943,1
2024-04-07 18:00:00,19.9713,1,5.9943,1,36.9943,1
2024-04-07 18:30:00,19.9711,1,5.9942,1,36.9942,1
2024-04-07 19:00:00,19.9709,1,5.9942,1,36.9942,1
2024-04-07 19:30:00,19.9707,1,5.9941,1,36.9941,1
2024-04-07 20:00:00,19.9705,1,5.9941,1,36.9941,1
2024-04-07 20:30:00,19.9703,1,5.9941,1,36.9941,1
2024-04-07 21:00:00,19.9701,1,5.9940,1,36.9940,1
2024-04-07 21:30:00,19.9699,1,5.9940,1,36.9940,1
2024-04-07 22:00:00,19.9697,1,5.9939,1,36.9939,1
2024-04-07 22:30:00,19.9696,1,5.9939,1,36.9939,1
2024-04-07 23:00:00,19.9694,1,5.9939,1,36.9939,1
2024-04-07 23:30:00,19.9692,1,5.9938,1,36.9938,1
2024-04-08 00:00:00,19.9690,1,5.9938,1,36.9938,1
2024-04-08 00:30:00,19.9688,1,5.9938,1,36.9938,1
2024-04-08 01:00:00,19.9686,1,5.9937,1,36.9937,1
2024-04-08 01:30:00,19.9684,1,5.9937,1,36.9937,1
2024-04-08 02:00:00,19.9682,1,5.9936,1,36.9936,1
2024-04-08 02:30:00,19.9680,1,5.9936,1,36.9936,1
2024-04-08 03:00:00,19.9678,1,5.9936,1,36.9936,1
2024-04-08 03:30:00,19.9675,1,5.9935,1,36.9935,1
2024-04-08 04:00:00,19.9673,1,5.9935,1,36.9935,1
2024-04-08 04:30:00,19.9671,1,5.9934,1,36.9934,1
2024-04-08 05:00:00,19.9669,1,5.9934,1,36.9934,1
2024-04-08 05:30:00,19.9667,1,5.9933,1,36.9933,1
2024-04-08 06:00:00,19.9665,1,5.9933,1,36.9933,1
2024-04-08 06:30:00,19.9663,1,5.9933,1,36.9933,1
2024-04-08 07:00:00,19.9661,1,5.9932,1,36.9932,1
2024-04-08 07:30:00,19.9659,1,5.9932,1,36.9932,1
2024-04-08 08:00:00,19.9657,1,5.9931,1,36.9931,1
2024-04-08 08:30:00,19.9655,1,5.9931,1,36.9931,1
2024-04-08 09:00:00,19.9653,1,5.9931,1,36.9931,1
2024-04-08 09:30:00,19.9651,1,5.9930,1,36.9930,1
2024-04-08 10:00:00,19.9649,1,5.9930,1,36.9930,1
2024-04-08 10:30:00,19.9646,1,5.9929,1,36.9929,1
2024-04-08 11:00:00,19.9644,1,5.9929,1,36.9929,1
2024-04-08 11:30:00,19.9642,1,5.9928,1,36.9928,1
2024-04-08 12:00:00,19.9640,1,5.9928,1,36.9928,1
2024-04-08 12:30:00,19.9638,1,5.9928,1,36.9928,1
2024-04-08 13:00:00,19.9636,1,5.9927,1,36.9927,1
2024-04-08 13:30:00,19.9634,1,5.9927,1,36.9927,1
2024-04-08 14:00:00,19.9631,1,5.9926,1,36.9926,1
2024-04-08 14:30:00,19.9629,1,5.9926,1,36.9926,1
2024-04-08 15:00:00,19.9627,1,5.9925,1,36.9925,1
2024-04-08 15:30:00,19.9625,1,5.9925,1,36.9925,1
2024-04-08 16:00:00,19.9623,1,5.9925,1,36.9925,1
2024-04-08 16:30:00,19.9620,1,5.9924,1,36.9924,1
2024-04-08 17:00:00,19.9618,1,5.9924,1,36.9924,1
2024-04-08 17:30:00,19.9616,1,5.9923,1,36.9923,1
2024-04-08 18:00:00,19.9614,1,5.9923,1,36.9923,1
2024-04-08 18:30:00,19.9612,1,5.9922,1,36.9922,1
2024-04-08 19:00:00,19.9609,1,5.9922,1,36.9922,1
2024-04-08 19:30:00,19.9607,1,5.9921,1,36.9921,1
2024-04-08 20:00:00,19.9605,1,5.9921,1,36.9921,1
2024-04-08 20:30:00,19.9603,1,5.9921,1,36.9921,1
2024-04-08 21:00:00,19.9600,1,5.9920,1,36.9920,1
2024-04-08 21:30:00,19.9598,1,5.9920,1,36.9920,1
2024-04-08 22:00:00,19.9596,1,5.9919,1,36.9919,1
2024-04-08 22:30:00,19.9594,1,5.9919,1,36.9919,1
2024-04-08 23:00:00,19.9591,1,5.9918,1,36.9918,1
2024-04-08 23:30:00,19.9589,1,5.9918,1,36.9918,1
2024-04-09 00:00:00,19.9587,1,5.9917,1,36.9917,1
2024-04-09 00:30:00,19.9584,1,5.9917,1,36.9917,1
2024-04-09 01:00:00,19.9582,1,5.9916,1,36.9916,1
2024-04-09 01:30:00,19.9580,1,5.9916,1,36.9916,1
2024-04-09 02:00:00,19.9578,1,5.9916,1,36.9916,1
2024-04-09 02:30:00,19.9575,1,5.9915,1,36.9915,1
2024-04-09 03:00:00,19.9573,1,5.9915,1,36.9915,1
2024-04-09 03:30:00,19.9571,1,5.9914,1,36.9914,1
2024-04-09 04:00:00,19.9568,1,5.9914,1,36.9914,1
2024-04-09 04:30:00,19.9566,1,5.9913,1,36.9913,1
2024-04-09 05:00:00,19.9563,1,5.9913,1,36.9913,1
2024-04-09 05:30:00,19.9561,1,5.9912,1,36.9912,1
2024-04-09 06:00:00,19.9559,1,5.9912,1,36.9912,1
2024-04-09 06:30:00,19.9556,1,5.9911,1,36.9911,1
2024-04-09 07:00:00,19.9554,1,5.9911,1,36.9911,1
2024-04-09 07:30:00,19.9552,1,5.9910,1,36.9910,1
2024-04-09 08:00:00,19.9549,1,5.9910,1,36.9910,1
2024-04-09 08:30:00,19.9547,1,5.9909,1,36.9909,1
2024-04-09 09:00:00,19.9544,1,5.9909,1,36.9909,1
2024-04-09 09:30:00,19.9542,1,5.9908,1,36.9908,1
2024-04-09 10:00:00,19.9540,1,5.9908,1,36.9908,1
2024-04-09 10:30:00,19.9537,1,5.9907,1,36.9907,1
2024-04-09 11:00:00,19.9535,1,5.9907,1,36.9907,1
2024-04-09 11:30:00,19.9532,1,5.9906,1,36.9906,1
2024-04-09 12:00:00,19.9530,1,5.9906,1,36.9906,1
2024-04-09 12:30:00,19.9527,1,5.9905,1,36.9905,1
2024-04-09 13:00:00,19.9525,1,5.9905,1,36.9905,1
2024-04-09 13:30:00,19.9522,1,5.9904,1,36.9904,1
2024-04-09 14:00:00,19.9520,1,5.9904,1,36.9904,1
2024-04-09 14:30:00,19.9518,1,5.9904,1,36.9904,1
2024-04-09 15:00:00,19.9515,1,5.9903,1,36.9903,1
2024-04-09 15:30:00,19.9513,1,5.9903,1,36.9903,1
2024-04-09 16:00:00,19.9510,1,5.9902,1,36.9902,1
2024-04-09 16:30:00,19.9508,1,5.9902,1,36.9902,1
2024-04-09 17:00:00,19.9505,1,5.9901,1,36.9901,1
2024-04-09 17:30:00,19.9503,1,5.9901,1,36.9901,1
2024-04-09 18:00:00,19.9500,1,5.9900,1,36.9900,1
2024-04-09 18:30:00,19.9498,1,5.9900,1,36.9900,1
2024-04-09 19:00:00,19.9495,1,5.9899,1,36.9899,1
2024-04-09 19:30:00,19.9492,1,5.9898,1,36.9898,1
2024-04-09 20:00:00,19.9490,1,5.9898,1,36.9898,1
2024-04-09 20:30:00,19.9487,1,5.9897,1,36.9897,1
2024-04-09 21:00:00,19.9485,1,5.9897,1,36.9897,1
2024-04-09 21:30:00,19.9482,1,5.9896,1,36.9896,1
2024-04-09 22:00:00,19.9480,1,5.9896,1,36.9896,1
2024-04-09 22:30:00,19.9477,1,5.9895,1,36.9895,1
2024-04-09 23:00:00,19.9475,1,5.9895,1,36.9895,1
2024-04-09 23:30:00,19.9472,1,5.9894,1,36.9894,1
2024-04-10 00:00:00,19.9469,1,5.9894,1,36.9894,1
2024-04-10 00:30:00,19.9467,1,5.9893,1,36.9893,1
2024-04-10 01:00:00,19.9464,1,5.9893,1,36.9893,1
2024-04-10 01:30:00,19.9462,1,5.9892,1,36.9892,1
2024-04-10 02:00:00,19.9459,1,5.9892,1,36.9892,1
2024-04-10 02:30:00,19.9456,1,5.9891,1,36.9891,1
2024-04-10 03:00:00,19.9454,1,5.9891,1,36.9891,1
2024-04-10 03:30:00,19.9451,1,5.9890,1,36.9890,1
2024-04-10 04:00:00,19.9448,1,5.9890,1,36.9890,1
2024-04-10 04:30:00,19.9446,1,5.9889,1,36.9889,1
2024-04-10 05:00:00,19.9443,1,5.9889,1,36.9889,1
2024-04-10 05:30:00,19.9440,1,5.9888,1,36.9888,1
2024-04-10 06:00:00,19.9438,1,5.9888,1,36.9888,1
2024-04-10 06:30:00,19.9435,1,5.9887,1,36.9887,1
2024-04-10 07:00:00,19.9432,1,5.9886,1,36.9886,1
2024-04-10 07:30:00,19.9430,1,5.9886,1,36.9886,1
2024-04-10 08:00:00,19.9427,1,5.9885,1,36.9885,1
2024-04-10 08:30:00,19.9424,1,5.9885,1,36.9885,1
2024-04-10 09:00:00,19.9422,1,5.9884,1,36.9884,1
2024-04-10 09:30:00,19.9419,1,5.9884,1,36.9884,1
2024-04-10 10:00:00,19.9416,1,5.9883,1,36.9883,1
2024-04-10 10:30:00,19.9413,1,5.9883,1,36.9883,1
2024-04-10 11:00:00,19.9411,1,5.9882,1,36.9882,1
2024-04-10 11:30:00,19.9408,1,5.9882,1,36.9882,1
2024-04-10 12:00:00,19.9405,1,5.9881,1,36.9881,1
2024-04-10 12:30:00,19.9402,1,5.9880,1,36.9880,1
2024-04-10 13:00:00,19.9400,1,5.9880,1,36.9880,1
2024-04-10 13:30:00,19.9397,1,5.9879,1,36.9879,1
2024-04-10 14:00:00,19.9394,1,5.9879,1,36.9879,1
2024-04-10 14:30:00,19.9391,1,5.9878,1,36.9878,1
2024-04-10 15:00:00,19.9389,1,5.9878,1,36.9878,1
2024-04-10 15:30:00,19.9386,1,5.9877,1,36.9877,1
2024-04-10 16:00:00,19.9383,1,5.9877,1,36.9877,1
2024-04-10 16:30:00,19.9380,1,5.9876,1,36.9876,1
2024-04-10 17:00:00,19.9377,1,5.9875,1,36.9875,1
2024-04-10 17:30:00,19.9375,1,5.9875,1,36.9875,1
2024-04-10 18:00:00,19.9372,1,5.9874,1,36.9874,1
2024-04-10 18:30:00,19.9369,1,5.9874,1,36.9874,1
2024-04-10 19:00:00,19.9366,1,5.9873,1,36.9873,1
2024-04-10 19:30:00,19.9363,1,5.9873,1,36.9873,1
2024-04-10 20:00:00,19.9360,1,5.9872,1,36.9872,1
2024-04-10 20:30:00,19.9357,1,5.9871,1,36.9871,1
2024-04-10 21:00:00,19.9355,1,5.9871,1,36.9871,1
2024-04-10 21:30:00,19.9352,1,5.9870,1,36.9870,1
2024-04-10 22:00:00,19.9349,1,5.9870,1,36.9870,1
2024-04-10 22:30:00,19.9346,1,5.9869,1,36.9869,1
2024-04-10 23:00:00,19.9343,1,5.9869,1,36.9869,1
2024-04-10 23:30:00,19.9340,1,5.9868,1,36.9868,1
2024-04-11 00:00:00,19.9337,1,5.9867,1,36.9867,1
2024-04-11 00:30:00,19.9334,1,5.9867,1,36.9867,1
2024-04-11 01:00:00,19.9332,1,5.9866,1,36.9866,1
2024-04-11 01:30:00,19.9329,1,5.9866,1,36.9866,1
2024-04-11 02:00:00,19.9326,1,5.9865,1,36.9865,1
2024-04-11 02:30:00,19.9323,1,5.9865,1,36.9865,1
2024-04-11 03:00:00,19.9320,1,5.9864,1,36.9864,1
2024-04-11 03:30:00,19.9317,1,5.9863,1,36.9863,1
2024-04-11 04:00:00,19.9314,1,5.9863,1,36.9863,1
2024-04-11 04:30:00,19.9311,1,5.9862,1,36.9862,1
2024-04-11 05:00:00,19.9308,1,5.9862,1,36.9862,1
2024-04-11 05:30:00,19.9305,1,5.9861,1,36.9861,1
2024-04-11 06:00:00,19.9302,1,5.9860,1,36.9860,1
2024-04-11 06:30:00,19.9299,1,5.9860,1,36.9860,1
2024-04-11 07:00:00,19.9296,1,5.9859,1,36.9859,1
2024-04-11 07:30:00,19.9293,1,5.9859,1,36.9859,1
2024-04-11 08:00:00,19.9290,1,5.9858,1,36.9858,1
2024-04-11 08:30:00,19.9287,1,5.9857,1,36.9857,1
2024-04-11 09:00:00,19.9284,1,5.9857,1,36.9857,1
2024-04-11 09:30:00,19.9281,1,5.9856,1,36.9856,1
2024-04-11 10:00:00,19.9278,1,5.9856,1,36.9856,1
2024-04-11 10:30:00,19.9275,1,5.9855,1,36.9855,1
2024-04-11 11:00:00,19.9272,1,5.9854,1,36.9854,1
2024-04-11 11:30:00,19.9269,1,5.9854,1,36.9854,1
2024-04-11 12:00:00,19.9266,1,5.9853,1,36.9853,1
2024-04-11 12:30:00,19.9263,1,5.9853,1,36.9853,1
2024-04-11 13:00:00,19.9260,1,5.9852,1,36.9852,1
2024-04-11 13:30:00,19.9257,1,5.9851,1,36.9851,1
2024-04-11 14:00:00,19.9254,1,5.9851,1,36.9851,1
2024-04-11 14:30:00,19.9251,1,5.9850,1,36.9850,1
2024-04-11 15:00:00,19.9247,1,5.9849,1,36.9849,1
2024-04-11 15:30:00,19.9244,1,5.9849,1,36.9849,1
2024-04-11 16:00:00,19.9241,1,5.9848,1,36.9848,1
2024-04-11 16:30:00,19.9238,1,5.9848,1,36.9848,1
2024-04-11 17:00:00,19.9235,1,5.9847,1,36.9847,1
2024-04-11 17:30:00,19.9232,1,5.9846,1,36.9846,1
2024-04-11 18:00:00,19.9229,1,5.9846,1,36.9846,1
2024-04-11 18:30:00,19.9226,1,5.9845,1,36.9845,1
2024-04-11 19:00:00,19.9223,1,5.9845,1,36.9845,1
2024-04-11 19:30:00,19.9219,1,5.9844,1,36.9844,1
2024-04-11 20:00:00,19.9216,1,5.9843,1,36.9843,1
2024-04-11 20:30:00,19.9213,1,5.9843,1,36.9843,1
2024-04-11 21:00:00,19.9210,1,5.9842,1,36.9842,1
2024-04-11 21:30:00,19.9207,1,5.9841,1,36.9841,1
2024-04-11 22:00:00,19.9204,1,5.9841,1,36.9841,1
2024-04-11 22:30:00,19.9200,1,5.9840,1,36.9840,1
2024-04-11 23:00:00,19.9197,1,5.9839,1,36.9839,1
2024-04-11 23:30:00,19.9194,1,5.9839,1,36.9839,1
2024-04-12 00:00:00,19.9191,1,5.9838,1,36.9838,1
2024-04-12 00:30:00,19.9188,1,5.9838,1,36.9838,1
2024-04-12 01:00:00,19.9184,1,5.9837,1,36.9837,1
2024-04-12 01:30:00,19.9181,1,5.9836,1,36.9836,1
2024-04-12 02:00:00,19.9178,1,5.9836,1,36.9836,1
2024-04-12 02:30:00,19.9175,1,5.9835,1,36.9835,1
2024-04-12 03:00:00,19.9171,1,5.9834,1,36.9834,1
2024-04-12 03:30:00,19.9168,1,5.9834,1,36.9834,1
2024-04-12 04:00:00,19.9165,1,5.9833,1,36.9833,1
2024-04-12 04:30:00,19.9162,1,5.9832,1,36.9832,1
2024-04-12 05:00:00,19.9158,1,5.9832,1,36.9832,1
2024-04-12 05:30:00,19.9155,1,5.9831,1,36.9831,1
2024-04-12 06:00:00,19.9152,1,5.9830,1,36.9830,1
2024-04-12 06:30:00,19.9149,1,5.9830,1,36.9830,1
2024-04-12 07:00:00,19.9145,1,5.9829,1,36.9829,1
2024-04-12 07:30:00,19.9142,1,5.9828,1,36.9828,1
2024-04-12 08:00:00,19.9139,1,5.9828,1,36.9828,1
2024-04-12 08:30:00,19.9135,1,5.9827,1,36.9827,1
2024-04-12 09:00:00,19.9132,1,5.9826,1,36.9826,1
2024-04-12 09:30:00,19.9129,1,5.9826,1,36.9826,1
2024-04-12 10:00:00,19.9125,1,5.9825,1,36.9825,1
2024-04-12 10:30:00,19.9122,1,5.9824,1,36.9824,1
2024-04-12 11:00:00,19.9119,1,5.9824,1,36.9824,1
2024-04-12 11:30:00,19.9115,1,5.9823,1,36.9823,1
2024-04-12 12:00:00,19.9112,1,5.9822,1,36.9822,1
2024-04-12 12:30:00,19.9109,1,5.9822,1,36.9822,1
2024-04-12 13:00:00,19.9105,1,5.9821,1,36.9821,1
2024-04-12 13:30:00,19.9102,1,5.9820,1,36.9820,1
2024-04-12 14:00:00,19.9099,1,5.9820,1,36.9820,1
2024-04-12 14:30:00,19.9095,1,5.9819,1,36.9819,1
2024-04-12 15:00:00,19.9092,1,5.9818,1,36.9818,1
2024-04-12 15:30:00,19.9088,1,5.9818,1,36.9818,1
2024-04-12 16:00:00,19.9085,1,5.9817,1,36.9817,1
2024-04-12 16:30:00,19.9082,1,5.9816,1,36.9816,1
2024-04-12 17:00:00,19.9078,1,5.9816,1,36.9816,1
2024-04-12 17:30:00,19.9075,1,5.9815,1,36.9815,1
2024-04-12 18:00:00,19.9071,1,5.9814,1,36.9814,1
2024-04-12 18:30:00,19.9068,1,5.9814,1,36.9814,1
2024-04-12 19:00:00,19.9064,1,5.9813,1,36.9813,1
2024-04-12 19:30:00,19.9061,1,5.9812,1,36.9812,1
2024-04-12 20:00:00,19.9058,1,5.9812,1,36.9812,1
2024-04-12 20:30:00,19.9054,1,5.9811,1,36.9811,1
2024-04-12 21:00:00,19.9051,1,5.9810,1,36.9810,1
2024-04-12 21:30:00,19.9047,1,5.9809,1,36.9809,1
2024-04-12 22:00:00,19.9044,1,5.9809,1,36.9809,1
2024-04-12 22:30:00,19.9040,1,5.9808,1,36.9808,1
2024-04-12 23:00:00,19.9037,1,5.9807,1,36.9807,1
2024-04-12 23:30:00,19.9033,1,5.9807,1,36.9807,1
2024-04-13 00:00:00,19.9030,1,5.9806,1,36.9806,1
2024-04-13 00:30:00,19.9026,1,5.9805,1,36.9805,1
2024-04-13 01:00:00,19.9023,1,5.9805,1,36.9805,1
2024-04-13 01:30:00,19.9019,1,5.9804,1,36.9804,1
2024-04-13 02:00:00,19.9016,1,5.9803,1,36.9803,1
2024-04-13 02:30:00,19.9012,1,5.9802,1,36.9802,1
2024-04-13 03:00:00,19.9009,1,5.9802,1,36.9802,1
2024-04-13 03:30:00,19.9005,1,5.9801,1,36.9801,1
2024-04-13 04:00:00,19.9002,1,5.9800,1,36.9800,1
2024-04-13 04:30:00,19.8998,1,5.9800,1,36.9800,1
2024-04-13 05:00:00,19.8994,1,5.9799,1,36.9799,1
2024-04-13 05:30:00,19.8991,1,5.9798,1,36.9798,1
2024-04-13 06:00:00,19.8987,1,5.9797,1,36.9797,1
2024-04-13 06:30:00,19.8984,1,5.9797,1,36.9797,1
2024-04-13 07:00:00,19.8980,1,5.9796,1,36.9796,1
2024-04-13 07:30:00,19.8976,1,5.9795,1,36.9795,1
2024-04-13 08:00:00,19.8973,1,5.9795,1,36.9795,1
2024-04-13 08:30:00,19.8969,1,5.9794,1,36.9794,1
2024-04-13 09:00:00,19.8966,1,5.9793,1,36.9793,1
2024-04-13 09:30:00,19.8962,1,5.9792,1,36.9792,1
2024-04-13 10:00:00,19.8958,1,5.9792,1,36.9792,1
2024-04-13 10:30:00,19.8955,1,5.9791,1,36.9791,1
2024-04-13 11:00:00,19.8951,1,5.9790,1,36.9790,1
2024-04-13 11:30:00,19.8947,1,5.9789,1,36.9789,1
2024-04-13 12:00:00,19.8944,1,5.9789,1,36.9789,1
2024-04-13 12:30:00,19.8940,1,5.9788,1,36.9788,1
2024-04-13 13:00:00,19.8936,1,5.9787,1,36.9787,1
2024-04-13 13:30:00,19.8933,1,5.9787,1,36.9787,1
2024-04-13 14:00:00,19.8929,1,5.9786,1,36.9786,1
2024-04-13 14:30:00,19.8925,1,5.9785,1,36.9785,1
2024-04-13 15:00:00,19.8922,1,5.9784,1,36.9784,1
2024-04-13 15:30:00,19.8918,1,5.9784,1,36.9784,1
2024-04-13 16:00:00,19.8914,1,5.9783,1,36.9783,1
2024-04-13 16:30:00,19.8911,1,5.9782,1,36.9782,1
2024-04-13 17:00:00,19.8907,1,5.9781,1,36.9781,1
2024-04-13 17:30:00,19.8903,1,5.9781,1,36.9781,1
2024-04-13 18:00:00,19.8899,1,5.9780,1,36.9780,1
2024-04-13 18:30:00,19.8896,1,5.9779,1,36.9779,1
2024-04-13 19:00:00,19.8892,1,5.9778,1,36.9778,1
2024-04-13 19:30:00,19.8888,1,5.9778,1,36.9778,1
2024-04-13 20:00:00,19.8885,1,5.9777,1,36.9777,1
2024-04-13 20:30:00,19.8881,1,5.9776,1,36.9776,1
2024-04-13 21:00:00,19.8877,1,5.9775,1,36.9775,1
2024-04-13 21:30:00,19.8873,1,5.9775,1,36.9775,1
2024-04-13 22:00:00,19.8869,1,5.9774,1,36.9774,1
2024-04-13 22:30:00,19.8866,1,5.9773,1,36.9773,1
2024-04-13 23:00:00,19.8862,1,5.9772,1,36.9772,1
2024-04-13 23:30:00,19.8858,1,5.9772,1,36.9772,1
2024-04-14 00:00:00,19.8854,1,5.9771,1,36.9771,1
2024-04-14 00:30:00,19.8850,1,5.9770,1,36.9770,1
2024-04-14 01:00:00,19.8847,1,5.9769,1,36.9769,1
2024-04-14 01:30:00,19.8843,1,5.9769,1,36.9769,1
2024-04-14 02:00:00,19.8839,1,5.9768,1,36.9768,1
2024-04-14 02:30:00,19.8835,1,5.9767,1,36.9767,1
2024-04-14 03:00:00,19.8831,1,5.9766,1,36.9766,1
2024-04-14 03:30:00,19.8827,1,5.9765,1,36.9765,1
2024-04-14 04:00:00,19.8824,1,5.9765,1,36.9765,1
2024-04-14 04:30:00,19.8820,1,5.9764,1,36.9764,1
2024-04-14 05:00:00,19.8816,1,5.9763,1,36.9763,1
2024-04-14 05:30:00,19.8812,1,5.9762,1,36.9762,1
2024-04-14 06:00:00,19.8808,1,5.9762,1,36.9762,1
2024-04-14 06:30:00,19.8804,1,5.9761,1,36.9761,1
2024-04-14 07:00:00,19.8800,1,5.9760,1,36.9760,1
2024-04-14 07:30:00,19.8796,1,5.9759,1,36.9759,1
2024-04-14 08:00:00,19.8793,1,5.9759,1,36.9759,1
2024-04-14 08:30:00,19.8789,1,5.9758,1,36.9758,1
2024-04-14 09:00:00,19.8785,1,5.9757,1,36.9757,1
2024-04-14 09:30:00,19.8781,1,5.9756,1,36.9756,1
2024-04-14 10:00:00,19.8777,1,5.9755,1,36.9755,1
2024-04-14 10:30:00,19.8773,1,5.9755,1,36.9755,1
2024-04-14 11:00:00,19.8769,1,5.9754,1,36.9754,1
2024-04-14 11:30:00,19.8765,1,5.9753,1,36.9753,1
2024-04-14 12:00:00,19.8761,1,5.9752,1,36.9752,1
2024-04-14 12:30:00,19.8757,1,5.9751,1,36.9751,1
2024-04-14 13:00:00,19.8753,1,5.9751,1,36.9751,1
2024-04-14 13:30:00,19.8749,1,5.9750,1,36.9750,1
2024-04-14 14:00:00,19.8745,1,5.9749,1,36.9749,1
2024-04-14 14:30:00,19.8741,1,5.9748,1,36.9748,1
2024-04-14 15:00:00,19.8737,1,5.9747,1,36.9747,1
2024-04-14 15:30:00,19.8733,1,5.9747,1,36.9747,1
2024-04-14 16:00:00,19.8729,1,5.9746,1,36.9746,1
2024-04-14 16:30:00,19.8725,1,5.9745,1,36.9745,1
2024-04-14 17:00:00,19.8721,1,5.9744,1,36.9744,1
2024-04-14 17:30:00,19.8717,1,5.9743,1,36.9743,1
2024-04-14 18:00:00,19.8713,1,5.9743,1,36.9743,1
2024-04-14 18:30:00,19.8709,1,5.9742,1,36.9742,1
2024-04-14 19:00:00,19.8705,1,5.9741,1,36.9741,1
2024-04-14 19:30:00,19.8701,1,5.9740,1,36.9740,1
2024-04-14 20:00:00,19.8697,1,5.9739,1,36.9739,1
2024-04-14 20:30:00,19.8693,1,5.9739,1,36.9739,1
2024-04-14 21:00:00,19.8689,1,5.9738,1,36.9738,1
2024-04-14 21:30:00,19.8685,1,5.9737,1,36.9737,1
2024-04-14 22:00:00,19.8681,1,5.9736,1,36.9736,1
2024-04-14 22:30:00,19.8677,1,5.9735,1,36.9735,1
2024-04-14 23:00:00,19.8673,1,5.9735,1,36.9735,1
2024-04-14 23:30:00,19.8668,1,5.9734,1,36.9734,1
2024-04-15 00:00:00,19.8664,1,5.9733,1,36.9733,1
2024-04-15 00:30:00,19.8660,1,5.9732,1,36.9732,1
2024-04-15 01:00:00,19.8656,1,5.9731,1,36.9731,1
2024-04-15 01:30:00,19.8652,1,5.9730,1,36.9730,1
2024-04-15 02:00:00,19.8648,1,5.9730,1,36.9730,1
2024-04-15 02:30:00,19.8644,1,5.9729,1,36.9729,1
2024-04-15 03:00:00,19.8640,1,5.9728,1,36.9728,1
2024-04-15 03:30:00,19.8636,1,5.9727,1,36.9727,1
2024-04-15 04:00:00,19.8631,1,5.9726,1,36.9726,1
2024-04-15 04:30:00,19.8627,1,5.9725,1,36.9725,1
2024-04-15 05:00:00,19.8623,1,5.9725,1,36.9725,1
2024-04-15 05:30:00,19.8619,1,5.9724,1,36.9724,1
2024-04-15 06:00:00,19.8615,1,5.9723,1,36.9723,1
2024-04-15 06:30:00,19.8611,1,5.9722,1,36.9722,1
2024-04-15 07:00:00,19.8606,1,5.9721,1,36.9721,1
2024-04-15 07:30:00,19.8602,1,5.9720,1,36.9720,1
2024-04-15 08:00:00,19.8598,1,5.9720,1,36.9720,1
2024-04-15 08:30:00,19.8594,1,5.9719,1,36.9719,1
2024-04-15 09:00:00,19.8589,1,5.9718,1,36.9718,1
2024-04-15 09:30:00,19.8585,1,5.9717,1,36.9717,1
2024-04-15 10:00:00,19.8581,1,5.9716,1,36.9716,1
2024-04-15 10:30:00,19.8577,1,5.9715,1,36.9715,1
2024-04-15 11:00:00,19.8573,1,5.9715,1,36.9715,1
2024-04-15 11:30:00,19.8568,1,5.9714,1,36.9714,1
2024-04-15 12:00:00,19.8564,1,5.9713,1,36.9713,1
2024-04-15 12:30:00,19.8560,1,5.9712,1,36.9712,1
2024-04-15 13:00:00,19.8556,1,5.9711,1,36.9711,1
2024-04-15 13:30:00,19.8551,1,5.9710,1,36.9710,1
2024-04-15 14:00:00,19.8547,1,5.9709,1,36.9709,1
2024-04-15 14:30:00,19.8543,1,5.9709,1,36.9709,1
2024-04-15 15:00:00,19.8538,1,5.9708,1,36.9708,1
2024-04-15 15:30:00,19.8534,1,5.9707,1,36.9707,1
2024-04-15 16:00:00,19.8530,1,5.9706,1,36.9706,1
2024-04-15 16:30:00,19.8526,1,5.9705,1,36.9705,1
2024-04-15 17:00:00,19.8521,1,5.9704,1,36.9704,1
2024-04-15 17:30:00,19.8517,1,5.9703,1,36.9703,1
2024-04-15 18:00:00,19.8513,1,5.9703,1,36.9703,1
2024-04-15 18:30:00,19.8508,1,5.9702,1,36.9702,1
2024-04-15 19:00:00,19.8504,1,5.9701,1,36.9701,1
2024-04-15 19:30:00,19.8500,1,5.9700,1,36.9700,1
2024-04-15 20:00:00,19.8495,1,5.9699,1,36.9699,1
2024-04-15 20:30:00,19.8491,1,5.9698,1,36.9698,1
2024-04-15 21:00:00,19.8486,1,5.9697,1,36.9697,1
2024-04-15 21:30:00,19.8482,1,5.9696,1,36.9696,1
2024-04-15 22:00:00,19.8478,1,5.9696,1,36.9696,1
2024-04-15 22:30:00,19.8473,1,5.9695,1,36.9695,1
2024-04-15 23:00:00,19.8469,1,5.9694,1,36.9694,1
2024-04-15 23:30:00,19.8465,1,5.9693,1,36.9693,1
2024-04-16 00:00:00,19.8460,1,5.9692,1,36.9692,1
2024-04-16 00:30:00,19.8456,1,5.9691,1,36.9691,1
2024-04-16 01:00:00,19.8451,1,5.9690,1,36.9690,1
2024-04-16 01:30:00,19.8447,1,5.9689,1,36.9689,1
2024-04-16 02:00:00,19.8443,1,5.9689,1,36.9689,1
2024-04-16 02:30:00,19.8438,1,5.9688,1,36.9688,1
2024-04-16 03:00:00,19.8434,1,5.9687,1,36.9687,1
2024-04-16 03:30:00,19.8429,1,5.9686,1,36.9686,1
2024-04-16 04:00:00,19.8425,1,5.9685,1,36.9685,1
2024-04-16 04:30:00,19.8420,1,5.9684,1,36.9684,1
2024-04-16 05:00:00,19.8416,1,5.9683,1,36.9683,1
2024-04-16 05:30:00,19.8411,1,5.9682,1,36.9682,1
2024-04-16 06:00:00,19.8407,1,5.9681,1,36.9681,1
2024-04-16 06:30:00,19.8402,1,5.9680,1,36.9680,1
2024-04-16 07:00:00,19.8398,1,5.9680,1,36.9680,1
2024-04-16 07:30:00,19.8393,1,5.9679,1,36.9679,1
2024-04-16 08:00:00,19.8389,1,5.9678,1,36.9678,1
2024-04-16 08:30:00,19.8384,1,5.9677,1,36.9677,1
2024-04-16 09:00:00,19.8380,1,5.9676,1,36.9676,1
2024-04-16 09:30:00,19.8375,1,5.9675,1,36.9675,1
2024-04-16 10:00:00,19.8371,1,5.9674,1,36.9674,1
2024-04-16 10:30:00,19.8366,1,5.9673,1,36.9673,1
2024-04-16 11:00:00,19.8362,1,5.9672,1,36.9672,1
2024-04-16 11:30:00,19.8357,1,5.9671,1,36.9671,1
2024-04-16 12:00:00,19.8353,1,5.9671,1,36.9671,1
2024-04-16 12:30:00,19.8348,1,5.9670,1,36.9670,1
2024-04-16 13:00:00,19.8344,1,5.9669,1,36.9669,1
2024-04-16 13:30:00,19.8339,1,5.9668,1,36.9668,1
2024-04-16 14:00:00,19.8334,1,5.9667,1,36.9667,1
2024-04-16 14:30:00,19.8330,1,5.9666,1,36.9666,1
2024-04-16 15:00:00,19.8325,1,5.9665,1,36.9665,1
2024-04-16 15:30:00,19.8321,1,5.9664,1,36.9664,1
2024-04-16 16:00:00,19.8316,1,5.9663,1,36.9663,1
2024-04-16 16:30:00,19.8311,1,5.9662,1,36.9662,1
2024-04-16 17:00:00,19.8307,1,5.9661,1,36.9661,1
2024-04-16 17:30:00,19.8302,1,5.9660,1,36.9660,1
2024-04-16 18:00:00,19.8298,1,5.9660,1,36.9660,1
2024-04-16 18:30:00,19.8293,1,5.9659,1,36.9659,1
2024-04-16 19:00:00,19.8288,1,5.9658,1,36.9658,1
2024-04-16 19:30:00,19.8284,1,5.9657,1,36.9657,1
2024-04-16 20:00:00,19.8279,1,5.9656,1,36.9656,1
2024-04-16 20:30:00,19.8274,1,5.9655,1,36.9655,1
2024-04-16 21:00:00,19.8270,1,5.9654,1,36.9654,1
2024-04-16 21:30:00,19.8265,1,5.9653,1,36.9653,1
2024-04-16 22:00:00,19.8260,1,5.9652,1,36.9652,1
2024-04-16 22:30:00,19.8256,1,5.9651,1,36.9651,1
2024-04-16 23:00:00,19.8251,1,5.9650,1,36.9650,1
2024-04-16 23:30:00,19.8246,1,5.9649,1,36.9649,1
2024-04-17 00:00:00,19.8242,1,5.9648,1,36.9648,1
2024-04-17 00:30:00,19.8237,1,5.9647,1,36.9647,1
2024-04-17 01:00:00,19.8232,1,5.9646,1,36.9646,1
2024-04-17 01:30:00,19.8228,1,5.9646,1,36.9646,1
2024-04-17 02:00:00,19.8223,1,5.9645,1,36.9645,1
2024-04-17 02:30:00,19.8218,1,5.9644,1,36.9644,1
2024-04-17 03:00:00,19.8213,1,5.9643,1,36.9643,1
2024-04-17 03:30:00,19.8209,1,5.9642,1,36.9642,1
2024-04-17 04:00:00,19.8204,1,5.9641,1,36.9641,1
2024-04-17 04:30:00,19.8199,1,5.9640,1,36.9640,1
2024-04-17 05:00:00,19.8194,1,5.9639,1,36.9639,1
2024-04-17 05:30:00,19.8190,1,5.9638,1,36.9638,1
2024-04-17 06:00:00,19.8185,1,5.9637,1,36.9637,1
2024-04-17 06:30:00,19.8180,1,5.9636,1,36.9636,1
2024-04-17 07:00:00,19.8175,1,5.9635,1,36.9635,1
2024-04-17 07:30:00,19.8170,1,5.9634,1,36.9634,1
2024-04-17 08:00:00,19.8166,1,5.9633,1,36.9633,1
2024-04-17 08:30:00,19.8161,1,5.9632,1,36.9632,1
2024-04-17 09:00:00,19.8156,1,5.9631,1,36.9631,1
2024-04-17 09:30:00,19.8151,1,5.9630,1,36.9630,1
2024-04-17 10:00:00,19.8146,1,5.9629,1,36.9629,1
2024-04-17 10:30:00,19.8142,1,5.9628,1,36.9628,1
2024-04-17 11:00:00,19.8137,1,5.9627,1,36.9627,1
2024-04-17 11:30:00,19.8132,1,5.9626,1,36.9626,1
2024-04-17 12:00:00,19.8127,1,5.9625,1,36.9625,1
2024-04-17 12:30:00,19.8122,1,5.9624,1,36.9624,1
2024-04-17 13:00:00,19.8117,1,5.9623,1,36.9623,1
2024-04-17 13:30:00,19.8113,1,5.9623,1,36.9623,1
2024-04-17 14:00:00,19.8108,1,5.9622,1,36.9622,1
2024-04-17 14:30:00,19.8103,1,5.9621,1,36.9621,1
2024-04-17 15:00:00,19.8098,1,5.9620,1,36.9620,1
2024-04-17 15:30:00,19.8093,1,5.9619,1,36.9619,1
2024-04-17 16:00:00,19.8088,1,5.9618,1,36.9618,1
2024-04-17 16:30:00,19.8083,1,5.9617,1,36.9617,1
2024-04-17 17:00:00,19.8078,1,5.9616,1,36.9616,1
2024-04-17 17:30:00,19.8073,1,5.9615,1,36.9615,1
2024-04-17 18:00:00,19.8068,1,5.9614,1,36.9614,1
2024-04-17 18:30:00,19.8064,1,5.9613,1,36.9613,1
2024-04-17 19:00:00,19.8059,1,5.9612,1,36.9612,1
2024-04-17 19:30:00,19.8054,1,5.9611,1,36.9611,1
2024-04-17 20:00:00,19.8049,1,5.9610,1,36.9610,1
2024-04-17 20:30:00,19.8044,1,5.9609,1,36.9609,1
2024-04-17 21:00:00,19.8039,1,5.9608,1,36.9608,1
2024-04-17 21:30:00,19.8034,1,5.9607,1,36.9607,1
2024-04-17 22:00:00,19.8029,1,5.9606,1,36.9606,1
2024-04-17 22:30:00,19.8024,1,5.9605,1,36.9605,1
2024-04-17 23:00:00,19.8019,1,5.9604,1,36.9604,1
2024-04-17 23:30:00,19.8014,1,5.9603,1,36.9603,1
2024-04-18 00:00:00,19.8009,1,5.9602,1,36.9602,1
2024-04-18 00:30:00,19.8004,1,5.9601,1,36.9601,1
2024-04-18 01:00:00,19.7999,1,5.9600,1,36.9600,1
2024-04-18 01:30:00,19.7994,1,5.9599,1,36.9599,1
2024-04-18 02:00:00,19.7989,1,5.9598,1,36.9598,1
2024-04-18 02:30:00,19.7984,1,5.9597,1,36.9597,1
2024-04-18 03:00:00,19.7979,1,5.9596,1,36.9596,1
2024-04-18 03:30:00,19.7974,1,5.9595,1,36.9595,1
2024-04-18 04:00:00,19.7969,1,5.9594,1,36.9594,1
2024-04-18 04:30:00,19.7964,1,5.9593,1,36.9593,1
2024-04-18 05:00:00,19.7959,1,5.9592,1,36.9592,1
2024-04-18 05:30:00,19.7954,1,5.9591,1,36.9591,1
2024-04-18 06:00:00,19.7949,1,5.9590,1,36.9590,1
2024-04-18 06:30:00,19.7944,1,5.9589,1,36.9589,1
2024-04-18 07:00:00,19.7938,1,5.9588,1,36.9588,1
2024-04-18 07:30:00,19.7933,1,5.9587,1,36.9587,1
2024-04-18 08:00:00,19.7928,1,5.9586,1,36.9586,1
2024-04-18 08:30:00,19.7923,1,5.9585,1,36.9585,1
2024-04-18 09:00:00,19.7918,1,5.9584,1,36.9584,1
2024-04-18 09:30:00,19.7913,1,5.9583,1,36.9583,1
2024-04-18 10:00:00,19.7908,1,5.9582,1,36.9582,1
2024-04-18 10:30:00,19.7903,1,5.9581,1,36.9581,1
2024-04-18 11:00:00,19.7898,1,5.9580,1,36.9580,1
2024-04-18 11:30:00,19.7892,1,5.9578,1,36.9578,1
2024-04-18 12:00:00,19.7887,1,5.9577,1,36.9577,1
2024-04-18 12:30:00,19.7882,1,5.9576,1,36.9576,1
2024-04-18 13:00:00,19.7877,1,5.9575,1,36.9575,1
2024-04-18 13:30:00,19.7872,1,5.9574,1,36.9574,1
2024-04-18 14:00:00,19.7867,1,5.9573,1,36.9573,1
2024-04-18 14:30:00,19.7862,1,5.9572,1,36.9572,1
2024-04-18 15:00:00,19.7856,1,5.9571,1,36.9571,1
2024-04-18 15:30:00,19.7851,1,5.9570,1,36.9570,1
2024-04-18 16:00:00,19.7846,1,5.9569,1,36.9569,1
2024-04-18 16:30:00,19.7841,1,5.9568,1,36.9568,1
2024-04-18 17:00:00,19.7836,1,5.9567,1,36.9567,1
2024-04-18 17:30:00,19.7830,1,5.9566,1,36.9566,1
2024-04-18 18:00:00,19.7825,1,5.9565,1,36.9565,1
2024-04-18 18:30:00,19.7820,1,5.9564,1,36.9564,1
2024-04-18 19:00:00,19.7815,1,5.9563,1,36.9563,1
2024-04-18 19:30:00,19.7809,1,5.9562,1,36.9562,1
2024-04-18 20:00:00,19.7804,1,5.9561,1,36.9561,1
2024-04-18 20:30:00,19.7799,1,5.9560,1,36.9560,1
2024-04-18 21:00:00,19.7794,1,5.9559,1,36.9559,1
2024-04-18 21:30:00,19.7788,1,5.9558,1,36.9558,1
2024-04-18 22:00:00,19.7783,1,5.9557,1,36.9557,1
2024-04-18 22:30:00,19.7778,1,5.9556,1,36.9556,1
2024-04-18 23:00:00,19.7773,1,5.9555,1,36.9555,1
2024-04-18 23:30:00,19.7767,1,5.9553,1,36.9553,1
2024-04-19 00:00:00,19.7762,1,5.9552,1,36.9552,1
2024-04-19 00:30:00,19.7757,1,5.9551,1,36.9551,1
2024-04-19 01:00:00,19.7752,1,5.9550,1,36.9550,1
2024-04-19 01:30:00,19.7746,1,5.9549,1,36.9549,1
2024-04-19 02:00:00,19.7741,1,5.9548,1,36.9548,1
2024-04-19 02:30:00,19.7736,1,5.9547,1,36.9547,1
2024-04-19 03:00:00,19.7730,1,5.9546,1,36.9546,1
2024-04-19 03:30:00,19.7725,1,5.9545,1,36.9545,1
2024-04-19 04:00:00,19.7720,1,5.9544,1,36.9544,1
2024-04-19 04:30:00,19.7714,1,5.9543,1,36.9543,1
2024-04-19 05:00:00,19.7709,1,5.9542,1,36.9542,1
2024-04-19 05:30:00,19.7704,1,5.9541,1,36.9541,1
2024-04-19 06:00:00,19.7698,1,5.9540,1,36.9540,1
2024-04-19 06:30:00,19.7693,1,5.9539,1,36.9539,1
2024-04-19 07:00:00,19.7687,1,5.9537,1,36.9537,1
2024-04-19 07:30:00,19.7682,1,5.9536,1,36.9536,1
2024-04-19 08:00:00,19.7677,1,5.9535,1,36.9535,1
2024-04-19 08:30:00,19.7671,1,5.9534,1,36.9534,1
2024-04-19 09:00:00,19.7666,1,5.9533,1,36.9533,1
2024-04-19 09:30:00,19.7661,1,5.9532,1,36.9532,1
2024-04-19 10:00:00,19.7655,1,5.9531,1,36.9531,1
2024-04-19 10:30:00,19.7650,1,5.9530,1,36.9530,1
2024-04-19 11:00:00,19.7644,1,5.9529,1,36.9529,1
2024-04-19 11:30:00,19.7639,1,5.9528,1,36.9528,1
2024-04-19 12:00:00,19.7633,1,5.9527,1,36.9527,1
2024-04-19 12:30:00,19.7628,1,5.9526,1,36.9526,1
2024-04-19 13:00:00,19.7623,1,5.9525,1,36.9525,1
2024-04-19 13:30:00,19.7617,1,5.9523,1,36.9523,1
2024-04-19 14:00:00,19.7612,1,5.9522,1,36.9522,1
2024-04-19 14:30:00,19.7606,1,5.9521,1,36.9521,1
2024-04-19 15:00:00,19.7601,1,5.9520,1,36.9520,1
2024-04-19 15:30:00,19.7595,1,5.9519,1,36.9519,1
2024-04-19 16:00:00,19.7590,1,5.9518,1,36.9518,1
2024-04-19 16:30:00,19.7584,1,5.9517,1,36.9517,1
2024-04-19 17:00:00,19.7579,1,5.9516,1,36.9516,1
2024-04-19 17:30:00,19.7573,1,5.9515,1,36.9515,1
2024-04-19 18:00:00,19.7568,1,5.9514,1,36.9514,1
2024-04-19 18:30:00,19.7562,1,5.9512,1,36.9512,1
2024-04-19 19:00:00,19.7557,1,5.9511,1,36.9511,1
2024-04-19 19:30:00,19.7551,1,5.9510,1,36.9510,1
2024-04-19 20:00:00,19.7546,1,5.9509,1,36.9509,1
2024-04-19 20:30:00,19.7540,1,5.9508,1,36.9508,1
2024-04-19 21:00:00,19.7535,1,5.9507,1,36.9507,1
2024-04-19 21:30:00,19.7529,1,5.9506,1,36.9506,1
2024-04-19 22:00:00,19.7523,1,5.9505,1,36.9505,1
2024-04-19 22:30:00,19.7518,1,5.9504,1,36.9504,1
2024-04-19 23:00:00,19.7512,1,5.9502,1,36.9502,1
2024-04-19 23:30:00,19.7507,1,5.9501,1,36.9501,1
2024-04-20 00:00:00,19.7501,1,5.9500,1,36.9500,1
2024-04-20 00:30:00,19.7496,1,5.9499,1,36.9499,1
2024-04-20 01:00:00,19.7490,1,5.9498,1,36.9498,1
2024-04-20 01:30:00,19.7484,1,5.9497,1,36.9497,1
2024-04-20 02:00:00,19.7479,1,5.9496,1,36.9496,1
2024-04-20 02:30:00,19.7473,1,5.9495,1,36.9495,1
2024-04-20 03:00:00,19.7468,1,5.9494,1,36.9494,1
2024-04-20 03:30:00,19.7462,1,5.9492,1,36.9492,1
2024-04-20 04:00:00,19.7456,1,5.9491,1,36.9491,1
2024-04-20 04:30:00,19.7451,1,5.9490,1,36.9490,1
2024-04-20 05:00:00,19.7445,1,5.9489,1,36.9489,1
2024-04-20 05:30:00,19.7439,1,5.9488,1,36.9488,1
2024-04-20 06:00:00,19.7434,1,5.9487,1,36.9487,1
2024-04-20 06:30:00,19.7428,1,5.9486,1,36.9486,1
2024-04-20 07:00:00,19.7422,1,5.9484,1,36.9484,1
2024-04-20 07:30:00,19.7417,1,5.9483,1,36.9483,1
2024-04-20 08:00:00,19.7411,1,5.9482,1,36.9482,1
2024-04-20 08:30:00,19.7405,1,5.9481,1,36.9481,1
2024-04-20 09:00:00,19.7400,1,5.9480,1,36.9480,1
2024-04-20 09:30:00,19.7394,1,5.9479,1,36.9479,1
2024-04-20 10:00:00,19.7388,1,5.9478,1,36.9478,1
2024-04-20 10:30:00,19.7383,1,5.9477,1,36.9477,1
2024-04-20 11:00:00,19.7377,1,5.9475,1,36.9475,1
2024-04-20 11:30:00,19.7371,1,5.9474,1,36.9474,1
2024-04-20 12:00:00,19.7365,1,5.9473,1,36.9473,1
2024-04-20 12:30:00,19.7360,1,5.9472,1,36.9472,1
2024-04-20 13:00:00,19.7354,1,5.9471,1,36.9471,1
2024-04-20 13:30:00,19.7348,1,5.9470,1,36.9470,1
2024-04-20 14:00:00,19.7342,1,5.9468,1,36.9468,1
2024-04-20 14:30:00,19.7337,1,5.9467,1,36.9467,1
2024-04-20 15:00:00,19.7331,1,5.9466,1,36.9466,1
2024-04-20 15:30:00,19.7325,1,5.9465,1,36.9465,1
2024-04-20 16:00:00,19.7319,1,5.9464,1,36.9464,1
2024-04-20 16:30:00,19.7314,1,5.9463,1,36.9463,1
2024-04-20 17:00:00,19.7308,1,5.9462,1,36.9462,1
2024-04-20 17:30:00,19.7302,1,5.9460,1,36.9460,1
2024-04-20 18:00:00,19.7296,1,5.9459,1,36.9459,1
2024-04-20 18:30:00,19.7290,1,5.9458,1,36.9458,1
2024-04-20 19:00:00,19.7285,1,5.9457,1,36.9457,1
2024-04-20 19:30:00,19.7279,1,5.9456,1,36.9456,1
2024-04-20 20:00:00,19.7273,1,5.9455,1,36.9455,1
2024-04-20 20:30:00,19.7267,1,5.9453,1,36.9453,1
2024-04-20 21:00:00,19.7261,1,5.9452,1,36.9452,1
2024-04-20 21:30:00,19.7256,1,5.9451,1,36.9451,1
2024-04-20 22:00:00,19.7250,1,5.9450,1,36.9450,1
2024-04-20 22:30:00,19.7244,1,5.9449,1,36.9449,1
2024-04-20 23:00:00,19.7238,1,5.9448,1,36.9448,1
2024-04-20 23:30:00,19.7232,1,5.9446,1,36.9446,1
2024-04-21 00:00:00,19.7226,1,5.9445,1,36.9445,1
2024-04-21 00:30:00,19.7220,1,5.9444,1,36.9444,1
2024-04-21 01:00:00,19.7214,1,5.9443,1,36.9443,1
2024-04-21 01:30:00,19.7209,1,5.9442,1,36.9442,1
2024-04-21 02:00:00,19.7203,1,5.9441,1,36.9441,1
2024-04-21 02:30:00,19.7197,1,5.9439,1,36.9439,1
2024-04-21 03:00:00,19.7191,1,5.9438,1,36.9438,1
2024-04-21 03:30:00,19.7185,1,5.9437,1,36.9437,1
2024-04-21 04:00:00,19.7179,1,5.9436,1,36.9436,1
2024-04-21 04:30:00,19.7173,1,5.9435,1,36.9435,1
2024-04-21 05:00:00,19.7167,1,5.9433,1,36.9433,1
2024-04-21 05:30:00,19.7161,1,5.9432,1,36.9432,1
2024-04-21 06:00:00,19.7155,1,5.9431,1,36.9431,1
2024-04-21 06:30:00,19.7149,1,5.9430,1,36.9430,1
2024-04-21 07:00:00,19.7143,1,5.9429,1,36.9429,1
2024-04-21 07:30:00,19.7137,1,5.9427,1,36.9427,1
2024-04-21 08:00:00,19.7132,1,5.9426,1,36.9426,1
2024-04-21 08:30:00,19.7126,1,5.9425,1,36.9425,1
2024-04-21 09:00:00,19.7120,1,5.9424,1,36.9424,1
2024-04-21 09:30:00,19.7114,1,5.9423,1,36.9423,1
2024-04-21 10:00:00,19.7108,1,5.9422,1,36.9422,1
2024-04-21 10:30:00,19.7102,1,5.9420,1,36.9420,1
2024-04-21 11:00:00,19.7096,1,5.9419,1,36.9419,1
2024-04-21 11:30:00,19.7090,1,5.9418,1,36.9418,1
2024-04-21 12:00:00,19.7084,1,5.9417,1,36.9417,1
2024-04-21 12:30:00,19.7078,1,5.9416,1,36.9416,1
2024-04-21 13:00:00,19.7072,1,5.9414,1,36.9414,1
2024-04-21 13:30:00,19.7065,1,5.9413,1,36.9413,1
2024-04-21 14:00:00,19.7059,1,5.9412,1,36.9412,1
2024-04-21 14:30:00,19.7053,1,5.9411,1,36.9411,1
2024-04-21 15:00:00,19.7047,1,5.9409,1,36.9409,1
2024-04-21 15:30:00,19.7041,1,5.9408,1,36.9408,1
2024-04-21 16:00:00,19.7035,1,5.9407,1,36.9407,1
2024-04-21 16:30:00,19.7029,1,5.9406,1,36.9406,1
2024-04-21 17:00:00,19.7023,1,5.9405,1,36.9405,1
2024-04-21 17:30:00,19.7017,1,5.9403,1,36.9403,1
2024-04-21 18:00:00,19.7011,1,5.9402,1,36.9402,1
2024-04-21 18:30:00,19.7005,1,5.9401,1,36.9401,1
2024-04-21 19:00:00,19.6999,1,5.9400,1,36.9400,1
2024-04-21 19:30:00,19.6993,1,5.9399,1,36.9399,1
2024-04-21 20:00:00,19.6986,1,5.9397,1,36.9397,1
2024-04-21 20:30:00,19.6980,1,5.9396,1,36.9396,1
2024-04-21 21:00:00,19.6974,1,5.9395,1,36.9395,1
2024-04-21 21:30:00,19.6968,1,5.9394,1,36.9394,1
2024-04-21 22:00:00,19.6962,1,5.9392,1,36.9392,1
2024-04-21 22:30:00,19.6956,1,5.9391,1,36.9391,1
2024-04-21 23:00:00,19.6950,1,5.9390,1,36.9390,1
2024-04-21 23:30:00,19.6944,1,5.9389,1,36.9389,1
2024-04-22 00:00:00,19.6937,1,5.9387,1,36.9387,1
2024-04-22 00:30:00,19.6931,1,5.9386,1,36.9386,1
2024-04-22 01:00:00,19.6925,1,5.9385,1,36.9385,1
2024-04-22 01:30:00,19.6919,1,5.9384,1,36.9384,1
2024-04-22 02:00:00,19.6913,1,5.9383,1,36.9383,1
2024-04-22 02:30:00,19.6907,1,5.9381,1,36.9381,1
2024-04-22 03:00:00,19.6900,1,5.9380,1,36.9380,1
2024-04-22 03:30:00,19.6894,1,5.9379,1,36.9379,1
2024-04-22 04:00:00,19.6888,1,5.9378,1,36.9378,1
2024-04-22 04:30:00,19.6882,1,5.9376,1,36.9376,1
2024-04-22 05:00:00,19.6875,1,5.9375,1,36.9375,1
2024-04-22 05:30:00,19.6869,1,5.9374,1,36.9374,1
2024-04-22 06:00:00,19.6863,1,5.9373,1,36.9373,1
2024-04-22 06:30:00,19.6857,1,5.9371,1,36.9371,1
2024-04-22 07:00:00,19.6851,1,5.9370,1,36.9370,1
2024-04-22 07:30:00,19.6844,1,5.9369,1,36.9369,1
2024-04-22 08:00:00,19.6838,1,5.9368,1,36.9368,1
2024-04-22 08:30:00,19.6832,1,5.9366,1,36.9366,1
2024-04-22 09:00:00,19.6826,1,5.9365,1,36.9365,1
2024-04-22 09:30:00,19.6819,1,5.9364,1,36.9364,1
2024-04-22 10:00:00,19.6813,1,5.9363,1,36.9363,1
2024-04-22 10:30:00,19.6807,1,5.9361,1,36.9361,1
2024-04-22 11:00:00,19.6800,1,5.9360,1,36.9360,1
2024-04-22 11:30:00,19.6794,1,5.9359,1,36.9359,1
2024-04-22 12:00:00,19.6788,1,5.9358,1,36.9358,1
2024-04-22 12:30:00,19.6781,1,5.9356,1,36.9356,1
2024-04-22 13:00:00,19.6775,1,5.9355,1,36.9355,1
2024-04-22 13:30:00,19.6769,1,5.9354,1,36.9354,1
2024-04-22 14:00:00,19.6763,1,5.9353,1,36.9353,1
2024-04-22 14:30:00,19.6756,1,5.9351,1,36.9351,1
2024-04-22 15:00:00,19.6750,1,5.9350,1,36.9350,1
2024-04-22 15:30:00,19.6743,1,5.9349,1,36.9349,1
2024-04-22 16:00:00,19.6737,1,5.9347,1,36.9347,1
2024-04-22 16:30:00,19.6731,1,5.9346,1,36.9346,1
2024-04-22 17:00:00,19.6724,1,5.9345,1,36.9345,1
2024-04-22 17:30:00,19.6718,1,5.9344,1,36.9344,1
2024-04-22 18:00:00,19.6712,1,5.9342,1,36.9342,1
2024-04-22 18:30:00,19.6705,1,5.9341,1,36.9341,1
2024-04-22 19:00:00,19.6699,1,5.9340,1,36.9340,1
2024-04-22 19:30:00,19.6693,1,5.9339,1,36.9339,1
2024-04-22 20:00:00,19.6686,1,5.9337,1,36.9337,1
2024-04-22 20:30:00,19.6680,1,5.9336,1,36.9336,1
2024-04-22 21:00:00,19.6673,1,5.9335,1,36.9335,1
2024-04-22 21:30:00,19.6667,1,5.9333,1,36.9333,1
2024-04-22 22:00:00,19.6660,1,5.9332,1,36.9332,1
2024-04-22 22:30:00,19.6654,1,5.9331,1,36.9331,1
2024-04-22 23:00:00,19.6648,1,5.9330,1,36.9330,1
2024-04-22 23:30:00,19.6641,1,5.9328,1,36.9328,1
2024-04-23 00:00:00,19.6635,1,5.9327,1,36.9327,1
2024-04-23 00:30:00,19.6628,1,5.9326,1,36.9326,1
2024-04-23 01:00:00,19.6622,1,5.9324,1,36.9324,1
2024-04-23 01:30:00,19.6615,1,5.9323,1,36.9323,1
2024-04-23 02:00:00,19.6609,1,5.9322,1,36.9322,1
2024-04-23 02:30:00,19.6602,1,5.9320,1,36.9320,1
2024-04-23 03:00:00,19.6596,1,5.9319,1,36.9319,1
2024-04-23 03:30:00,19.6589,1,5.9318,1,36.9318,1
2024-04-23 04:00:00,19.6583,1,5.9317,1,36.9317,1
2024-04-23 04:30:00,19.6576,1,5.9315,1,36.9315,1
2024-04-23 05:00:00,19.6570,1,5.9314,1,36.9314,1
2024-04-23 05:30:00,19.6563,1,5.9313,1,36.9313,1
2024-04-23 06:00:00,19.6557,1,5.9311,1,36.9311,1
2024-04-23 06:30:00,19.6550,1,5.9310,1,36.9310,1
2024-04-23 07:00:00,19.6544,1,5.9309,1,36.9309,1
2024-04-23 07:30:00,19.6537,1,5.9307,1,36.9307,1
2024-04-23 08:00:00,19.6531,1,5.9306,1,36.9306,1
2024-04-23 08:30:00,19.6524,1,5.9305,1,36.9305,1
2024-04-23 09:00:00,19.6518,1,5.9304,1,36.9304,1
2024-04-23 09:30:00,19.6511,1,5.9302,1,36.9302,1
2024-04-23 10:00:00,19.6505,1,5.9301,1,36.9301,1
2024-04-23 10:30:00,19.6498,1,5.9300,1,36.9300,1
2024-04-23 11:00:00,19.6491,1,5.9298,1,36.9298,1
2024-04-23 11:30:00,19.6485,1,5.9297,1,36.9297,1
2024-04-23 12:00:00,19.6478,1,5.9296,1,36.9296,1
2024-04-23 12:30:00,19.6472,1,5.9294,1,36.9294,1
2024-04-23 13:00:00,19.6465,1,5.9293,1,36.9293,1
2024-04-23 13:30:00,19.6458,1,5.9292,1,36.9292,1
2024-04-23 14:00:00,19.6452,1,5.9290,1,36.9290,1
2024-04-23 14:30:00,19.6445,1,5.9289,1,36.9289,1
2024-04-23 15:00:00,19.6439,1,5.9288,1,36.9288,1
2024-04-23 15:30:00,19.6432,1,5.9286,1,36.9286,1
2024-04-23 16:00:00,19.6425,1,5.9285,1,36.9285,1
2024-04-23 16:30:00,19.6419,1,5.9284,1,36.9284,1
2024-04-23 17:00:00,19.6412,1,5.9282,1,36.9282,1
2024-04-23 17:30:00,19.6405,1,5.9281,1,36.9281,1
2024-04-23 18:00:00,19.6399,1,5.9280,1,36.9280,1
2024-04-23 18:30:00,19.6392,1,5.9278,1,36.9278,1
2024-04-23 19:00:00,19.6385,1,5.9277,1,36.9277,1
2024-04-23 19:30:00,19.6379,1,5.9276,1,36.9276,1
2024-04-23 20:00:00,19.6372,1,5.9274,1,36.9274,1
2024-04-23 20:30:00,19.6365,1,5.9273,1,36.9273,1
2024-04-23 21:00:00,19.6359,1,5.9272,1,36.9272,1
2024-04-23 21:30:00,19.6352,1,5.9270,1,36.9270,1
2024-04-23 22:00:00,19.6345,1,5.9269,1,36.9269,1
2024-04-23 22:30:00,19.6338,1,5.9268,1,36.9268,1
2024-04-23 23:00:00,19.6332,1,5.9266,1,36.9266,1
2024-04-23 23:30:00,19.6325,1,5.9265,1,36.9265,1
2024-04-24 00:00:00,19.6318,1,5.9264,1,36.9264,1
2024-04-24 00:30:00,19.6312,1,5.9262,1,36.9262,1
2024-04-24 01:00:00,19.6305,1,5.9261,1,36.9261,1
2024-04-24 01:30:00,19.6298,1,5.9260,1,36.9260,1
2024-04-24 02:00:00,19.6291,1,5.9258,1,36.9258,1
2024-04-24 02:30:00,19.6285,1,5.9257,1,36.9257,1
2024-04-24 03:00:00,19.6278,1,5.9256,1,36.9256,1
2024-04-24 03:30:00,19.6271,1,5.9254,1,36.9254,1
2024-04-24 04:00:00,19.6264,1,5.9253,1,36.9253,1
2024-04-24 04:30:00,19.6257,1,5.9251,1,36.9251,1
2024-04-24 05:00:00,19.6251,1,5.9250,1,36.9250,1
2024-04-24 05:30:00,19.6244,1,5.9249,1,36.9249,1
2024-04-24 06:00:00,19.6237,1,5.9247,1,36.9247,1
2024-04-24 06:30:00,19.6230,1,5.9246,1,36.9246,1
2024-04-24 07:00:00,19.6223,1,5.9245,1,36.9245,1
2024-04-24 07:30:00,19.6217,1,5.9243,1,36.9243,1
2024-04-24 08:00:00,19.6210,1,5.9242,1,36.9242,1
2024-04-24 08:30:00,19.6203,1,5.9241,1,36.9241,1
2024-04-24 09:00:00,19.6196,1,5.9239,1,36.9239,1
2024-04-24 09:30:00,19.6189,1,5.9238,1,36.9238,1
2024-04-24 10:00:00,19.6182,1,5.9236,1,36.9236,1
2024-04-24 10:30:00,19.6176,1,5.9235,1,36.9235,1
2024-04-24 11:00:00,19.6169,1,5.9234,1,36.9234,1
2024-04-24 11:30:00,19.6162,1,5.9232,1,36.9232,1
2024-04-24 12:00:00,19.6155,1,5.9231,1,36.9231,1
2024-04-24 12:30:00,19.6148,1,5.9230,1,36.9230,1
2024-04-24 13:00:00,19.6141,1,5.9228,1,36.9228,1
2024-04-24 13:30:00,19.6134,1,5.9227,1,36.9227,1
2024-04-24 14:00:00,19.6127,1,5.9225,1,36.9225,1
2024-04-24 14:30:00,19.6121,1,5.9224,1,36.9224,1
2024-04-24 15:00:00,19.6114,1,5.9223,1,36.9223,1
2024-04-24 15:30:00,19.6107,1,5.9221,1,36.9221,1
2024-04-24 16:00:00,19.6100,1,5.9220,1,36.9220,1
2024-04-24 16:30:00,19.6093,1,5.9219,1,36.9219,1
2024-04-24 17:00:00,19.6086,1,5.9217,1,36.9217,1
2024-04-24 17:30:00,19.6079,1,5.9216,1,36.9216,1
2024-04-24 18:00:00,19.6072,1,5.9214,1,36.9214,1
2024-04-24 18:30:00,19.6065,1,5.9213,1,36.9213,1
2024-04-24 19:00:00,19.6058,1,5.9212,1,36.9212,1
2024-04-24 19:30:00,19.6051,1,5.9210,1,36.9210,1
2024-04-24 20:00:00,19.6044,1,5.9209,1,36.9209,1
2024-04-24 20:30:00,19.6037,1,5.9207,1,36.9207,1
2024-04-24 21:00:00,19.6030,1,5.9206,1,36.9206,1
2024-04-24 21:30:00,19.6023,1,5.9205,1,36.9205,1
2024-04-24 22:00:00,19.6016,1,5.9203,1,36.9203,1
2024-04-24 22:30:00,19.6009,1,5.9202,1,36.9202,1
2024-04-24 23:00:00,19.6002,1,5.9200,1,36.9200,1
2024-04-24 23:30:00,19.5995,1,5.9199,1,36.9199,1
2024-04-25 00:00:00,19.5988,1,5.9198,1,36.9198,1
2024-04-25 00:30:00,19.5981,1,5.9196,1,36.9196,1
2024-04-25 01:00:00,19.5974,1,5.9195,1,36.9195,1
2024-04-25 01:30:00,19.5967,1,5.9193,1,36.9193,1
2024-04-25 02:00:00,19.5960,1,5.9192,1,36.9192,1
2024-04-25 02:30:00,19.5953,1,5.9191,1,36.9191,1
2024-04-25 03:00:00,19.5946,1,5.9189,1,36.9189,1
2024-04-25 03:30:00,19.5939,1,5.9188,1,36.9188,1
2024-04-25 04:00:00,19.5932,1,5.9186,1,36.9186,1
2024-04-25 04:30:00,19.5925,1,5.9185,1,36.9185,1
2024-04-25 05:00:00,19.5918,1,5.9184,1,36.9184,1
2024-04-25 05:30:00,19.5911,1,5.9182,1,36.9182,1
2024-04-25 06:00:00,19.5904,1,5.9181,1,36.9181,1
2024-04-25 06:30:00,19.5896,1,5.9179,1,36.9179,1
2024-04-25 07:00:00,19.5889,1,5.9178,1,36.9178,1
2024-04-25 07:30:00,19.5882,1,5.9176,1,36.9176,1
2024-04-25 08:00:00,19.5875,1,5.9175,1,36.9175,1
2024-04-25 08:30:00,19.5868,1,5.9174,1,36.9174,1
2024-04-25 09:00:00,19.5861,1,5.9172,1,36.9172,1
2024-04-25 09:30:00,19.5854,1,5.9171,1,36.9171,1
2024-04-25 10:00:00,19.5847,1,5.9169,1,36.9169,1
2024-04-25 10:30:00,19.5840,1,5.9168,1,36.9168,1
2024-04-25 11:00:00,19.5832,1,5.9166,1,36.9166,1
2024-04-25 11:30:00,19.5825,1,5.9165,1,36.9165,1
2024-04-25 12:00:00,19.5818,1,5.9164,1,36.9164,1
2024-04-25 12:30:00,19.5811,1,5.9162,1,36.9162,1
2024-04-25 13:00:00,19.5804,1,5.9161,1,36.9161,1
2024-04-25 13:30:00,19.5797,1,5.9159,1,36.9159,1
2024-04-25 14:00:00,19.5789,1,5.9158,1,36.9158,1
2024-04-25 14:30:00,19.5782,1,5.9156,1,36.9156,1
2024-04-25 15:00:00,19.5775,1,5.9155,1,36.9155,1
2024-04-25 15:30:00,19.5768,1,5.9154,1,36.9154,1
2024-04-25 16:00:00,19.5761,1,5.9152,1,36.9152,1
2024-04-25 16:30:00,19.5753,1,5.9151,1,36.9151,1
2024-04-25 17:00:00,19.5746,1,5.9149,1,36.9149,1
2024-04-25 17:30:00,19.5739,1,5.9148,1,36.9148,1
2024-04-25 18:00:00,19.5732,1,5.9146,1,36.9146,1
2024-04-25 18:30:00,19.5725,1,5.9145,1,36.9145,1
2024-04-25 19:00:00,19.5717,1,5.9143,1,36.9143,1
2024-04-25 19:30:00,19.5710,1,5.9142,1,36.9142,1
2024-04-25 20:00:00,19.5703,1,5.9141,1,36.9141,1
2024-04-25 20:30:00,19.5696,1,5.9139,1,36.9139,1
2024-04-25 21:00:00,19.5688,1,5.9138,1,36.9138,1
2024-04-25 21:30:00,19.5681,1,5.9136,1,36.9136,1
2024-04-25 22:00:00,19.5674,1,5.9135,1,36.9135,1
2024-04-25 22:30:00,19.5666,1,5.9133,1,36.9133,1
2024-04-25 23:00:00,19.5659,1,5.9132,1,36.9132,1
2024-04-25 23:30:00,19.5652,1,5.9130,1,36.9130,1
2024-04-26 00:00:00,19.5645,1,5.9129,1,36.9129,1
2024-04-26 00:30:00,19.5637,1,5.9127,1,36.9127,1
2024-04-26 01:00:00,19.5630,1,5.9126,1,36.9126,1
2024-04-26 01:30:00,19.5623,1,5.9125,1,36.9125,1
2024-04-26 02:00:00,19.5615,1,5.9123,1,36.9123,1
2024-04-26 02:30:00,19.5608,1,5.9122,1,36.9122,1
2024-04-26 03:00:00,19.5601,1,5.9120,1,36.9120,1
2024-04-26 03:30:00,19.5593,1,5.9119,1,36.9119,1
2024-04-26 04:00:00,19.5586,1,5.9117,1,36.9117,1
2024-04-26 04:30:00,19.5579,1,5.9116,1,36.9116,1
2024-04-26 05:00:00,19.5571,1,5.9114,1,36.9114,1
2024-04-26 05:30:00,19.5564,1,5.9113,1,36.9113,1
2024-04-26 06:00:00,19.5557,1,5.9111,1,36.9111,1
2024-04-26 06:30:00,19.5549,1,5.9110,1,36.9110,1
2024-04-26 07:00:00,19.5542,1,5.9108,1,36.9108,1
2024-04-26 07:30:00,19.5534,1,5.9107,1,36.9107,1
2024-04-26 08:00:00,19.5527,1,5.9105,1,36.9105,1
2024-04-26 08:30:00,19.5520,1,5.9104,1,36.9104,1
2024-04-26 09:00:00,19.5512,1,5.9102,1,36.9102,1
2024-04-26 09:30:00,19.5505,1,5.9101,1,36.9101,1
2024-04-26 10:00:00,19.5497,1,5.9099,1,36.9099,1
2024-04-26 10:30:00,19.5490,1,5.9098,1,36.9098,1
2024-04-26 11:00:00,19.5483,1,5.9097,1,36.9097,1
2024-04-26 11:30:00,19.5475,1,5.9095,1,36.9095,1
2024-04-26 12:00:00,19.5468,1,5.9094,1,36.9094,1
2024-04-26 12:30:00,19.5460,1,5.9092,1,36.9092,1
2024-04-26 13:00:00,19.5453,1,5.9091,1,36.9091,1
2024-04-26 13:30:00,19.5445,1,5.9089,1,36.9089,1
2024-04-26 14:00:00,19.5438,1,5.9088,1,36.9088,1
2024-04-26 14:30:00,19.5430,1,5.9086,1,36.9086,1
2024-04-26 15:00:00,19.5423,1,5.9085,1,36.9085,1
2024-04-26 15:30:00,19.5416,1,5.9083,1,36.9083,1
2024-04-26 16:00:00,19.5408,1,5.9082,1,36.9082,1
2024-04-26 16:30:00,19.5401,1,5.9080,1,36.9080,1
2024-04-26 17:00:00,19.5393,1,5.9079,1,36.9079,1
2024-04-26 17:30:00,19.5386,1,5.9077,1,36.9077,1
2024-04-26 18:00:00,19.5378,1,5.9076,1,36.9076,1
2024-04-26 18:30:00,19.5371,1,5.9074,1,36.9074,1
2024-04-26 19:00:00,19.5363,1,5.9073,1,36.9073,1
2024-04-26 19:30:00,19.5356,1,5.9071,1,36.9071,1
2024-04-26 20:00:00,19.5348,1,5.9070,1,36.9070,1
2024-04-26 20:30:00,19.5340,1,5.9068,1,36.9068,1
2024-04-26 21:00:00,19.5333,1,5.9067,1,36.9067,1
2024-04-26 21:30:00,19.5325,1,5.9065,1,36.9065,1
2024-04-26 22:00:00,19.5318,1,5.9064,1,36.9064,1
2024-04-26 22:30:00,19.5310,1,5.9062,1,36.9062,1
2024-04-26 23:00:00,19.5303,1,5.9061,1,36.9061,1
2024-04-26 23:30:00,19.5295,1,5.9059,1,36.9059,1
2024-04-27 00:00:00,19.5288,1,5.9058,1,36.9058,1
2024-04-27 00:30:00,19.5280,1,5.9056,1,36.9056,1
2024-04-27 01:00:00,19.5272,1,5.9054,1,36.9054,1
2024-04-27 01:30:00,19.5265,1,5.9053,1,36.9053,1
2024-04-27 02:00:00,19.5257,1,5.9051,1,36.9051,1
2024-04-27 02:30:00,19.5250,1,5.9050,1,36.9050,1
2024-04-27 03:00:00,19.5242,1,5.9048,1,36.9048,1
2024-04-27 03:30:00,19.5234,1,5.9047,1,36.9047,1
2024-04-27 04:00:00,19.5227,1,5.9045,1,36.9045,1
2024-04-27 04:30:00,19.5219,1,5.9044,1,36.9044,1
2024-04-27 05:00:00,19.5211,1,5.9042,1,36.9042,1
2024-04-27 05:30:00,19.5204,1,5.9041,1,36.9041,1
2024-04-27 06:00:00,19.5196,1,5.9039,1,36.9039,1
2024-04-27 06:30:00,19.5189,1,5.9038,1,36.9038,1
2024-04-27 07:00:00,19.5181,1,5.9036,1,36.9036,1
2024-04-27 07:30:00,19.5173,1,5.9035,1,36.9035,1
2024-04-27 08:00:00,19.5166,1,5.9033,1,36.9033,1
2024-04-27 08:30:00,19.5158,1,5.9032,1,36.9032,1
2024-04-27 09:00:00,19.5150,1,5.9030,1,36.9030,1
2024-04-27 09:30:00,19.5143,1,5.9029,1,36.9029,1
2024-04-27 10:00:00,19.5135,1,5.9027,1,36.9027,1
2024-04-27 10:30:00,19.5127,1,5.9025,1,36.9025,1
2024-04-27 11:00:00,19.5119,1,5.9024,1,36.9024,1
2024-04-27 11:30:00,19.5112,1,5.9022,1,36.9022,1
2024-04-27 12:00:00,19.5104,1,5.9021,1,36.9021,1
2024-04-27 12:30:00,19.5096,1,5.9019,1,36.9019,1
2024-04-27 13:00:00,19.5089,1,5.9018,1,36.9018,1
2024-04-27 13:30:00,19.5081,1,5.9016,1,36.9016,1
2024-04-27 14:00:00,19.5073,1,5.9015,1,36.9015,1
2024-04-27 14:30:00,19.5065,1,5.9013,1,36.9013,1
2024-04-27 15:00:00,19.5058,1,5.9012,1,36.9012,1
2024-04-27 15:30:00,19.5050,1,5.9010,1,36.9010,1
2024-04-27 16:00:00,19.5042,1,5.9008,1,36.9008,1
2024-04-27 16:30:00,19.5034,1,5.9007,1,36.9007,1
2024-04-27 17:00:00,19.5027,1,5.9005,1,36.9005,1
2024-04-27 17:30:00,19.5019,1,5.9004,1,36.9004,1
2024-04-27 18:00:00,19.5011,1,5.9002,1,36.9002,1
2024-04-27 18:30:00,19.5003,1,5.9001,1,36.9001,1
2024-04-27 19:00:00,19.4995,1,5.8999,1,36.8999,1
2024-04-27 19:30:00,19.4988,1,5.8998,1,36.8998,1
2024-04-27 20:00:00,19.4980,1,5.8996,1,36.8996,1
2024-04-27 20:30:00,19.4972,1,5.8994,1,36.8994,1
2024-04-27 21:00:00,19.4964,1,5.8993,1,36.8993,1
2024-04-27 21:30:00,19.4956,1,5.8991,1,36.8991,1
2024-04-27 22:00:00,19.4948,1,5.8990,1,36.8990,1
2024-04-27 22:30:00,19.4941,1,5.8988,1,36.8988,1
2024-04-27 23:00:00,19.4933,1,5.8987,1,36.8987,1
2024-04-27 23:30:00,19.4925,1,5.8985,1,36.8985,1
2024-04-28 00:00:00,19.4917,1,5.8983,1,36.8983,1
2024-04-28 00:30:00,19.4909,1,5.8982,1,36.8982,1
2024-04-28 01:00:00,19.4901,1,5.8980,1,36.8980,1
2024-04-28 01:30:00,19.4894,1,5.8979,1,36.8979,1
2024-04-28 02:00:00,19.4886,1,5.8977,1,36.8977,1
2024-04-28 02:30:00,19.4878,1,5.8976,1,36.8976,1
2024-04-28 03:00:00,19.4870,1,5.8974,1,36.8974,1
2024-04-28 03:30:00,19.4862,1,5.8972,1,36.8972,1
2024-04-28 04:00:00,19.4854,1,5.8971,1,36.8971,1
2024-04-28 04:30:00,19.4846,1,5.8969,1,36.8969,1
2024-04-28 05:00:00,19.4838,1,5.8968,1,36.8968,1
2024-04-28 05:30:00,19.4830,1,5.8966,1,36.8966,1
2024-04-28 06:00:00,19.4822,1,5.8964,1,36.8964,1
2024-04-28 06:30:00,19.4815,1,5.8963,1,36.8963,1
2024-04-28 07:00:00,19.4807,1,5.8961,1,36.8961,1
2024-04-28 07:30:00,19.4799,1,5.8960,1,36.8960,1
2024-04-28 08:00:00,19.4791,1,5.8958,1,36.8958,1
2024-04-28 08:30:00,19.4783,1,5.8957,1,36.8957,1
2024-04-28 09:00:00,19.4775,1,5.8955,1,36.8955,1
2024-04-28 09:30:00,19.4767,1,5.8953,1,36.8953,1
2024-04-28 10:00:00,19.4759,1,5.8952,1,36.8952,1
2024-04-28 10:30:00,19.4751,1,5.8950,1,36.8950,1
2024-04-28 11:00:00,19.4743,1,5.8949,1,36.8949,1
2024-04-28 11:30:00,19.4735,1,5.8947,1,36.8947,1
2024-04-28 12:00:00,19.4727,1,5.8945,1,36.8945,1
2024-04-28 12:30:00,19.4719,1,5.8944,1,36.8944,1
2024-04-28 13:00:00,19.4711,1,5.8942,1,36.8942,1
2024-04-28 13:30:00,19.4703,1,5.8941,1,36.8941,1
2024-04-28 14:00:00,19.4695,1,5.8939,1,36.8939,1
2024-04-28 14:30:00,19.4687,1,5.8937,1,36.8937,1
2024-04-28 15:00:00,19.4679,1,5.8936,1,36.8936,1
2024-04-28 15:30:00,19.4671,1,5.8934,1,36.8934,1
2024-04-28 16:00:00,19.4663,1,5.8933,1,36.8933,1
2024-04-28 16:30:00,19.4655,1,5.8931,1,36.8931,1
2024-04-28 17:00:00,19.4647,1,5.8929,1,36.8929,1
2024-04-28 17:30:00,19.4639,1,5.8928,1,36.8928,1
2024-04-28 18:00:00,19.4631,1,5.8926,1,36.8926,1
2024-04-28 18:30:00,19.4623,1,5.8925,1,36.8925,1
2024-04-28 19:00:00,19.4614,1,5.8923,1,36.8923,1
2024-04-28 19:30:00,19.4606,1,5.8921,1,36.8921,1
2024-04-28 20:00:00,19.4598,1,5.8920,1,36.8920,1
2024-04-28 20:30:00,19.4590,1,5.8918,1,36.8918,1
2024-04-28 21:00:00,19.4582,1,5.8916,1,36.8916,1
2024-04-28 21:30:00,19.4574,1,5.8915,1,36.8915,1
2024-04-28 22:00:00,19.4566,1,5.8913,1,36.8913,1
2024-04-28 22:30:00,19.4558,1,5.8912,1,36.8912,1
2024-04-28 23:00:00,19.4550,1,5.8910,1,36.8910,1
2024-04-28 23:30:00,19.4542,1,5.8908,1,36.8908,1
2024-04-29 00:00:00,19.4533,1,5.8907,1,36.8907,1
2024-04-29 00:30:00,19.4525,1,5.8905,1,36.8905,1
2024-04-29 01:00:00,19.4517,1,5.8903,1,36.8903,1
2024-04-29 01:30:00,19.4509,1,5.8902,1,36.8902,1
2024-04-29 02:00:00,19.4501,1,5.8900,1,36.8900,1
2024-04-29 02:30:00,19.4493,1,5.8899,1,36.8899,1
2024-04-29 03:00:00,19.4485,1,5.8897,1,36.8897,1
2024-04-29 03:30:00,19.4476,1,5.8895,1,36.8895,1
2024-04-29 04:00:00,19.4468,1,5.8894,1,36.8894,1
2024-04-29 04:30:00,19.4460,1,5.8892,1,36.8892,1
2024-04-29 05:00:00,19.4452,1,5.8890,1,36.8890,1
2024-04-29 05:30:00,19.4444,1,5.8889,1,36.8889,1
2024-04-29 06:00:00,19.4436,1,5.8887,1,36.8887,1
2024-04-29 06:30:00,19.4427,1,5.8885,1,36.8885,1
2024-04-29 07:00:00,19.4419,1,5.8884,1,36.8884,1
2024-04-29 07:30:00,19.4411,1,5.8882,1,36.8882,1
2024-04-29 08:00:00,19.4403,1,5.8881,1,36.8881,1
2024-04-29 08:30:00,19.4394,1,5.8879,1,36.8879,1
2024-04-29 09:00:00,19.4386,1,5.8877,1,36.8877,1
2024-04-29 09:30:00,19.4378,1,5.8876,1,36.8876,1
2024-04-29 10:00:00,19.4370,1,5.8874,1,36.8874,1
2024-04-29 10:30:00,19.4361,1,5.8872,1,36.8872,1
2024-04-29 11:00:00,19.4353,1,5.8871,1,36.8871,1
2024-04-29 11:30:00,19.4345,1,5.8869,1,36.8869,1
2024-04-29 12:00:00,19.4337,1,5.8867,1,36.8867,1
2024-04-29 12:30:00,19.4328,1,5.8866,1,36.8866,1
2024-04-29 13:00:00,19.4320,1,5.8864,1,36.8864,1
2024-04-29 13:30:00,19.4312,1,5.8862,1,36.8862,1
2024-04-29 14:00:00,19.4304,1,5.8861,1,36.8861,1
2024-04-29 14:30:00,19.4295,1,5.8859,1,36.8859,1
2024-04-29 15:00:00,19.4287,1,5.8857,1,36.8857,1
2024-04-29 15:30:00,19.4279,1,5.8856,1,36.8856,1
2024-04-29 16:00:00,19.4270,1,5.8854,1,36.8854,1
2024-04-29 16:30:00,19.4262,1,5.8852,1,36.8852,1
2024-04-29 17:00:00,19.4254,1,5.8851,1,36.8851,1
2024-04-29 17:30:00,19.4245,1,5.8849,1,36.8849,1
2024-04-29 18:00:00,19.4237,1,5.8847,1,36.8847,1
2024-04-29 18:30:00,19.4229,1,5.8846,1,36.8846,1
2024-04-29 19:00:00,19.4220,1,5.8844,1,36.8844,1
2024-04-29 19:30:00,19.4212,1,5.8842,1,36.8842,1
2024-04-29 20:00:00,19.4204,1,5.8841,1,36.8841,1
2024-04-29 20:30:00,19.4195,1,5.8839,1,36.8839,1
2024-04-29 21:00:00,19.4187,1,5.8837,1,36.8837,1
2024-04-29 21:30:00,19.4179,1,5.8836,1,36.8836,1
2024-04-29 22:00:00,19.4170,1,5.8834,1,36.8834,1
2024-04-29 22:30:00,19.4162,1,5.8832,1,36.8832,1
2024-04-29 23:00:00,19.4153,1,5.8831,1,36.8831,1
2024-04-29 23:30:00,19.4145,1,5.8829,1,36.8829,1
2024-04-30 00:00:00,19.4137,1,5.8827,1,36.8827,1
2024-04-30 00:30:00,19.4128,1,5.8826,1,36.8826,1
2024-04-30 01:00:00,19.4120,1,5.8824,1,36.8824,1
2024-04-30 01:30:00,19.4111,1,5.8822,1,36.8822,1
2024-04-30 02:00:00,19.4103,1,5.8821,1,36.8821,1
2024-04-30 02:30:00,19.4095,1,5.8819,1,36.8819,1
2024-04-30 03:00:00,19.4086,1,5.8817,1,36.8817,1
2024-04-30 03:30:00,19.4078,1,5.8816,1,36.8816,1
2024-04-30 04:00:00,19.4069,1,5.8814,1,36.8814,1
2024-04-30 04:30:00,19.4061,1,5.8812,1,36.8812,1
2024-04-30 05:00:00,19.4052,1,5.8810,1,36.8810,1
2024-04-30 05:30:00,19.4044,1,5.8809,1,36.8809,1
2024-04-30 06:00:00,19.4035,1,5.8807,1,36.8807,1
2024-04-30 06:30:00,19.4027,1,5.8805,1,36.8805,1
2024-04-30 07:00:00,19.4019,1,5.8804,1,36.8804,1
2024-04-30 07:30:00,19.4010,1,5.8802,1,36.8802,1
2024-04-30 08:00:00,19.4002,1,5.8800,1,36.8800,1
2024-04-30 08:30:00,19.3993,1,5.8799,1,36.8799,1
2024-04-30 09:00:00,19.3985,1,5.8797,1,36.8797,1
2024-04-30 09:30:00,19.3976,1,5.8795,1,36.8795,1
2024-04-30 10:00:00,19.3968,1,5.8794,1,36.8794,1
2024-04-30 10:30:00,19.3959,1,5.8792,1,36.8792,1
2024-04-30 11:00:00,19.3950,1,5.8790,1,36.8790,1
2024-04-30 11:30:00,19.3942,1,5.8788,1,36.8788,1
2024-04-30 12:00:00,19.3933,1,5.8787,1,36.8787,1
2024-04-30 12:30:00,19.3925,1,5.8785,1,36.8785,1
2024-04-30 13:00:00,19.3916,1,5.8783,1,36.8783,1
2024-04-30 13:30:00,19.3908,1,5.8782,1,36.8782,1
2024-04-30 14:00:00,19.3899,1,5.8780,1,36.8780,1
2024-04-30 14:30:00,19.3891,1,5.8778,1,36.8778,1
2024-04-30 15:00:00,19.3882,1,5.8776,1,36.8776,1
2024-04-30 15:30:00,19.3874,1,5.8775,1,36.8775,1
2024-04-30 16:00:00,19.3865,1,5.8773,1,36.8773,1
2024-04-30 16:30:00,19.3856,1,5.8771,1,36.8771,1
2024-04-30 17:00:00,19.3848,1,5.8770,1,36.8770,1
2024-04-30 17:30:00,19.3839,1,5.8768,1,36.8768,1
2024-04-30 18:00:00,19.3831,1,5.8766,1,36.8766,1
2024-04-30 18:30:00,19.3822,1,5.8764,1,36.8764,1
2024-04-30 19:00:00,19.3813,1,5.8763,1,36.8763,1
2024-04-30 19:30:00,19.3805,1,5.8761,1,36.8761,1
2024-04-30 20:00:00,19.3796,1,5.8759,1,36.8759,1
2024-04-30 20:30:00,19.3787,1,5.8757,1,36.8757,1
2024-04-30 21:00:00,19.3779,1,5.8756,1,36.8756,1
2024-04-30 21:30:00,19.3770,1,5.8754,1,36.8754,1
2024-04-30 22:00:00,19.3762,1,5.8752,1,36.8752,1
2024-04-30 22:30:00,19.3753,1,5.8751,1,36.8751,1
2024-04-30 23:00:00,19.3744,1,5.8749,1,36.8749,1
2024-04-30 23:30:00,19.3736,1,5.8747,1,36.8747,1
2024-05-01 00:00:00,19.3727,1,5.8745,1,36.8745,1
2024-05-01 00:30:00,19.3718,1,5.8744,1,36.8744,1
2024-05-01 01:00:00,19.3710,1,5.8742,1,36.8742,1
2024-05-01 01:30:00,19.3701,1,5.8740,1,36.8740,1
2024-05-01 02:00:00,19.3692,1,5.8738,1,36.8738,1
2024-05-01 02:30:00,19.3683,1,5.8737,1,36.8737,1
2024-05-01 03:00:00,19.3675,1,5.8735,1,36.8735,1
2024-05-01 03:30:00,19.3666,1,5.8733,1,36.8733,1
2024-05-01 04:00:00,19.3657,1,5.8731,1,36.8731,1
2024-05-01 04:30:00,19.3649,1,5.8730,1,36.8730,1
2024-05-01 05:00:00,19.3640,1,5.8728,1,36.8728,1
2024-05-01 05:30:00,19.3631,1,5.8726,1,36.8726,1
2024-05-01 06:00:00,19.3622,1,5.8724,1,36.8724,1
2024-05-01 06:30:00,19.3614,1,5.8723,1,36.8723,1
2024-05-01 07:00:00,19.3605,1,5.8721,1,36.8721,1
2024-05-01 07:30:00,19.3596,1,5.8719,1,36.8719,1
2024-05-01 08:00:00,19.3587,1,5.8717,1,36.8717,1
2024-05-01 08:30:00,19.3579,1,5.8716,1,36.8716,1
2024-05-01 09:00:00,19.3570,1,5.8714,1,36.8714,1
2024-05-01 09:30:00,19.3561,1,5.8712,1,36.8712,1
2024-05-01 10:00:00,19.3552,1,5.8710,1,36.8710,1
2024-05-01 10:30:00,19.3544,1,5.8709,1,36.8709,1
2024-05-01 11:00:00,19.3535,1,5.8707,1,36.8707,1
2024-05-01 11:30:00,19.3526,1,5.8705,1,36.8705,1
2024-05-01 12:00:00,19.3517,1,5.8703,1,36.8703,1
2024-05-01 12:30:00,19.3508,1,5.8702,1,36.8702,1
2024-05-01 13:00:00,19.3500,1,5.8700,1,36.8700,1
2024-05-01 13:30:00,19.3491,1,5.8698,1,36.8698,1
2024-05-01 14:00:00,19.3482,1,5.8696,1,36.8696,1
2024-05-01 14:30:00,19.3473,1,5.8695,1,36.8695,1
2024-05-01 15:00:00,19.3464,1,5.8693,1,36.8693,1
2024-05-01 15:30:00,19.3455,1,5.8691,1,36.8691,1
2024-05-01 16:00:00,19.3447,1,5.8689,1,36.8689,1
2024-05-01 16:30:00,19.3438,1,5.8688,1,36.8688,1
2024-05-01 17:00:00,19.3429,1,5.8686,1,36.8686,1
2024-05-01 17:30:00,19.3420,1,5.8684,1,36.8684,1
2024-05-01 18:00:00,19.3411,1,5.8682,1,36.8682,1
2024-05-01 18:30:00,19.3402,1,5.8680,1,36.8680,1
2024-05-01 19:00:00,19.3393,1,5.8679,1,36.8679,1
2024-05-01 19:30:00,19.3384,1,5.8677,1,36.8677,1
2024-05-01 20:00:00,19.3376,1,5.8675,1,36.8675,1
2024-05-01 20:30:00,19.3367,1,5.8673,1,36.8673,1
2024-05-01 21:00:00,19.3358,1,5.8672,1,36.8672,1
2024-05-01 21:30:00,19.3349,1,5.8670,1,36.8670,1
2024-05-01 22:00:00,19.3340,1,5.8668,1,36.8668,1
2024-05-01 22:30:00,19.3331,1,5.8666,1,36.8666,1
2024-05-01 23:00:00,19.3322,1,5.8664,1,36.8664,1
2024-05-01 23:30:00,19.3313,1,5.8663,1,36.8663,1
2024-05-02 00:00:00,19.3304,1,5.8661,1,36.8661,1
2024-05-02 00:30:00,19.3295,1,5.8659,1,36.8659,1
2024-05-02 01:00:00,19.3286,1,5.8657,1,36.8657,1
2024-05-02 01:30:00,19.3277,1,5.8655,1,36.8655,1
2024-05-02 02:00:00,19.3268,1,5.8654,1,36.8654,1
2024-05-02 02:30:00,19.3259,1,5.8652,1,36.8652,1
2024-05-02 03:00:00,19.3251,1,5.8650,1,36.8650,1
2024-05-02 03:30:00,19.3242,1,5.8648,1,36.8648,1
2024-05-02 04:00:00,19.3233,1,5.8647,1,36.8647,1
2024-05-02 04:30:00,19.3224,1,5.8645,1,36.8645,1
2024-05-02 05:00:00,19.3215,1,5.8643,1,36.8643,1
2024-05-02 05:30:00,19.3206,1,5.8641,1,36.8641,1
2024-05-02 06:00:00,19.3197,1,5.8639,1,36.8639,1
2024-05-02 06:30:00,19.3188,1,5.8638,1,36.8638,1
2024-05-02 07:00:00,19.3179,1,5.8636,1,36.8636,1
2024-05-02 07:30:00,19.3170,1,5.8634,1,36.8634,1
2024-05-02 08:00:00,19.3161,1,5.8632,1,36.8632,1
2024-05-02 08:30:00,19.3151,1,5.8630,1,36.8630,1
2024-05-02 09:00:00,19.3142,1,5.8628,1,36.8628,1
2024-05-02 09:30:00,19.3133,1,5.8627,1,36.8627,1
2024-05-02 10:00:00,19.3124,1,5.8625,1,36.8625,1
2024-05-02 10:30:00,19.3115,1,5.8623,1,36.8623,1
2024-05-02 11:00:00,19.3106,1,5.8621,1,36.8621,1
2024-05-02 11:30:00,19.3097,1,5.8619,1,36.8619,1
2024-05-02 12:00:00,19.3088,1,5.8618,1,36.8618,1
2024-05-02 12:30:00,19.3079,1,5.8616,1,36.8616,1
2024-05-02 13:00:00,19.3070,1,5.8614,1,36.8614,1
2024-05-02 13:30:00,19.3061,1,5.8612,1,36.8612,1
2024-05-02 14:00:00,19.3052,1,5.8610,1,36.8610,1
2024-05-02 14:30:00,19.3043,1,5.8609,1,36.8609,1
2024-05-02 15:00:00,19.3034,1,5.8607,1,36.8607,1
2024-05-02 15:30:00,19.3024,1,5.8605,1,36.8605,1
2024-05-02 16:00:00,19.3015,1,5.8603,1,36.8603,1
2024-05-02 16:30:00,19.3006,1,5.8601,1,36.8601,1
2024-05-02 17:00:00,19.2997,1,5.8599,1,36.8599,1
2024-05-02 17:30:00,19.2988,1,5.8598,1,36.8598,1
2024-05-02 18:00:00,19.2979,1,5.8596,1,36.8596,1
2024-05-02 18:30:00,19.2970,1,5.8594,1,36.8594,1
2024-05-02 19:00:00,19.2961,1,5.8592,1,36.8592,1
2024-05-02 19:30:00,19.2951,1,5.8590,1,36.8590,1
2024-05-02 20:00:00,19.2942,1,5.8588,1,36.8588,1
2024-05-02 20:30:00,19.2933,1,5.8587,1,36.8587,1
2024-05-02 21:00:00,19.2924,1,5.8585,1,36.8585,1
2024-05-02 21:30:00,19.2915,1,5.8583,1,36.8583,1
2024-05-02 22:00:00,19.2906,1,5.8581,1,36.8581,1
2024-05-02 22:30:00,19.2896,1,5.8579,1,36.8579,1
2024-05-02 23:00:00,19.2887,1,5.8577,1,36.8577,1
2024-05-02 23:30:00,19.2878,1,5.8576,1,36.8576,1
2024-05-03 00:00:00,19.2869,1,5.8574,1,36.8574,1
2024-05-03 00:30:00,19.2860,1,5.8572,1,36.8572,1
2024-05-03 01:00:00,19.2850,1,5.8570,1,36.8570,1
2024-05-03 01:30:00,19.2841,1,5.8568,1,36.8568,1
2024-05-03 02:00:00,19.2832,1,5.8566,1,36.8566,1
2024-05-03 02:30:00,19.2823,1,5.8565,1,36.8565,1
2024-05-03 03:00:00,19.2814,1,5.8563,1,36.8563,1
2024-05-03 03:30:00,19.2804,1,5.8561,1,36.8561,1
2024-05-03 04:00:00,19.2795,1,5.8559,1,36.8559,1
2024-05-03 04:30:00,19.2786,1,5.8557,1,36.8557,1
2024-05-03 05:00:00,19.2777,1,5.8555,1,36.8555,1
2024-05-03 05:30:00,19.2767,1,5.8553,1,36.8553,1
2024-05-03 06:00:00,19.2758,1,5.8552,1,36.8552,1
2024-05-03 06:30:00,19.2749,1,5.8550,1,36.8550,1
2024-05-03 07:00:00,19.2739,1,5.8548,1,36.8548,1
2024-05-03 07:30:00,19.2730,1,5.8546,1,36.8546,1
2024-05-03 08:00:00,19.2721,1,5.8544,1,36.8544,1
2024-05-03 08:30:00,19.2712,1,5.8542,1,36.8542,1
2024-05-03 09:00:00,19.2702,1,5.8540,1,36.8540,1
2024-05-03 09:30:00,19.2693,1,5.8539,1,36.8539,1
2024-05-03 10:00:00,19.2684,1,5.8537,1,36.8537,1
2024-05-03 10:30:00,19.2674,1,5.8535,1,36.8535,1
2024-05-03 11:00:00,19.2665,1,5.8533,1,36.8533,1
2024-05-03 11:30:00,19.2656,1,5.8531,1,36.8531,1
2024-05-03 12:00:00,19.2646,1,5.8529,1,36.8529,1
2024-05-03 12:30:00,19.2637,1,5.8527,1,36.8527,1
2024-05-03 13:00:00,19.2628,1,5.8526,1,36.8526,1
2024-05-03 13:30:00,19.2618,1,5.8524,1,36.8524,1
2024-05-03 14:00:00,19.2609,1,5.8522,1,36.8522,1
2024-05-03 14:30:00,19.2600,1,5.8520,1,36.8520,1
2024-05-03 15:00:00,19.2590,1,5.8518,1,36.8518,1
2024-05-03 15:30:00,19.2581,1,5.8516,1,36.8516,1
2024-05-03 16:00:00,19.2572,1,5.8514,1,36.8514,1
2024-05-03 16:30:00,19.2562,1,5.8512,1,36.8512,1
2024-05-03 17:00:00,19.2553,1,5.8511,1,36.8511,1
2024-05-03 17:30:00,19.2543,1,5.8509,1,36.8509,1
2024-05-03 18:00:00,19.2534,1,5.8507,1,36.8507,1
2024-05-03 18:30:00,19.2525,1,5.8505,1,36.8505,1
2024-05-03 19:00:00,19.2515,1,5.8503,1,36.8503,1
2024-05-03 19:30:00,19.2506,1,5.8501,1,36.8501,1
2024-05-03 20:00:00,19.2496,1,5.8499,1,36.8499,1
2024-05-03 20:30:00,19.2487,1,5.8497,1,36.8497,1
2024-05-03 21:00:00,19.2477,1,5.8495,1,36.8495,1
2024-05-03 21:30:00,19.2468,1,5.8494,1,36.8494,1
2024-05-03 22:00:00,19.2459,1,5.8492,1,36.8492,1
2024-05-03 22:30:00,19.2449,1,5.8490,1,36.8490,1
2024-05-03 23:00:00,19.2440,1,5.8488,1,36.8488,1
2024-05-03 23:30:00,19.2430,1,5.8486,1,36.8486,1
2024-05-04 00:00:00,19.2421,1,5.8484,1,36.8484,1
2024-05-04 00:30:00,19.2411,1,5.8482,1,36.8482,1
2024-05-04 01:00:00,19.2402,1,5.8480,1,36.8480,1
2024-05-04 01:30:00,19.2392,1,5.8478,1,36.8478,1
2024-05-04 02:00:00,19.2383,1,5.8477,1,36.8477,1
2024-05-04 02:30:00,19.2373,1,5.8475,1,36.8475,1
2024-05-04 03:00:00,19.2364,1,5.8473,1,36.8473,1
2024-05-04 03:30:00,19.2354,1,5.8471,1,36.8471,1
2024-05-04 04:00:00,19.2345,1,5.8469,1,36.8469,1
2024-05-04 04:30:00,19.2335,1,5.8467,1,36.8467,1
2024-05-04 05:00:00,19.2326,1,5.8465,1,36.8465,1
2024-05-04 05:30:00,19.2316,1,5.8463,1,36.8463,1
2024-05-04 06:00:00,19.2307,1,5.8461,1,36.8461,1
2024-05-04 06:30:00,19.2297,1,5.8459,1,36.8459,1
2024-05-04 07:00:00,19.2288,1,5.8458,1,36.8458,1
2024-05-04 07:30:00,19.2278,1,5.8456,1,36.8456,1
2024-05-04 08:00:00,19.2269,1,5.8454,1,36.8454,1
2024-05-04 08:30:00,19.2259,1,5.8452,1,36.8452,1
2024-05-04 09:00:00,19.2250,1,5.8450,1,36.8450,1
2024-05-04 09:30:00,19.2240,1,5.8448,1,36.8448,1
2024-05-04 10:00:00,19.2230,1,5.8446,1,36.8446,1
2024-05-04 10:30:00,19.2221,1,5.8444,1,36.8444,1
2024-05-04 11:00:00,19.2211,1,5.8442,1,36.8442,1
2024-05-04 11:30:00,19.2202,1,5.8440,1,36.8440,1
2024-05-04 12:00:00,19.2192,1,5.8438,1,36.8438,1
2024-05-04 12:30:00,19.2182,1,5.8436,1,36.8436,1
2024-05-04 13:00:00,19.2173,1,5.8435,1,36.8435,1
2024-05-04 13:30:00,19.2163,1,5.8433,1,36.8433,1
2024-05-04 14:00:00,19.2154,1,5.8431,1,36.8431,1
2024-05-04 14:30:00,19.2144,1,5.8429,1,36.8429,1
2024-05-04 15:00:00,19.2134,1,5.8427,1,36.8427,1
2024-05-04 15:30:00,19.2125,1,5.8425,1,36.8425,1
2024-05-04 16:00:00,19.2115,1,5.8423,1,36.8423,1
2024-05-04 16:30:00,19.2105,1,5.8421,1,36.8421,1
2024-05-04 17:00:00,19.2096,1,5.8419,1,36.8419,1
2024-05-04 17:30:00,19.2086,1,5.8417,1,36.8417,1
2024-05-04 18:00:00,19.2077,1,5.8415,1,36.8415,1
2024-05-04 18:30:00,19.2067,1,5.8413,1,36.8413,1
2024-05-04 19:00:00,19.2057,1,5.8411,1,36.8411,1
2024-05-04 19:30:00,19.2048,1,5.8410,1,36.8410,1
2024-05-04 20:00:00,19.2038,1,5.8408,1,36.8408,1
2024-05-04 20:30:00,19.2028,1,5.8406,1,36.8406,1
2024-05-04 21:00:00,19.2018,1,5.8404,1,36.8404,1
2024-05-04 21:30:00,19.2009,1,5.8402,1,36.8402,1
2024-05-04 22:00:00,19.1999,1,5.8400,1,36.8400,1
2024-05-04 22:30:00,19.1989,1,5.8398,1,36.8398,1
2024-05-04 23:00:00,19.1980,1,5.8396,1,36.8396,1
2024-05-04 23:30:00,19.1970,1,5.8394,1,36.8394,1
2024-05-05 00:00:00,19.1960,1,5.8392,1,36.8392,1
2024-05-05 00:30:00,19.1950,1,5.8390,1,36.8390,1
2024-05-05 01:00:00,19.1941,1,5.8388,1,36.8388,1
2024-05-05 01:30:00,19.1931,1,5.8386,1,36.8386,1
2024-05-05 02:00:00,19.1921,1,5.8384,1,36.8384,1
2024-05-05 02:30:00,19.1912,1,5.8382,1,36.8382,1
2024-05-05 03:00:00,19.1902,1,5.8380,1,36.8380,1
2024-05-05 03:30:00,19.1892,1,5.8378,1,36.8378,1
2024-05-05 04:00:00,19.1882,1,5.8376,1,36.8376,1
2024-05-05 04:30:00,19.1872,1,5.8374,1,36.8374,1
2024-05-05 05:00:00,19.1863,1,5.8373,1,36.8373,1
2024-05-05 05:30:00,19.1853,1,5.8371,1,36.8371,1
2024-05-05 06:00:00,19.1843,1,5.8369,1,36.8369,1
2024-05-05 06:30:00,19.1833,1,5.8367,1,36.8367,1
2024-05-05 07:00:00,19.1824,1,5.8365,1,36.8365,1
2024-05-05 07:30:00,19.1814,1,5.8363,1,36.8363,1
2024-05-05 08:00:00,19.1804,1,5.8361,1,36.8361,1
2024-05-05 08:30:00,19.1794,1,5.8359,1,36.8359,1
2024-05-05 09:00:00,19.1784,1,5.8357,1,36.8357,1
2024-05-05 09:30:00,19.1774,1,5.8355,1,36.8355,1
2024-05-05 10:00:00,19.1765,1,5.8353,1,36.8353,1
2024-05-05 10:30:00,19.1755,1,5.8351,1,36.8351,1
2024-05-05 11:00:00,19.1745,1,5.8349,1,36.8349,1
2024-05-05 11:30:00,19.1735,1,5.8347,1,36.8347,1
2024-05-05 12:00:00,19.1725,1,5.8345,1,36.8345,1
2024-05-05 12:30:00,19.1715,1,5.8343,1,36.8343,1
2024-05-05 13:00:00,19.1706,1,5.8341,1,36.8341,1
2024-05-05 13:30:00,19.1696,1,5.8339,1,36.8339,1
2024-05-05 14:00:00,19.1686,1,5.8337,1,36.8337,1
2024-05-05 14:30:00,19.1676,1,5.8335,1,36.8335,1
2024-05-05 15:00:00,19.1666,1,5.8333,1,36.8333,1
2024-05-05 15:30:00,19.1656,1,5.8331,1,36.8331,1
2024-05-05 16:00:00,19.1646,1,5.8329,1,36.8329,1
2024-05-05 16:30:00,19.1636,1,5.8327,1,36.8327,1
2024-05-05 17:00:00,19.1626,1,5.8325,1,36.8325,1
2024-05-05 17:30:00,19.1617,1,5.8323,1,36.8323,1
2024-05-05 18:00:00,19.1607,1,5.8321,1,36.8321,1
2024-05-05 18:30:00,19.1597,1,5.8319,1,36.8319,1
2024-05-05 19:00:00,19.1587,1,5.8317,1,36.8317,1
2024-05-05 19:30:00,19.1577,1,5.8315,1,36.8315,1
2024-05-05 20:00:00,19.1567,1,5.8313,1,36.8313,1
2024-05-05 20:30:00,19.1557,1,5.8311,1,36.8311,1
2024-05-05 21:00:00,19.1547,1,5.8309,1,36.8309,1
2024-05-05 21:30:00,19.1537,1,5.8307,1,36.8307,1
2024-05-05 22:00:00,19.1527,1,5.8305,1,36.8305,1
2024-05-05 22:30:00,19.1517,1,5.8303,1,36.8303,1
2024-05-05 23:00:00,19.1507,1,5.8301,1,36.8301,1
2024-05-05 23:30:00,19.1497,1,5.8299,1,36.8299,1
2024-05-06 00:00:00,19.1487,1,5.8297,1,36.8297,1
2024-05-06 00:30:00,19.1477,1,5.8295,1,36.8295,1
2024-05-06 01:00:00,19.1467,1,5.8293,1,36.8293,1
2024-05-06 01:30:00,19.1457,1,5.8291,1,36.8291,1
2024-05-06 02:00:00,19.1447,1,5.8289,1,36.8289,1
2024-05-06 02:30:00,19.1437,1,5.8287,1,36.8287,1
2024-05-06 03:00:00,19.1427,1,5.8285,1,36.8285,1
2024-05-06 03:30:00,19.1417,1,5.8283,1,36.8283,1
2024-05-06 04:00:00,19.1407,1,5.8281,1,36.8281,1
2024-05-06 04:30:00,19.1397,1,5.8279,1,36.8279,1
2024-05-06 05:00:00,19.1387,1,5.8277,1,36.8277,1
2024-05-06 05:30:00,19.1377,1,5.8275,1,36.8275,1
2024-05-06 06:00:00,19.1367,1,5.8273,1,36.8273,1
2024-05-06 06:30:00,19.1357,1,5.8271,1,36.8271,1
2024-05-06 07:00:00,19.1347,1,5.8269,1,36.8269,1
2024-05-06 07:30:00,19.1337,1,5.8267,1,36.8267,1
2024-05-06 08:00:00,19.1327,1,5.8265,1,36.8265,1
2024-05-06 08:30:00,19.1317,1,5.8263,1,36.8263,1
2024-05-06 09:00:00,19.1307,1,5.8261,1,36.8261,1
2024-05-06 09:30:00,19.1297,1,5.8259,1,36.8259,1
2024-05-06 10:00:00,19.1287,1,5.8257,1,36.8257,1
2024-05-06 10:30:00,19.1277,1,5.8255,1,36.8255,1
2024-05-06 11:00:00,19.1266,1,5.8253,1,36.8253,1
2024-05-06 11:30:00,19.1256,1,5.8251,1,36.8251,1
2024-05-06 12:00:00,19.1246,1,5.8249,1,36.8249,1
2024-05-06 12:30:00,19.1236,1,5.8247,1,36.8247,1
2024-05-06 13:00:00,19.1226,1,5.8245,1,36.8245,1
2024-05-06 13:30:00,19.1216,1,5.8243,1,36.8243,1
2024-05-06 14:00:00,19.1206,1,5.8241,1,36.8241,1
2024-05-06 14:30:00,19.1196,1,5.8239,1,36.8239,1
2024-05-06 15:00:00,19.1185,1,5.8237,1,36.8237,1
2024-05-06 15:30:00,19.1175,1,5.8235,1,36.8235,1
2024-05-06 16:00:00,19.1165,1,5.8233,1,36.8233,1
2024-05-06 16:30:00,19.1155,1,5.8231,1,36.8231,1
2024-05-06 17:00:00,19.1145,1,5.8229,1,36.8229,1
2024-05-06 17:30:00,19.1135,1,5.8227,1,36.8227,1
2024-05-06 18:00:00,19.1125,1,5.8225,1,36.8225,1
2024-05-06 18:30:00,19.1114,1,5.8223,1,36.8223,1
2024-05-06 19:00:00,19.1104,1,5.8221,1,36.8221,1
2024-05-06 19:30:00,19.1094,1,5.8219,1,36.8219,1
2024-05-06 20:00:00,19.1084,1,5.8217,1,36.8217,1
2024-05-06 20:30:00,19.1074,1,5.8215,1,36.8215,1
2024-05-06 21:00:00,19.1063,1,5.8213,1,36.8213,1
2024-05-06 21:30:00,19.1053,1,5.8211,1,36.8211,1
2024-05-06 22:00:00,19.1043,1,5.8209,1,36.8209,1
2024-05-06 22:30:00,19.1033,1,5.8207,1,36.8207,1
2024-05-06 23:00:00,19.1023,1,5.8205,1,36.8205,1
2024-05-06 23:30:00,19.1012,1,5.8202,1,36.8202,1
2024-05-07 00:00:00,19.1002,1,5.8200,1,36.8200,1
2024-05-07 00:30:00,19.0992,1,5.8198,1,36.8198,1
2024-05-07 01:00:00,19.0982,1,5.8196,1,36.8196,1
2024-05-07 01:30:00,19.0971,1,5.8194,1,36.8194,1
2024-05-07 02:00:00,19.0961,1,5.8192,1,36.8192,1
2024-05-07 02:30:00,19.0951,1,5.8190,1,36.8190,1
2024-05-07 03:00:00,19.0941,1,5.8188,1,36.8188,1
2024-05-07 03:30:00,19.0930,1,5.8186,1,36.8186,1
2024-05-07 04:00:00,19.0920,1,5.8184,1,36.8184,1
2024-05-07 04:30:00,19.0910,1,5.8182,1,36.8182,1
2024-05-07 05:00:00,19.0900,1,5.8180,1,36.8180,1
2024-05-07 05:30:00,19.0889,1,5.8178,1,36.8178,1
2024-05-07 06:00:00,19.0879,1,5.8176,1,36.8176,1
2024-05-07 06:30:00,19.0869,1,5.8174,1,36.8174,1
2024-05-07 07:00:00,19.0858,1,5.8172,1,36.8172,1
2024-05-07 07:30:00,19.0848,1,5.8170,1,36.8170,1
2024-05-07 08:00:00,19.0838,1,5.8168,1,36.8168,1
2024-05-07 08:30:00,19.0827,1,5.8165,1,36.8165,1
2024-05-07 09:00:00,19.0817,1,5.8163,1,36.8163,1
2024-05-07 09:30:00,19.0807,1,5.8161,1,36.8161,1
2024-05-07 10:00:00,19.0796,1,5.8159,1,36.8159,1
2024-05-07 10:30:00,19.0786,1,5.8157,1,36.8157,1
2024-05-07 11:00:00,19.0776,1,5.8155,1,36.8155,1
2024-05-07 11:30:00,19.0765,1,5.8153,1,36.8153,1
2024-05-07 12:00:00,19.0755,1,5.8151,1,36.8151,1
2024-05-07 12:30:00,19.0745,1,5.8149,1,36.8149,1
2024-05-07 13:00:00,19.0734,1,5.8147,1,36.8147,1
2024-05-07 13:30:00,19.0724,1,5.8145,1,36.8145,1
2024-05-07 14:00:00,19.0714,1,5.8143,1,36.8143,1
2024-05-07 14:30:00,19.0703,1,5.8141,1,36.8141,1
2024-05-07 15:00:00,19.0693,1,5.8139,1,36.8139,1
2024-05-07 15:30:00,19.0682,1,5.8136,1,36.8136,1
2024-05-07 16:00:00,19.0672,1,5.8134,1,36.8134,1
2024-05-07 16:30:00,19.0662,1,5.8132,1,36.8132,1
2024-05-07 17:00:00,19.0651,1,5.8130,1,36.8130,1
2024-05-07 17:30:00,19.0641,1,5.8128,1,36.8128,1
2024-05-07 18:00:00,19.0630,1,5.8126,1,36.8126,1
2024-05-07 18:30:00,19.0620,1,5.8124,1,36.8124,1
2024-05-07 19:00:00,19.0609,1,5.8122,1,36.8122,1
2024-05-07 19:30:00,19.0599,1,5.8120,1,36.8120,1
2024-05-07 20:00:00,19.0589,1,5.8118,1,36.8118,1
2024-05-07 20:30:00,19.0578,1,5.8116,1,36.8116,1
2024-05-07 21:00:00,19.0568,1,5.8114,1,36.8114,1
2024-05-07 21:30:00,19.0557,1,5.8111,1,36.8111,1
2024-05-07 22:00:00,19.0547,1,5.8109,1,36.8109,1
2024-05-07 22:30:00,19.0536,1,5.8107,1,36.8107,1
2024-05-07 23:00:00,19.0526,1,5.8105,1,36.8105,1
2024-05-07 23:30:00,19.0515,1,5.8103,1,36.8103,1
2024-05-08 00:00:00,19.0505,1,5.8101,1,36.8101,1
2024-05-08 00:30:00,19.0494,1,5.8099,1,36.8099,1
2024-05-08 01:00:00,19.0484,1,5.8097,1,36.8097,1
2024-05-08 01:30:00,19.0473,1,5.8095,1,36.8095,1
2024-05-08 02:00:00,19.0463,1,5.8093,1,36.8093,1
2024-05-08 02:30:00,19.0452,1,5.8090,1,36.8090,1
2024-05-08 03:00:00,19.0442,1,5.8088,1,36.8088,1
2024-05-08 03:30:00,19.0431,1,5.8086,1,36.8086,1
2024-05-08 04:00:00,19.0421,1,5.8084,1,36.8084,1
2024-05-08 04:30:00,19.0410,1,5.8082,1,36.8082,1
2024-05-08 05:00:00,19.0400,1,5.8080,1,36.8080,1
2024-05-08 05:30:00,19.0389,1,5.8078,1,36.8078,1
2024-05-08 06:00:00,19.0379,1,5.8076,1,36.8076,1
2024-05-08 06:30:00,19.0368,1,5.8074,1,36.8074,1
2024-05-08 07:00:00,19.0358,1,5.8072,1,36.8072,1
2024-05-08 07:30:00,19.0347,1,5.8069,1,36.8069,1
2024-05-08 08:00:00,19.0337,1,5.8067,1,36.8067,1
2024-05-08 08:30:00,19.0326,1,5.8065,1,36.8065,1
2024-05-08 09:00:00,19.0315,1,5.8063,1,36.8063,1
2024-05-08 09:30:00,19.0305,1,5.8061,1,36.8061,1
2024-05-08 10:00:00,19.0294,1,5.8059,1,36.8059,1
2024-05-08 10:30:00,19.0284,1,5.8057,1,36.8057,1
2024-05-08 11:00:00,19.0273,1,5.8055,1,36.8055,1
2024-05-08 11:30:00,19.0262,1,5.8052,1,36.8052,1
2024-05-08 12:00:00,19.0252,1,5.8050,1,36.8050,1
2024-05-08 12:30:00,19.0241,1,5.8048,1,36.8048,1
2024-05-08 13:00:00,19.0231,1,5.8046,1,36.8046,1
2024-05-08 13:30:00,19.0220,1,5.8044,1,36.8044,1
2024-05-08 14:00:00,19.0209,1,5.8042,1,36.8042,1
2024-05-08 14:30:00,19.0199,1,5.8040,1,36.8040,1
2024-05-08 15:00:00,19.0188,1,5.8038,1,36.8038,1
2024-05-08 15:30:00,19.0177,1,5.8035,1,36.8035,1
2024-05-08 16:00:00,19.0167,1,5.8033,1,36.8033,1
2024-05-08 16:30:00,19.0156,1,5.8031,1,36.8031,1
2024-05-08 17:00:00,19.0145,1,5.8029,1,36.8029,1
2024-05-08 17:30:00,19.0135,1,5.8027,1,36.8027,1
2024-05-08 18:00:00,19.0124,1,5.8025,1,36.8025,1
2024-05-08 18:30:00,19.0113,1,5.8023,1,36.8023,1
2024-05-08 19:00:00,19.0103,1,5.8021,1,36.8021,1
2024-05-08 19:30:00,19.0092,1,5.8018,1,36.8018,1
2024-05-08 20:00:00,19.0081,1,5.8016,1,36.8016,1
2024-05-08 20:30:00,19.0071,1,5.8014,1,36.8014,1
2024-05-08 21:00:00,19.0060,1,5.8012,1,36.8012,1
2024-05-08 21:30:00,19.0049,1,5.8010,1,36.8010,1
2024-05-08 22:00:00,19.0039,1,5.8008,1,36.8008,1
2024-05-08 22:30:00,19.0028,1,5.8006,1,36.8006,1
2024-05-08 23:00:00,19.0017,1,5.8003,1,36.8003,1
2024-05-08 23:30:00,19.0006,1,5.8001,1,36.8001,1
2024-05-09 00:00:00,18.9996,1,5.7999,1,36.7999,1
2024-05-09 00:30:00,18.9985,1,5.7997,1,36.7997,1
2024-05-09 01:00:00,18.9974,1,5.7995,1,36.7995,1
2024-05-09 01:30:00,18.9964,1,5.7993,1,36.7993,1
2024-05-09 02:00:00,18.9953,1,5.7991,1,36.7991,1
2024-05-09 02:30:00,18.9942,1,5.7988,1,36.7988,1
2024-05-09 03:00:00,18.9931,1,5.7986,1,36.7986,1
2024-05-09 03:30:00,18.9921,1,5.7984,1,36.7984,1
2024-05-09 04:00:00,18.9910,1,5.7982,1,36.7982,1
2024-05-09 04:30:00,18.9899,1,5.7980,1,36.7980,1
2024-05-09 05:00:00,18.9888,1,5.7978,1,36.7978,1
2024-05-09 05:30:00,18.9877,1,5.7975,1,36.7975,1
2024-05-09 06:00:00,18.9867,1,5.7973,1,36.7973,1
2024-05-09 06:30:00,18.9856,1,5.7971,1,36.7971,1
2024-05-09 07:00:00,18.9845,1,5.7969,1,36.7969,1
2024-05-09 07:30:00,18.9834,1,5.7967,1,36.7967,1
2024-05-09 08:00:00,18.9823,1,5.7965,1,36.7965,1
2024-05-09 08:30:00,18.9813,1,5.7963,1,36.7963,1
2024-05-09 09:00:00,18.9802,1,5.7960,1,36.7960,1
2024-05-09 09:30:00,18.9791,1,5.7958,1,36.7958,1
2024-05-09 10:00:00,18.9780,1,5.7956,1,36.7956,1
2024-05-09 10:30:00,18.9769,1,5.7954,1,36.7954,1
2024-05-09 11:00:00,18.9758,1,5.7952,1,36.7952,1
2024-05-09 11:30:00,18.9748,1,5.7950,1,36.7950,1
2024-05-09 12:00:00,18.9737,1,5.7947,1,36.7947,1
2024-05-09 12:30:00,18.9726,1,5.7945,1,36.7945,1
2024-05-09 13:00:00,18.9715,1,5.7943,1,36.7943,1
2024-05-09 13:30:00,18.9704,1,5.7941,1,36.7941,1
2024-05-09 14:00:00,18.9693,1,5.7939,1,36.7939,1
2024-05-09 14:30:00,18.9682,1,5.7936,1,36.7936,1
2024-05-09 15:00:00,18.9672,1,5.7934,1,36.7934,1
2024-05-09 15:30:00,18.9661,1,5.7932,1,36.7932,1
2024-05-09 16:00:00,18.9650,1,5.7930,1,36.7930,1
2024-05-09 16:30:00,18.9639,1,5.7928,1,36.7928,1
2024-05-09 17:00:00,18.9628,1,5.7926,1,36.7926,1
2024-05-09 17:30:00,18.9617,1,5.7923,1,36.7923,1
2024-05-09 18:00:00,18.9606,1,5.7921,1,36.7921,1
2024-05-09 18:30:00,18.9595,1,5.7919,1,36.7919,1
2024-05-09 19:00:00,18.9584,1,5.7917,1,36.7917,1
2024-05-09 19:30:00,18.9573,1,5.7915,1,36.7915,1
2024-05-09 20:00:00,18.9562,1,5.7912,1,36.7912,1
2024-05-09 20:30:00,18.9551,1,5.7910,1,36.7910,1
2024-05-09 21:00:00,18.9541,1,5.7908,1,36.7908,1
2024-05-09 21:30:00,18.9530,1,5.7906,1,36.7906,1
2024-05-09 22:00:00,18.9519,1,5.7904,1,36.7904,1
2024-05-09 22:30:00,18.9508,1,5.7902,1,36.7902,1
2024-05-09 23:00:00,18.9497,1,5.7899,1,36.7899,1
2024-05-09 23:30:00,18.9486,1,5.7897,1,36.7897,1
2024-05-10 00:00:00,18.9475,1,5.7895,1,36.7895,1
2024-05-10 00:30:00,18.9464,1,5.7893,1,36.7893,1
2024-05-10 01:00:00,18.9453,1,5.7891,1,36.7891,1
2024-05-10 01:30:00,18.9442,1,5.7888,1,36.7888,1
2024-05-10 02:00:00,18.9431,1,5.7886,1,36.7886,1
2024-05-10 02:30:00,18.9420,1,5.7884,1,36.7884,1
2024-05-10 03:00:00,18.9409,1,5.7882,1,36.7882,1
2024-05-10 03:30:00,18.9398,1,5.7880,1,36.7880,1
2024-05-10 04:00:00,18.9387,1,5.7877,1,36.7877,1
2024-05-10 04:30:00,18.9376,1,5.7875,1,36.7875,1
2024-05-10 05:00:00,18.9365,1,5.7873,1,36.7873,1
2024-05-10 05:30:00,18.9354,1,5.7871,1,36.7871,1
2024-05-10 06:00:00,18.9343,1,5.7869,1,36.7869,1
2024-05-10 06:30:00,18.9332,1,5.7866,1,36.7866,1
2024-05-10 07:00:00,18.9321,1,5.7864,1,36.7864,1
2024-05-10 07:30:00,18.9310,1,5.7862,1,36.7862,1
2024-05-10 08:00:00,18.9299,1,5.7860,1,36.7860,1
2024-05-10 08:30:00,18.9287,1,5.7857,1,36.7857,1
2024-05-10 09:00:00,18.9276,1,5.7855,1,36.7855,1
2024-05-10 09:30:00,18.9265,1,5.7853,1,36.7853,1
2024-05-10 10:00:00,18.9254,1,5.7851,1,36.7851,1
2024-05-10 10:30:00,18.9243,1,5.7849,1,36.7849,1
2024-05-10 11:00:00,18.9232,1,5.7846,1,36.7846,1
2024-05-10 11:30:00,18.9221,1,5.7844,1,36.7844,1
2024-05-10 12:00:00,18.9210,1,5.7842,1,36.7842,1
2024-05-10 12:30:00,18.9199,1,5.7840,1,36.7840,1
2024-05-10 13:00:00,18.9188,1,5.7838,1,36.7838,1
2024-05-10 13:30:00,18.9177,1,5.7835,1,36.7835,1
2024-05-10 14:00:00,18.9166,1,5.7833,1,36.7833,1
2024-05-10 14:30:00,18.9154,1,5.7831,1,36.7831,1
2024-05-10 15:00:00,18.9143,1,5.7829,1,36.7829,1
2024-05-10 15:30:00,18.9132,1,5.7826,1,36.7826,1
2024-05-10 16:00:00,18.9121,1,5.7824,1,36.7824,1
2024-05-10 16:30:00,18.9110,1,5.7822,1,36.7822,1
2024-05-10 17:00:00,18.9099,1,5.7820,1,36.7820,1
2024-05-10 17:30:00,18.9088,1,5.7818,1,36.7818,1
2024-05-10 18:00:00,18.9076,1,5.7815,1,36.7815,1
2024-05-10 18:30:00,18.9065,1,5.7813,1,36.7813,1
2024-05-10 19:00:00,18.9054,1,5.7811,1,36.7811,1
2024-05-10 19:30:00,18.9043,1,5.7809,1,36.7809,1
2024-05-10 20:00:00,18.9032,1,5.7806,1,36.7806,1
2024-05-10 20:30:00,18.9021,1,5.7804,1,36.7804,1
2024-05-10 21:00:00,18.9009,1,5.7802,1,36.7802,1
2024-05-10 21:30:00,18.8998,1,5.7800,1,36.7800,1
2024-05-10 22:00:00,18.8987,1,5.7797,1,36.7797,1
2024-05-10 22:30:00,18.8976,1,5.7795,1,36.7795,1
2024-05-10 23:00:00,18.8965,1,5.7793,1,36.7793,1
2024-05-10 23:30:00,18.8953,1,5.7791,1,36.7791,1
2024-05-11 00:00:00,18.8942,1,5.7788,1,36.7788,1
2024-05-11 00:30:00,18.8931,1,5.7786,1,36.7786,1
2024-05-11 01:00:00,18.8920,1,5.7784,1,36.7784,1
2024-05-11 01:30:00,18.8909,1,5.7782,1,36.7782,1
2024-05-11 02:00:00,18.8897,1,5.7779,1,36.7779,1
2024-05-11 02:30:00,18.8886,1,5.7777,1,36.7777,1
2024-05-11 03:00:00,18.8875,1,5.7775,1,36.7775,1
2024-05-11 03:30:00,18.8864,1,5.7773,1,36.7773,1
2024-05-11 04:00:00,18.8852,1,5.7770,1,36.7770,1
2024-05-11 04:30:00,18.8841,1,5.7768,1,36.7768,1
2024-05-11 05:00:00,18.8830,1,5.7766,1,36.7766,1
2024-05-11 05:30:00,18.8819,1,5.7764,1,36.7764,1
2024-05-11 06:00:00,18.8807,1,5.7761,1,36.7761,1
2024-05-11 06:30:00,18.8796,1,5.7759,1,36.7759,1
2024-05-11 07:00:00,18.8785,1,5.7757,1,36.7757,1
2024-05-11 07:30:00,18.8773,1,5.7755,1,36.7755,1
2024-05-11 08:00:00,18.8762,1,5.7752,1,36.7752,1
2024-05-11 08:30:00,18.8751,1,5.7750,1,36.7750,1
2024-05-11 09:00:00,18.8740,1,5.7748,1,36.7748,1
2024-05-11 09:30:00,18.8728,1,5.7746,1,36.7746,1
2024-05-11 10:00:00,18.8717,1,5.7743,1,36.7743,1
2024-05-11 10:30:00,18.8706,1,5.7741,1,36.7741,1
2024-05-11 11:00:00,18.8694,1,5.7739,1,36.7739,1
2024-05-11 11:30:00,18.8683,1,5.7737,1,36.7737,1
2024-05-11 12:00:00,18.8672,1,5.7734,1,36.7734,1
2024-05-11 12:30:00,18.8660,1,5.7732,1,36.7732,1
2024-05-11 13:00:00,18.8649,1,5.7730,1,36.7730,1
2024-05-11 13:30:00,18.8638,1,5.7728,1,36.7728,1
2024-05-11 14:00:00,18.8626,1,5.7725,1,36.7725,1
2024-05-11 14:30:00,18.8615,1,5.7723,1,36.7723,1
2024-05-11 15:00:00,18.8604,1,5.7721,1,36.7721,1
2024-05-11 15:30:00,18.8592,1,5.7718,1,36.7718,1
2024-05-11 16:00:00,18.8581,1,5.7716,1,36.7716,1
2024-05-11 16:30:00,18.8569,1,5.7714,1,36.7714,1
2024-05-11 17:00:00,18.8558,1,5.7712,1,36.7712,1
2024-05-11 17:30:00,18.8547,1,5.7709,1,36.7709,1
2024-05-11 18:00:00,18.8535,1,5.7707,1,36.7707,1
2024-05-11 18:30:00,18.8524,1,5.7705,1,36.7705,1
2024-05-11 19:00:00,18.8512,1,5.7702,1,36.7702,1
2024-05-11 19:30:00,18.8501,1,5.7700,1,36.7700,1
2024-05-11 20:00:00,18.8490,1,5.7698,1,36.7698,1
2024-05-11 20:30:00,18.8478,1,5.7696,1,36.7696,1
2024-05-11 21:00:00,18.8467,1,5.7693,1,36.7693,1
2024-05-11 21:30:00,18.8455,1,5.7691,1,36.7691,1
2024-05-11 22:00:00,18.8444,1,5.7689,1,36.7689,1
2024-05-11 22:30:00,18.8432,1,5.7686,1,36.7686,1
2024-05-11 23:00:00,18.8421,1,5.7684,1,36.7684,1
2024-05-11 23:30:00,18.8410,1,5.7682,1,36.7682,1
2024-05-12 00:00:00,18.8398,1,5.7680,1,36.7680,1
2024-05-12 00:30:00,18.8387,1,5.7677,1,36.7677,1
2024-05-12 01:00:00,18.8375,1,5.7675,1,36.7675,1
2024-05-12 01:30:00,18.8364,1,5.7673,1,36.7673,1
2024-05-12 02:00:00,18.8352,1,5.7670,1,36.7670,1
2024-05-12 02:30:00,18.8341,1,5.7668,1,36.7668,1
2024-05-12 03:00:00,18.8329,1,5.7666,1,36.7666,1
2024-05-12 03:30:00,18.8318,1,5.7664,1,36.7664,1
2024-05-12 04:00:00,18.8306,1,5.7661,1,36.7661,1
2024-05-12 04:30:00,18.8295,1,5.7659,1,36.7659,1
2024-05-12 05:00:00,18.8283,1,5.7657,1,36.7657,1
2024-05-12 05:30:00,18.8272,1,5.7654,1,36.7654,1
2024-05-12 06:00:00,18.8260,1,5.7652,1,36.7652,1
2024-05-12 06:30:00,18.8249,1,5.7650,1,36.7650,1
2024-05-12 07:00:00,18.8237,1,5.7647,1,36.7647,1
2024-05-12 07:30:00,18.8226,1,5.7645,1,36.7645,1
2024-05-12 08:00:00,18.8214,1,5.7643,1,36.7643,1
2024-05-12 08:30:00,18.8203,1,5.7641,1,36.7641,1
2024-05-12 09:00:00,18.8191,1,5.7638,1,36.7638,1
2024-05-12 09:30:00,18.8180,1,5.7636,1,36.7636,1
2024-05-12 10:00:00,18.8168,1,5.7634,1,36.7634,1
2024-05-12 10:30:00,18.8157,1,5.7631,1,36.7631,1
2024-05-12 11:00:00,18.8145,1,5.7629,1,36.7629,1
2024-05-12 11:30:00,18.8133,1,5.7627,1,36.7627,1
2024-05-12 12:00:00,18.8122,1,5.7624,1,36.7624,1
2024-05-12 12:30:00,18.8110,1,5.7622,1,36.7622,1
2024-05-12 13:00:00,18.8099,1,5.7620,1,36.7620,1
2024-05-12 13:30:00,18.8087,1,5.7617,1,36.7617,1
2024-05-12 14:00:00,18.8076,1,5.7615,1,36.7615,1
2024-05-12 14:30:00,18.8064,1,5.7613,1,36.7613,1
2024-05-12 15:00:00,18.8052,1,5.7610,1,36.7610,1
2024-05-12 15:30:00,18.8041,1,5.7608,1,36.7608,1
2024-05-12 16:00:00,18.8029,1,5.7606,1,36.7606,1
2024-05-12 16:30:00,18.8018,1,5.7604,1,36.7604,1
2024-05-12 17:00:00,18.8006,1,5.7601,1,36.7601,1
2024-05-12 17:30:00,18.7994,1,5.7599,1,36.7599,1
2024-05-12 18:00:00,18.7983,1,5.7597,1,36.7597,1
2024-05-12 18:30:00,18.7971,1,5.7594,1,36.7594,1
2024-05-12 19:00:00,18.7959,1,5.7592,1,36.7592,1
2024-05-12 19:30:00,18.7948,1,5.7590,1,36.7590,1
2024-05-12 20:00:00,18.7936,1,5.7587,1,36.7587,1
2024-05-12 20:30:00,18.7924,1,5.7585,1,36.7585,1
2024-05-12 21:00:00,18.7913,1,5.7583,1,36.7583,1
2024-05-12 21:30:00,18.7901,1,5.7580,1,36.7580,1
2024-05-12 22:00:00,18.7889,1,5.7578,1,36.7578,1
2024-05-12 22:30:00,18.7878,1,5.7576,1,36.7576,1
2024-05-12 23:00:00,18.7866,1,5.7573,1,36.7573,1
2024-05-12 23:30:00,18.7854,1,5.7571,1,36.7571,1
2024-05-13 00:00:00,18.7843,1,5.7569,1,36.7569,1
2024-05-13 00:30:00,18.7831,1,5.7566,1,36.7566,1
2024-05-13 01:00:00,18.7819,1,5.7564,1,36.7564,1
2024-05-13 01:30:00,18.7808,1,5.7562,1,36.7562,1
2024-05-13 02:00:00,18.7796,1,5.7559,1,36.7559,1
2024-05-13 02:30:00,18.7784,1,5.7557,1,36.7557,1
2024-05-13 03:00:00,18.7773,1,5.7555,1,36.7555,1
2024-05-13 03:30:00,18.7761,1,5.7552,1,36.7552,1
2024-05-13 04:00:00,18.7749,1,5.7550,1,36.7550,1
2024-05-13 04:30:00,18.7737,1,5.7547,1,36.7547,1
2024-05-13 05:00:00,18.7726,1,5.7545,1,36.7545,1
2024-05-13 05:30:00,18.7714,1,5.7543,1,36.7543,1
2024-05-13 06:00:00,18.7702,1,5.7540,1,36.7540,1
2024-05-13 06:30:00,18.7690,1,5.7538,1,36.7538,1
2024-05-13 07:00:00,18.7679,1,5.7536,1,36.7536,1
2024-05-13 07:30:00,18.7667,1,5.7533,1,36.7533,1
2024-05-13 08:00:00,18.7655,1,5.7531,1,36.7531,1
2024-05-13 08:30:00,18.7643,1,5.7529,1,36.7529,1
2024-05-13 09:00:00,18.7632,1,5.7526,1,36.7526,1
2024-05-13 09:30:00,18.7620,1,5.7524,1,36.7524,1
2024-05-13 10:00:00,18.7608,1,5.7522,1,36.7522,1
2024-05-13 10:30:00,18.7596,1,5.7519,1,36.7519,1
2024-05-13 11:00:00,18.7584,1,5.7517,1,36.7517,1
2024-05-13 11:30:00,18.7573,1,5.7515,1,36.7515,1
2024-05-13 12:00:00,18.7561,1,5.7512,1,36.7512,1
2024-05-13 12:30:00,18.7549,1,5.7510,1,36.7510,1
2024-05-13 13:00:00,18.7537,1,5.7507,1,36.7507,1
2024-05-13 13:30:00,18.7525,1,5.7505,1,36.7505,1
2024-05-13 14:00:00,18.7514,1,5.7503,1,36.7503,1
2024-05-13 14:30:00,18.7502,1,5.7500,1,36.7500,1
2024-05-13 15:00:00,18.7490,1,5.7498,1,36.7498,1
2024-05-13 15:30:00,18.7478,1,5.7496,1,36.7496,1
2024-05-13 16:00:00,18.7466,1,5.7493,1,36.7493,1
2024-05-13 16:30:00,18.7454,1,5.7491,1,36.7491,1
2024-05-13 17:00:00,18.7443,1,5.7489,1,36.7489,1
2024-05-13 17:30:00,18.7431,1,5.7486,1,36.7486,1
2024-05-13 18:00:00,18.7419,1,5.7484,1,36.7484,1
2024-05-13 18:30:00,18.7407,1,5.7481,1,36.7481,1
2024-05-13 19:00:00,18.7395,1,5.7479,1,36.7479,1
2024-05-13 19:30:00,18.7383,1,5.7477,1,36.7477,1
2024-05-13 20:00:00,18.7371,1,5.7474,1,36.7474,1
2024-05-13 20:30:00,18.7360,1,5.7472,1,36.7472,1
2024-05-13 21:00:00,18.7348,1,5.7470,1,36.7470,1
2024-05-13 21:30:00,18.7336,1,5.7467,1,36.7467,1
2024-05-13 22:00:00,18.7324,1,5.7465,1,36.7465,1
2024-05-13 22:30:00,18.7312,1,5.7462,1,36.7462,1
2024-05-13 23:00:00,18.7300,1,5.7460,1,36.7460,1
2024-05-13 23:30:00,18.7288,1,5.7458,1,36.7458,1
2024-05-14 00:00:00,18.7276,1,5.7455,1,36.7455,1
2024-05-14 00:30:00,18.7264,1,5.7453,1,36.7453,1
2024-05-14 01:00:00,18.7252,1,5.7450,1,36.7450,1
2024-05-14 01:30:00,18.7240,1,5.7448,1,36.7448,1
2024-05-14 02:00:00,18.7229,1,5.7446,1,36.7446,1
2024-05-14 02:30:00,18.7217,1,5.7443,1,36.7443,1
2024-05-14 03:00:00,18.7205,1,5.7441,1,36.7441,1
2024-05-14 03:30:00,18.7193,1,5.7439,1,36.7439,1
2024-05-14 04:00:00,18.7181,1,5.7436,1,36.7436,1
2024-05-14 04:30:00,18.7169,1,5.7434,1,36.7434,1
2024-05-14 05:00:00,18.7157,1,5.7431,1,36.7431,1
2024-05-14 05:30:00,18.7145,1,5.7429,1,36.7429,1
2024-05-14 06:00:00,18.7133,1,5.7427,1,36.7427,1
2024-05-14 06:30:00,18.7121,1,5.7424,1,36.7424,1
2024-05-14 07:00:00,18.7109,1,5.7422,1,36.7422,1
2024-05-14 07:30:00,18.7097,1,5.7419,1,36.7419,1
2024-05-14 08:00:00,18.7085,1,5.7417,1,36.7417,1
2024-05-14 08:30:00,18.7073,1,5.7415,1,36.7415,1
2024-05-14 09:00:00,18.7061,1,5.7412,1,36.7412,1
2024-05-14 09:30:00,18.7049,1,5.7410,1,36.7410,1
2024-05-14 10:00:00,18.7037,1,5.7407,1,36.7407,1
2024-05-14 10:30:00,18.7025,1,5.7405,1,36.7405,1
2024-05-14 11:00:00,18.7013,1,5.7403,1,36.7403,1
2024-05-14 11:30:00,18.7001,1,5.7400,1,36.7400,1
2024-05-14 12:00:00,18.6989,1,5.7398,1,36.7398,1
2024-05-14 12:30:00,18.6977,1,5.7395,1,36.7395,1
2024-05-14 13:00:00,18.6965,1,5.7393,1,36.7393,1
2024-05-14 13:30:00,18.6953,1,5.7391,1,36.7391,1
2024-05-14 14:00:00,18.6941,1,5.7388,1,36.7388,1
2024-05-14 14:30:00,18.6929,1,5.7386,1,36.7386,1
2024-05-14 15:00:00,18.6917,1,5.7383,1,36.7383,1
2024-05-14 15:30:00,18.6905,1,5.7381,1,36.7381,1
2024-05-14 16:00:00,18.6892,1,5.7378,1,36.7378,1
2024-05-14 16:30:00,18.6880,1,5.7376,1,36.7376,1
2024-05-14 17:00:00,18.6868,1,5.7374,1,36.7374,1
2024-05-14 17:30:00,18.6856,1,5.7371,1,36.7371,1
2024-05-14 18:00:00,18.6844,1,5.7369,1,36.7369,1
2024-05-14 18:30:00,18.6832,1,5.7366,1,36.7366,1
2024-05-14 19:00:00,18.6820,1,5.7364,1,36.7364,1
2024-05-14 19:30:00,18.6808,1,5.7362,1,36.7362,1
2024-05-14 20:00:00,18.6796,1,5.7359,1,36.7359,1
2024-05-14 20:30:00,18.6784,1,5.7357,1,36.7357,1
2024-05-14 21:00:00,18.6772,1,5.7354,1,36.7354,1
2024-05-14 21:30:00,18.6759,1,5.7352,1,36.7352,1
2024-05-14 22:00:00,18.6747,1,5.7349,1,36.7349,1
2024-05-14 22:30:00,18.6735,1,5.7347,1,36.7347,1
2024-05-14 23:00:00,18.6723,1,5.7345,1,36.7345,1
2024-05-14 23:30:00,18.6711,1,5.7342,1,36.7342,1
2024-05-15 00:00:00,18.6699,1,5.7340,1,36.7340,1
2024-05-15 00:30:00,18.6687,1,5.7337,1,36.7337,1
2024-05-15 01:00:00,18.6674,1,5.7335,1,36.7335,1
2024-05-15 01:30:00,18.6662,1,5.7332,1,36.7332,1
2024-05-15 02:00:00,18.6650,1,5.7330,1,36.7330,1
2024-05-15 02:30:00,18.6638,1,5.7328,1,36.7328,1
2024-05-15 03:00:00,18.6626,1,5.7325,1,36.7325,1
2024-05-15 03:30:00,18.6614,1,5.7323,1,36.7323,1
2024-05-15 04:00:00,18.6601,1,5.7320,1,36.7320,1
2024-05-15 04:30:00,18.6589,1,5.7318,1,36.7318,1
2024-05-15 05:00:00,18.6577,1,5.7315,1,36.7315,1
2024-05-15 05:30:00,18.6565,1,5.7313,1,36.7313,1
2024-05-15 06:00:00,18.6553,1,5.7311,1,36.7311,1
2024-05-15 06:30:00,18.6540,1,5.7308,1,36.7308,1
2024-05-15 07:00:00,18.6528,1,5.7306,1,36.7306,1
2024-05-15 07:30:00,18.6516,1,5.7303,1,36.7303,1
2024-05-15 08:00:00,18.6504,1,5.7301,1,36.7301,1
2024-05-15 08:30:00,18.6492,1,5.7298,1,36.7298,1
2024-05-15 09:00:00,18.6479,1,5.7296,1,36.7296,1
2024-05-15 09:30:00,18.6467,1,5.7293,1,36.7293,1
2024-05-15 10:00:00,18.6455,1,5.7291,1,36.7291,1
2024-05-15 10:30:00,18.6443,1,5.7289,1,36.7289,1
2024-05-15 11:00:00,18.6430,1,5.7286,1,36.7286,1
2024-05-15 11:30:00,18.6418,1,5.7284,1,36.7284,1
2024-05-15 12:00:00,18.6406,1,5.7281,1,36.7281,1
2024-05-15 12:30:00,18.6394,1,5.7279,1,36.7279,1
2024-05-15 13:00:00,18.6381,1,5.7276,1,36.7276,1
2024-05-15 13:30:00,18.6369,1,5.7274,1,36.7274,1
2024-05-15 14:00:00,18.6357,1,5.7271,1,36.7271,1
2024-05-15 14:30:00,18.6345,1,5.7269,1,36.7269,1
2024-05-15 15:00:00,18.6332,1,5.7266,1,36.7266,1
2024-05-15 15:30:00,18.6320,1,5.7264,1,36.7264,1
2024-05-15 16:00:00,18.6308,1,5.7262,1,36.7262,1
2024-05-15 16:30:00,18.6295,1,5.7259,1,36.7259,1
2024-05-15 17:00:00,18.6283,1,5.7257,1,36.7257,1
2024-05-15 17:30:00,18.6271,1,5.7254,1,36.7254,1
2024-05-15 18:00:00,18.6259,1,5.7252,1,36.7252,1
2024-05-15 18:30:00,18.6246,1,5.7249,1,36.7249,1
2024-05-15 19:00:00,18.6234,1,5.7247,1,36.7247,1
2024-05-15 19:30:00,18.6222,1,5.7244,1,36.7244,1
2024-05-15 20:00:00,18.6209,1,5.7242,1,36.7242,1
2024-05-15 20:30:00,18.6197,1,5.7239,1,36.7239,1
2024-05-15 21:00:00,18.6185,1,5.7237,1,36.7237,1
2024-05-15 21:30:00,18.6172,1,5.7234,1,36.7234,1
2024-05-15 22:00:00,18.6160,1,5.7232,1,36.7232,1
2024-05-15 22:30:00,18.6148,1,5.7230,1,36.7230,1
2024-05-15 23:00:00,18.6135,1,5.7227,1,36.7227,1
2024-05-15 23:30:00,18.6123,1,5.7225,1,36.7225,1
2024-05-16 00:00:00,18.6110,1,5.7222,1,36.7222,1
2024-05-16 00:30:00,18.6098,1,5.7220,1,36.7220,1
2024-05-16 01:00:00,18.6086,1,5.7217,1,36.7217,1
2024-05-16 01:30:00,18.6073,1,5.7215,1,36.7215,1
2024-05-16 02:00:00,18.6061,1,5.7212,1,36.7212,1
2024-05-16 02:30:00,18.6049,1,5.7210,1,36.7210,1
2024-05-16 03:00:00,18.6036,1,5.7207,1,36.7207,1
2024-05-16 03:30:00,18.6024,1,5.7205,1,36.7205,1
2024-05-16 04:00:00,18.6011,1,5.7202,1,36.7202,1
2024-05-16 04:30:00,18.5999,1,5.7200,1,36.7200,1
2024-05-16 05:00:00,18.5987,1,5.7197,1,36.7197,1
2024-05-16 05:30:00,18.5974,1,5.7195,1,36.7195,1
2024-05-16 06:00:00,18.5962,1,5.7192,1,36.7192,1
2024-05-16 06:30:00,18.5949,1,5.7190,1,36.7190,1
2024-05-16 07:00:00,18.5937,1,5.7187,1,36.7187,1
2024-05-16 07:30:00,18.5924,1,5.7185,1,36.7185,1
2024-05-16 08:00:00,18.5912,1,5.7182,1,36.7182,1
2024-05-16 08:30:00,18.5900,1,5.7180,1,36.7180,1
2024-05-16 09:00:00,18.5887,1,5.7177,1,36.7177,1
2024-05-16 09:30:00,18.5875,1,5.7175,1,36.7175,1
2024-05-16 10:00:00,18.5862,1,5.7172,1,36.7172,1
2024-05-16 10:30:00,18.5850,1,5.7170,1,36.7170,1
2024-05-16 11:00:00,18.5837,1,5.7167,1,36.7167,1
2024-05-16 11:30:00,18.5825,1,5.7165,1,36.7165,1
2024-05-16 12:00:00,18.5812,1,5.7162,1,36.7162,1
2024-05-16 12:30:00,18.5800,1,5.7160,1,36.7160,1
2024-05-16 13:00:00,18.5787,1,5.7157,1,36.7157,1
2024-05-16 13:30:00,18.5775,1,5.7155,1,36.7155,1
2024-05-16 14:00:00,18.5762,1,5.7152,1,36.7152,1
2024-05-16 14:30:00,18.5750,1,5.7150,1,36.7150,1
2024-05-16 15:00:00,18.5737,1,5.7147,1,36.7147,1
2024-05-16 15:30:00,18.5725,1,5.7145,1,36.7145,1
2024-05-16 16:00:00,18.5712,1,5.7142,1,36.7142,1
2024-05-16 16:30:00,18.5700,1,5.7140,1,36.7140,1
2024-05-16 17:00:00,18.5687,1,5.7137,1,36.7137,1
2024-05-16 17:30:00,18.5675,1,5.7135,1,36.7135,1
2024-05-16 18:00:00,18.5662,1,5.7132,1,36.7132,1
2024-05-16 18:30:00,18.5650,1,5.7130,1,36.7130,1
2024-05-16 19:00:00,18.5637,1,5.7127,1,36.7127,1
2024-05-16 19:30:00,18.5625,1,5.7125,1,36.7125,1
2024-05-16 20:00:00,18.5612,1,5.7122,1,36.7122,1
2024-05-16 20:30:00,18.5599,1,5.7120,1,36.7120,1
2024-05-16 21:00:00,18.5587,1,5.7117,1,36.7117,1
2024-05-16 21:30:00,18.5574,1,5.7115,1,36.7115,1
2024-05-16 22:00:00,18.5562,1,5.7112,1,36.7112,1
2024-05-16 22:30:00,18.5549,1,5.7110,1,36.7110,1
2024-05-16 23:00:00,18.5537,1,5.7107,1,36.7107,1
2024-05-16 23:30:00,18.5524,1,5.7105,1,36.7105,1
2024-05-17 00:00:00,18.5511,1,5.7102,1,36.7102,1
2024-05-17 00:30:00,18.5499,1,5.7100,1,36.7100,1
2024-05-17 01:00:00,18.5486,1,5.7097,1,36.7097,1
2024-05-17 01:30:00,18.5474,1,5.7095,1,36.7095,1
2024-05-17 02:00:00,18.5461,1,5.7092,1,36.7092,1
2024-05-17 02:30:00,18.5448,1,5.7090,1,36.7090,1
2024-05-17 03:00:00,18.5436,1,5.7087,1,36.7087,1
2024-05-17 03:30:00,18.5423,1,5.7085,1,36.7085,1
2024-05-17 04:00:00,18.5411,1,5.7082,1,36.7082,1
2024-05-17 04:30:00,18.5398,1,5.7080,1,36.7080,1
2024-05-17 05:00:00,18.5385,1,5.7077,1,36.7077,1
2024-05-17 05:30:00,18.5373,1,5.7075,1,36.7075,1
2024-05-17 06:00:00,18.5360,1,5.7072,1,36.7072,1
2024-05-17 06:30:00,18.5347,1,5.7069,1,36.7069,1
2024-05-17 07:00:00,18.5335,1,5.7067,1,36.7067,1
2024-05-17 07:30:00,18.5322,1,5.7064,1,36.7064,1
2024-05-17 08:00:00,18.5309,1,5.7062,1,36.7062,1
2024-05-17 08:30:00,18.5297,1,5.7059,1,36.7059,1
2024-05-17 09:00:00,18.5284,1,5.7057,1,36.7057,1
2024-05-17 09:30:00,18.5271,1,5.7054,1,36.7054,1
2024-05-17 10:00:00,18.5259,1,5.7052,1,36.7052,1
2024-05-17 10:30:00,18.5246,1,5.7049,1,36.7049,1
2024-05-17 11:00:00,18.5233,1,5.7047,1,36.7047,1
2024-05-17 11:30:00,18.5221,1,5.7044,1,36.7044,1
2024-05-17 12:00:00,18.5208,1,5.7042,1,36.7042,1
2024-05-17 12:30:00,18.5195,1,5.7039,1,36.7039,1
2024-05-17 13:00:00,18.5183,1,5.7037,1,36.7037,1
2024-05-17 13:30:00,18.5170,1,5.7034,1,36.7034,1
2024-05-17 14:00:00,18.5157,1,5.7031,1,36.7031,1
2024-05-17 14:30:00,18.5145,1,5.7029,1,36.7029,1
2024-05-17 15:00:00,18.5132,1,5.7026,1,36.7026,1
2024-05-17 15:30:00,18.5119,1,5.7024,1,36.7024,1
2024-05-17 16:00:00,18.5106,1,5.7021,1,36.7021,1
2024-05-17 16:30:00,18.5094,1,5.7019,1,36.7019,1
2024-05-17 17:00:00,18.5081,1,5.7016,1,36.7016,1
2024-05-17 17:30:00,18.5068,1,5.7014,1,36.7014,1
2024-05-17 18:00:00,18.5055,1,5.7011,1,36.7011,1
2024-05-17 18:30:00,18.5043,1,5.7009,1,36.7009,1
2024-05-17 19:00:00,18.5030,1,5.7006,1,36.7006,1
2024-05-17 19:30:00,18.5017,1,5.7003,1,36.7003,1
2024-05-17 20:00:00,18.5004,1,5.7001,1,36.7001,1
2024-05-17 20:30:00,18.4992,1,5.6998,1,36.6998,1
2024-05-17 21:00:00,18.4979,1,5.6996,1,36.6996,1
2024-05-17 21:30:00,18.4966,1,5.6993,1,36.6993,1
2024-05-17 22:00:00,18.4953,1,5.6991,1,36.6991,1
2024-05-17 22:30:00,18.4940,1,5.6988,1,36.6988,1
2024-05-17 23:00:00,18.4928,1,5.6986,1,36.6986,1
2024-05-17 23:30:00,18.4915,1,5.6983,1,36.6983,1
2024-05-18 00:00:00,18.4902,1,5.6980,1,36.6980,1
2024-05-18 00:30:00,18.4889,1,5.6978,1,36.6978,1
2024-05-18 01:00:00,18.4876,1,5.6975,1,36.6975,1
2024-05-18 01:30:00,18.4864,1,5.6973,1,36.6973,1
2024-05-18 02:00:00,18.4851,1,5.6970,1,36.6970,1
2024-05-18 02:30:00,18.4838,1,5.6968,1,36.6968,1
2024-05-18 03:00:00,18.4825,1,5.6965,1,36.6965,1
2024-05-18 03:30:00,18.4812,1,5.6962,1,36.6962,1
2024-05-18 04:00:00,18.4799,1,5.6960,1,36.6960,1
2024-05-18 04:30:00,18.4787,1,5.6957,1,36.6957,1
2024-05-18 05:00:00,18.4774,1,5.6955,1,36.6955,1
2024-05-18 05:30:00,18.4761,1,5.6952,1,36.6952,1
2024-05-18 06:00:00,18.4748,1,5.6950,1,36.6950,1
2024-05-18 06:30:00,18.4735,1,5.6947,1,36.6947,1
2024-05-18 07:00:00,18.4722,1,5.6944,1,36.6944,1
2024-05-18 07:30:00,18.4709,1,5.6942,1,36.6942,1
2024-05-18 08:00:00,18.4697,1,5.6939,1,36.6939,1
2024-05-18 08:30:00,18.4684,1,5.6937,1,36.6937,1
2024-05-18 09:00:00,18.4671,1,5.6934,1,36.6934,1
2024-05-18 09:30:00,18.4658,1,5.6932,1,36.6932,1
2024-05-18 10:00:00,18.4645,1,5.6929,1,36.6929,1
2024-05-18 10:30:00,18.4632,1,5.6926,1,36.6926,1
2024-05-18 11:00:00,18.4619,1,5.6924,1,36.6924,1
2024-05-18 11:30:00,18.4606,1,5.6921,1,36.6921,1
2024-05-18 12:00:00,18.4593,1,5.6919,1,36.6919,1
2024-05-18 12:30:00,18.4581,1,5.6916,1,36.6916,1
2024-05-18 13:00:00,18.4568,1,5.6914,1,36.6914,1
2024-05-18 13:30:00,18.4555,1,5.6911,1,36.6911,1
2024-05-18 14:00:00,18.4542,1,5.6908,1,36.6908,1
2024-05-18 14:30:00,18.4529,1,5.6906,1,36.6906,1
2024-05-18 15:00:00,18.4516,1,5.6903,1,36.6903,1
2024-05-18 15:30:00,18.4503,1,5.6901,1,36.6901,1
2024-05-18 16:00:00,18.4490,1,5.6898,1,36.6898,1
2024-05-18 16:30:00,18.4477,1,5.6895,1,36.6895,1
2024-05-18 17:00:00,18.4464,1,5.6893,1,36.6893,1
2024-05-18 17:30:00,18.4451,1,5.6890,1,36.6890,1
2024-05-18 18:00:00,18.4438,1,5.6888,1,36.6888,1
2024-05-18 18:30:00,18.4425,1,5.6885,1,36.6885,1
2024-05-18 19:00:00,18.4412,1,5.6882,1,36.6882,1
2024-05-18 19:30:00,18.4399,1,5.6880,1,36.6880,1
2024-05-18 20:00:00,18.4386,1,5.6877,1,36.6877,1
2024-05-18 20:30:00,18.4373,1,5.6875,1,36.6875,1
2024-05-18 21:00:00,18.4360,1,5.6872,1,36.6872,1
2024-05-18 21:30:00,18.4347,1,5.6869,1,36.6869,1
2024-05-18 22:00:00,18.4334,1,5.6867,1,36.6867,1
2024-05-18 22:30:00,18.4321,1,5.6864,1,36.6864,1
2024-05-18 23:00:00,18.4308,1,5.6862,1,36.6862,1
2024-05-18 23:30:00,18.4295,1,5.6859,1,36.6859,1
2024-05-19 00:00:00,18.4282,1,5.6856,1,36.6856,1
2024-05-19 00:30:00,18.4269,1,5.6854,1,36.6854,1
2024-05-19 01:00:00,18.4256,1,5.6851,1,36.6851,1
2024-05-19 01:30:00,18.4243,1,5.6849,1,36.6849,1
2024-05-19 02:00:00,18.4230,1,5.6846,1,36.6846,1
2024-05-19 02:30:00,18.4217,1,5.6843,1,36.6843,1
2024-05-19 03:00:00,18.4204,1,5.6841,1,36.6841,1
2024-05-19 03:30:00,18.4191,1,5.6838,1,36.6838,1
2024-05-19 04:00:00,18.4178,1,5.6836,1,36.6836,1
2024-05-19 04:30:00,18.4165,1,5.6833,1,36.6833,1
2024-05-19 05:00:00,18.4152,1,5.6830,1,36.6830,1
2024-05-19 05:30:00,18.4139,1,5.6828,1,36.6828,1
2024-05-19 06:00:00,18.4126,1,5.6825,1,36.6825,1
2024-05-19 06:30:00,18.4113,1,5.6823,1,36.6823,1
2024-05-19 07:00:00,18.4100,1,5.6820,1,36.6820,1
2024-05-19 07:30:00,18.4087,1,5.6817,1,36.6817,1
2024-05-19 08:00:00,18.4073,1,5.6815,1,36.6815,1
2024-05-19 08:30:00,18.4060,1,5.6812,1,36.6812,1
2024-05-19 09:00:00,18.4047,1,5.6809,1,36.6809,1
2024-05-19 09:30:00,18.4034,1,5.6807,1,36.6807,1
2024-05-19 10:00:00,18.4021,1,5.6804,1,36.6804,1
2024-05-19 10:30:00,18.4008,1,5.6802,1,36.6802,1
2024-05-19 11:00:00,18.3995,1,5.6799,1,36.6799,1
2024-05-19 11:30:00,18.3982,1,5.6796,1,36.6796,1
2024-05-19 12:00:00,18.3969,1,5.6794,1,36.6794,1
2024-05-19 12:30:00,18.3956,1,5.6791,1,36.6791,1
2024-05-19 13:00:00,18.3942,1,5.6788,1,36.6788,1
2024-05-19 13:30:00,18.3929,1,5.6786,1,36.6786,1
2024-05-19 14:00:00,18.3916,1,5.6783,1,36.6783,1
2024-05-19 14:30:00,18.3903,1,5.6781,1,36.6781,1
2024-05-19 15:00:00,18.3890,1,5.6778,1,36.6778,1
2024-05-19 15:30:00,18.3877,1,5.6775,1,36.6775,1
2024-05-19 16:00:00,18.3864,1,5.6773,1,36.6773,1
2024-05-19 16:30:00,18.3850,1,5.6770,1,36.6770,1
2024-05-19 17:00:00,18.3837,1,5.6767,1,36.6767,1
2024-05-19 17:30:00,18.3824,1,5.6765,1,36.6765,1
2024-05-19 18:00:00,18.3811,1,5.6762,1,36.6762,1
2024-05-19 18:30:00,18.3798,1,5.6760,1,36.6760,1
2024-05-19 19:00:00,18.3785,1,5.6757,1,36.6757,1
2024-05-19 19:30:00,18.3771,1,5.6754,1,36.6754,1
2024-05-19 20:00:00,18.3758,1,5.6752,1,36.6752,1
2024-05-19 20:30:00,18.3745,1,5.6749,1,36.6749,1
2024-05-19 21:00:00,18.3732,1,5.6746,1,36.6746,1
2024-05-19 21:30:00,18.3719,1,5.6744,1,36.6744,1
2024-05-19 22:00:00,18.3705,1,5.6741,1,36.6741,1
2024-05-19 22:30:00,18.3692,1,5.6738,1,36.6738,1
2024-05-19 23:00:00,18.3679,1,5.6736,1,36.6736,1
2024-05-19 23:30:00,18.3666,1,5.6733,1,36.6733,1
2024-05-20 00:00:00,18.3653,1,5.6731,1,36.6731,1
2024-05-20 00:30:00,18.3639,1,5.6728,1,36.6728,1
2024-05-20 01:00:00,18.3626,1,5.6725,1,36.6725,1
2024-05-20 01:30:00,18.3613,1,5.6723,1,36.6723,1
2024-05-20 02:00:00,18.3600,1,5.6720,1,36.6720,1
2024-05-20 02:30:00,18.3586,1,5.6717,1,36.6717,1
2024-05-20 03:00:00,18.3573,1,5.6715,1,36.6715,1
2024-05-20 03:30:00,18.3560,1,5.6712,1,36.6712,1
2024-05-20 04:00:00,18.3547,1,5.6709,1,36.6709,1
2024-05-20 04:30:00,18.3533,1,5.6707,1,36.6707,1
2024-05-20 05:00:00,18.3520,1,5.6704,1,36.6704,1
2024-05-20 05:30:00,18.3507,1,5.6701,1,36.6701,1
2024-05-20 06:00:00,18.3494,1,5.6699,1,36.6699,1
2024-05-20 06:30:00,18.3480,1,5.6696,1,36.6696,1
2024-05-20 07:00:00,18.3467,1,5.6693,1,36.6693,1
2024-05-20 07:30:00,18.3454,1,5.6691,1,36.6691,1
2024-05-20 08:00:00,18.3440,1,5.6688,1,36.6688,1
2024-05-20 08:30:00,18.3427,1,5.6685,1,36.6685,1
2024-05-20 09:00:00,18.3414,1,5.6683,1,36.6683,1
2024-05-20 09:30:00,18.3400,1,5.6680,1,36.6680,1
2024-05-20 10:00:00,18.3387,1,5.6677,1,36.6677,1
2024-05-20 10:30:00,18.3374,1,5.6675,1,36.6675,1
2024-05-20 11:00:00,18.3361,1,5.6672,1,36.6672,1
2024-05-20 11:30:00,18.3347,1,5.6669,1,36.6669,1
2024-05-20 12:00:00,18.3334,1,5.6667,1,36.6667,1
2024-05-20 12:30:00,18.3321,1,5.6664,1,36.6664,1
2024-05-20 13:00:00,18.3307,1,5.6661,1,36.6661,1
2024-05-20 13:30:00,18.3294,1,5.6659,1,36.6659,1
2024-05-20 14:00:00,18.3281,1,5.6656,1,36.6656,1
2024-05-20 14:30:00,18.3267,1,5.6653,1,36.6653,1
2024-05-20 15:00:00,18.3254,1,5.6651,1,36.6651,1
2024-05-20 15:30:00,18.3240,1,5.6648,1,36.6648,1
2024-05-20 16:00:00,18.3227,1,5.6645,1,36.6645,1
2024-05-20 16:30:00,18.3214,1,5.6643,1,36.6643,1
2024-05-20 17:00:00,18.3200,1,5.6640,1,36.6640,1
2024-05-20 17:30:00,18.3187,1,5.6637,1,36.6637,1
2024-05-20 18:00:00,18.3174,1,5.6635,1,36.6635,1
2024-05-20 18:30:00,18.3160,1,5.6632,1,36.6632,1
2024-05-20 19:00:00,18.3147,1,5.6629,1,36.6629,1
2024-05-20 19:30:00,18.3133,1,5.6627,1,36.6627,1
2024-05-20 20:00:00,18.3120,1,5.6624,1,36.6624,1
2024-05-20 20:30:00,18.3107,1,5.6621,1,36.6621,1
2024-05-20 21:00:00,18.3093,1,5.6619,1,36.6619,1
2024-05-20 21:30:00,18.3080,1,5.6616,1,36.6616,1
2024-05-20 22:00:00,18.3066,1,5.6613,1,36.6613,1
2024-05-20 22:30:00,18.3053,1,5.6611,1,36.6611,1
2024-05-20 23:00:00,18.3040,1,5.6608,1,36.6608,1
2024-05-20 23:30:00,18.3026,1,5.6605,1,36.6605,1
2024-05-21 00:00:00,18.3013,1,5.6603,1,36.6603,1
2024-05-21 00:30:00,18.2999,1,5.6600,1,36.6600,1
2024-05-21 01:00:00,18.2986,1,5.6597,1,36.6597,1
2024-05-21 01:30:00,18.2972,1,5.6594,1,36.6594,1
2024-05-21 02:00:00,18.2959,1,5.6592,1,36.6592,1
2024-05-21 02:30:00,18.2946,1,5.6589,1,36.6589,1
2024-05-21 03:00:00,18.2932,1,5.6586,1,36.6586,1
2024-05-21 03:30:00,18.2919,1,5.6584,1,36.6584,1
2024-05-21 04:00:00,18.2905,1,5.6581,1,36.6581,1
2024-05-21 04:30:00,18.2892,1,5.6578,1,36.6578,1
2024-05-21 05:00:00,18.2878,1,5.6576,1,36.6576,1
2024-05-21 05:30:00,18.2865,1,5.6573,1,36.6573,1
2024-05-21 06:00:00,18.2851,1,5.6570,1,36.6570,1
2024-05-21 06:30:00,18.2838,1,5.6568,1,36.6568,1
2024-05-21 07:00:00,18.2824,1,5.6565,1,36.6565,1
2024-05-21 07:30:00,18.2811,1,5.6562,1,36.6562,1
2024-05-21 08:00:00,18.2797,1,5.6559,1,36.6559,1
2024-05-21 08:30:00,18.2784,1,5.6557,1,36.6557,1
2024-05-21 09:00:00,18.2770,1,5.6554,1,36.6554,1
2024-05-21 09:30:00,18.2757,1,5.6551,1,36.6551,1
2024-05-21 10:00:00,18.2743,1,5.6549,1,36.6549,1
2024-05-21 10:30:00,18.2730,1,5.6546,1,36.6546,1
2024-05-21 11:00:00,18.2716,1,5.6543,1,36.6543,1
2024-05-21 11:30:00,18.2703,1,5.6541,1,36.6541,1
2024-05-21 12:00:00,18.2689,1,5.6538,1,36.6538,1
2024-05-21 12:30:00,18.2676,1,5.6535,1,36.6535,1
2024-05-21 13:00:00,18.2662,1,5.6532,1,36.6532,1
2024-05-21 13:30:00,18.2649,1,5.6530,1,36.6530,1
2024-05-21 14:00:00,18.2635,1,5.6527,1,36.6527,1
2024-05-21 14:30:00,18.2622,1,5.6524,1,36.6524,1
2024-05-21 15:00:00,18.2608,1,5.6522,1,36.6522,1
2024-05-21 15:30:00,18.2594,1,5.6519,1,36.6519,1
2024-05-21 16:00:00,18.2581,1,5.6516,1,36.6516,1
2024-05-21 16:30:00,18.2567,1,5.6513,1,36.6513,1
2024-05-21 17:00:00,18.2554,1,5.6511,1,36.6511,1
2024-05-21 17:30:00,18.2540,1,5.6508,1,36.6508,1
2024-05-21 18:00:00,18.2527,1,5.6505,1,36.6505,1
2024-05-21 18:30:00,18.2513,1,5.6503,1,36.6503,1
2024-05-21 19:00:00,18.2499,1,5.6500,1,36.6500,1
2024-05-21 19:30:00,18.2486,1,5.6497,1,36.6497,1
2024-05-21 20:00:00,18.2472,1,5.6494,1,36.6494,1
2024-05-21 20:30:00,18.2459,1,5.6492,1,36.6492,1
2024-05-21 21:00:00,18.2445,1,5.6489,1,36.6489,1
2024-05-21 21:30:00,18.2431,1,5.6486,1,36.6486,1
2024-05-21 22:00:00,18.2418,1,5.6484,1,36.6484,1
2024-05-21 22:30:00,18.2404,1,5.6481,1,36.6481,1
2024-05-21 23:00:00,18.2391,1,5.6478,1,36.6478,1
2024-05-21 23:30:00,18.2377,1,5.6475,1,36.6475,1
2024-05-22 00:00:00,18.2363,1,5.6473,1,36.6473,1
2024-05-22 00:30:00,18.2350,1,5.6470,1,36.6470,1
2024-05-22 01:00:00,18.2336,1,5.6467,1,36.6467,1
2024-05-22 01:30:00,18.2322,1,5.6464,1,36.6464,1
2024-05-22 02:00:00,18.2309,1,5.6462,1,36.6462,1
2024-05-22 02:30:00,18.2295,1,5.6459,1,36.6459,1
2024-05-22 03:00:00,18.2281,1,5.6456,1,36.6456,1
2024-05-22 03:30:00,18.2268,1,5.6454,1,36.6454,1
2024-05-22 04:00:00,18.2254,1,5.6451,1,36.6451,1
2024-05-22 04:30:00,18.2240,1,5.6448,1,36.6448,1
2024-05-22 05:00:00,18.2227,1,5.6445,1,36.6445,1
2024-05-22 05:30:00,18.2213,1,5.6443,1,36.6443,1
2024-05-22 06:00:00,18.2199,1,5.6440,1,36.6440,1
2024-05-22 06:30:00,18.2186,1,5.6437,1,36.6437,1
2024-05-22 07:00:00,18.2172,1,5.6434,1,36.6434,1
2024-05-22 07:30:00,18.2158,1,5.6432,1,36.6432,1
2024-05-22 08:00:00,18.2145,1,5.6429,1,36.6429,1
2024-05-22 08:30:00,18.2131,1,5.6426,1,36.6426,1
2024-05-22 09:00:00,18.2117,1,5.6423,1,36.6423,1
2024-05-22 09:30:00,18.2104,1,5.6421,1,36.6421,1
2024-05-22 10:00:00,18.2090,1,5.6418,1,36.6418,1
2024-05-22 10:30:00,18.2076,1,5.6415,1,36.6415,1
2024-05-22 11:00:00,18.2062,1,5.6412,1,36.6412,1
2024-05-22 11:30:00,18.2049,1,5.6410,1,36.6410,1
2024-05-22 12:00:00,18.2035,1,5.6407,1,36.6407,1
2024-05-22 12:30:00,18.2021,1,5.6404,1,36.6404,1
2024-05-22 13:00:00,18.2008,1,5.6402,1,36.6402,1
2024-05-22 13:30:00,18.1994,1,5.6399,1,36.6399,1
2024-05-22 14:00:00,18.1980,1,5.6396,1,36.6396,1
2024-05-22 14:30:00,18.1966,1,5.6393,1,36.6393,1
2024-05-22 15:00:00,18.1953,1,5.6391,1,36.6391,1
2024-05-22 15:30:00,18.1939,1,5.6388,1,36.6388,1
2024-05-22 16:00:00,18.1925,1,5.6385,1,36.6385,1
2024-05-22 16:30:00,18.1911,1,5.6382,1,36.6382,1
2024-05-22 17:00:00,18.1898,1,5.6380,1,36.6380,1
2024-05-22 17:30:00,18.1884,1,5.6377,1,36.6377,1
2024-05-22 18:00:00,18.1870,1,5.6374,1,36.6374,1
2024-05-22 18:30:00,18.1856,1,5.6371,1,36.6371,1
2024-05-22 19:00:00,18.1842,1,5.6368,1,36.6368,1
2024-05-22 19:30:00,18.1829,1,5.6366,1,36.6366,1
2024-05-22 20:00:00,18.1815,1,5.6363,1,36.6363,1
2024-05-22 20:30:00,18.1801,1,5.6360,1,36.6360,1
2024-05-22 21:00:00,18.1787,1,5.6357,1,36.6357,1
2024-05-22 21:30:00,18.1773,1,5.6355,1,36.6355,1
2024-05-22 22:00:00,18.1760,1,5.6352,1,36.6352,1
2024-05-22 22:30:00,18.1746,1,5.6349,1,36.6349,1
2024-05-22 23:00:00,18.1732,1,5.6346,1,36.6346,1
2024-05-22 23:30:00,18.1718,1,5.6344,1,36.6344,1
2024-05-23 00:00:00,18.1704,1,5.6341,1,36.6341,1
2024-05-23 00:30:00,18.1690,1,5.6338,1,36.6338,1
2024-05-23 01:00:00,18.1677,1,5.6335,1,36.6335,1
2024-05-23 01:30:00,18.1663,1,5.6333,1,36.6333,1
2024-05-23 02:00:00,18.1649,1,5.6330,1,36.6330,1
2024-05-23 02:30:00,18.1635,1,5.6327,1,36.6327,1
2024-05-23 03:00:00,18.1621,1,5.6324,1,36.6324,1
2024-05-23 03:30:00,18.1607,1,5.6321,1,36.6321,1
2024-05-23 04:00:00,18.1594,1,5.6319,1,36.6319,1
2024-05-23 04:30:00,18.1580,1,5.6316,1,36.6316,1
2024-05-23 05:00:00,18.1566,1,5.6313,1,36.6313,1
2024-05-23 05:30:00,18.1552,1,5.6310,1,36.6310,1
2024-05-23 06:00:00,18.1538,1,5.6308,1,36.6308,1
2024-05-23 06:30:00,18.1524,1,5.6305,1,36.6305,1
2024-05-23 07:00:00,18.1510,1,5.6302,1,36.6302,1
2024-05-23 07:30:00,18.1496,1,5.6299,1,36.6299,1
2024-05-23 08:00:00,18.1483,1,5.6297,1,36.6297,1
2024-05-23 08:30:00,18.1469,1,5.6294,1,36.6294,1
2024-05-23 09:00:00,18.1455,1,5.6291,1,36.6291,1
2024-05-23 09:30:00,18.1441,1,5.6288,1,36.6288,1
2024-05-23 10:00:00,18.1427,1,5.6285,1,36.6285,1
2024-05-23 10:30:00,18.1413,1,5.6283,1,36.6283,1
2024-05-23 11:00:00,18.1399,1,5.6280,1,36.6280,1
2024-05-23 11:30:00,18.1385,1,5.6277,1,36.6277,1
2024-05-23 12:00:00,18.1371,1,5.6274,1,36.6274,1
2024-05-23 12:30:00,18.1357,1,5.6271,1,36.6271,1
2024-05-23 13:00:00,18.1343,1,5.6269,1,36.6269,1
2024-05-23 13:30:00,18.1330,1,5.6266,1,36.6266,1
2024-05-23 14:00:00,18.1316,1,5.6263,1,36.6263,1
2024-05-23 14:30:00,18.1302,1,5.6260,1,36.6260,1
2024-05-23 15:00:00,18.1288,1,5.6258,1,36.6258,1
2024-05-23 15:30:00,18.1274,1,5.6255,1,36.6255,1
2024-05-23 16:00:00,18.1260,1,5.6252,1,36.6252,1
2024-05-23 16:30:00,18.1246,1,5.6249,1,36.6249,1
2024-05-23 17:00:00,18.1232,1,5.6246,1,36.6246,1
2024-05-23 17:30:00,18.1218,1,5.6244,1,36.6244,1
2024-05-23 18:00:00,18.1204,1,5.6241,1,36.6241,1
2024-05-23 18:30:00,18.1190,1,5.6238,1,36.6238,1
2024-05-23 19:00:00,18.1176,1,5.6235,1,36.6235,1
2024-05-23 19:30:00,18.1162,1,5.6232,1,36.6232,1
2024-05-23 20:00:00,18.1148,1,5.6230,1,36.6230,1
2024-05-23 20:30:00,18.1134,1,5.6227,1,36.6227,1
2024-05-23 21:00:00,18.1120,1,5.6224,1,36.6224,1
2024-05-23 21:30:00,18.1106,1,5.6221,1,36.6221,1
2024-05-23 22:00:00,18.1092,1,5.6218,1,36.6218,1
2024-05-23 22:30:00,18.1078,1,5.6216,1,36.6216,1
2024-05-23 23:00:00,18.1064,1,5.6213,1,36.6213,1
2024-05-23 23:30:00,18.1050,1,5.6210,1,36.6210,1
2024-05-24 00:00:00,18.1036,1,5.6207,1,36.6207,1
2024-05-24 00:30:00,18.1022,1,5.6204,1,36.6204,1
2024-05-24 01:00:00,18.1008,1,5.6202,1,36.6202,1
2024-05-24 01:30:00,18.0994,1,5.6199,1,36.6199,1
2024-05-24 02:00:00,18.0980,1,5.6196,1,36.6196,1
2024-05-24 02:30:00,18.0966,1,5.6193,1,36.6193,1
2024-05-24 03:00:00,18.0952,1,5.6190,1,36.6190,1
2024-05-24 03:30:00,18.0938,1,5.6188,1,36.6188,1
2024-05-24 04:00:00,18.0924,1,5.6185,1,36.6185,1
2024-05-24 04:30:00,18.0910,1,5.6182,1,36.6182,1
2024-05-24 05:00:00,18.0896,1,5.6179,1,36.6179,1
2024-05-24 05:30:00,18.0882,1,5.6176,1,36.6176,1
2024-05-24 06:00:00,18.0867,1,5.6173,1,36.6173,1
2024-05-24 06:30:00,18.0853,1,5.6171,1,36.6171,1
2024-05-24 07:00:00,18.0839,1,5.6168,1,36.6168,1
2024-05-24 07:30:00,18.0825,1,5.6165,1,36.6165,1
2024-05-24 08:00:00,18.0811,1,5.6162,1,36.6162,1
2024-05-24 08:30:00,18.0797,1,5.6159,1,36.6159,1
2024-05-24 09:00:00,18.0783,1,5.6157,1,36.6157,1
2024-05-24 09:30:00,18.0769,1,5.6154,1,36.6154,1
2024-05-24 10:00:00,18.0755,1,5.6151,1,36.6151,1
2024-05-24 10:30:00,18.0741,1,5.6148,1,36.6148,1
2024-05-24 11:00:00,18.0727,1,5.6145,1,36.6145,1
2024-05-24 11:30:00,18.0712,1,5.6142,1,36.6142,1
2024-05-24 12:00:00,18.0698,1,5.6140,1,36.6140,1
2024-05-24 12:30:00,18.0684,1,5.6137,1,36.6137,1
2024-05-24 13:00:00,18.0670,1,5.6134,1,36.6134,1
2024-05-24 13:30:00,18.0656,1,5.6131,1,36.6131,1
2024-05-24 14:00:00,18.0642,1,5.6128,1,36.6128,1
2024-05-24 14:30:00,18.0628,1,5.6126,1,36.6126,1
2024-05-24 15:00:00,18.0614,1,5.6123,1,36.6123,1
2024-05-24 15:30:00,18.0599,1,5.6120,1,36.6120,1
2024-05-24 16:00:00,18.0585,1,5.6117,1,36.6117,1
2024-05-24 16:30:00,18.0571,1,5.6114,1,36.6114,1
2024-05-24 17:00:00,18.0557,1,5.6111,1,36.6111,1
2024-05-24 17:30:00,18.0543,1,5.6109,1,36.6109,1
2024-05-24 18:00:00,18.0529,1,5.6106,1,36.6106,1
2024-05-24 18:30:00,18.0515,1,5.6103,1,36.6103,1
2024-05-24 19:00:00,18.0500,1,5.6100,1,36.6100,1
2024-05-24 19:30:00,18.0486,1,5.6097,1,36.6097,1
2024-05-24 20:00:00,18.0472,1,5.6094,1,36.6094,1
2024-05-24 20:30:00,18.0458,1,5.6092,1,36.6092,1
2024-05-24 21:00:00,18.0444,1,5.6089,1,36.6089,1
2024-05-24 21:30:00,18.0429,1,5.6086,1,36.6086,1
2024-05-24 22:00:00,18.0415,1,5.6083,1,36.6083,1
2024-05-24 22:30:00,18.0401,1,5.6080,1,36.6080,1
2024-05-24 23:00:00,18.0387,1,5.6077,1,36.6077,1
2024-05-24 23:30:00,18.0373,1,5.6075,1,36.6075,1
2024-05-25 00:00:00,18.0359,1,5.6072,1,36.6072,1
2024-05-25 00:30:00,18.0344,1,5.6069,1,36.6069,1
2024-05-25 01:00:00,18.0330,1,5.6066,1,36.6066,1
2024-05-25 01:30:00,18.0316,1,5.6063,1,36.6063,1
2024-05-25 02:00:00,18.0302,1,5.6060,1,36.6060,1
2024-05-25 02:30:00,18.0287,1,5.6057,1,36.6057,1
2024-05-25 03:00:00,18.0273,1,5.6055,1,36.6055,1
2024-05-25 03:30:00,18.0259,1,5.6052,1,36.6052,1
2024-05-25 04:00:00,18.0245,1,5.6049,1,36.6049,1
2024-05-25 04:30:00,18.0230,1,5.6046,1,36.6046,1
2024-05-25 05:00:00,18.0216,1,5.6043,1,36.6043,1
2024-05-25 05:30:00,18.0202,1,5.6040,1,36.6040,1
2024-05-25 06:00:00,18.0188,1,5.6038,1,36.6038,1
2024-05-25 06:30:00,18.0173,1,5.6035,1,36.6035,1
2024-05-25 07:00:00,18.0159,1,5.6032,1,36.6032,1
2024-05-25 07:30:00,18.0145,1,5.6029,1,36.6029,1
2024-05-25 08:00:00,18.0131,1,5.6026,1,36.6026,1
2024-05-25 08:30:00,18.0116,1,5.6023,1,36.6023,1
2024-05-25 09:00:00,18.0102,1,5.6020,1,36.6020,1
2024-05-25 09:30:00,18.0088,1,5.6018,1,36.6018,1
2024-05-25 10:00:00,18.0074,1,5.6015,1,36.6015,1
2024-05-25 10:30:00,18.0059,1,5.6012,1,36.6012,1
2024-05-25 11:00:00,18.0045,1,5.6009,1,36.6009,1
2024-05-25 11:30:00,18.0031,1,5.6006,1,36.6006,1
2024-05-25 12:00:00,18.0016,1,5.6003,1,36.6003,1
2024-05-25 12:30:00,18.0002,1,5.6000,1,36.6000,1
2024-05-25 13:00:00,17.9988,1,5.5998,1,36.5998,1
2024-05-25 13:30:00,17.9973,1,5.5995,1,36.5995,1
2024-05-25 14:00:00,17.9959,1,5.5992,1,36.5992,1
2024-05-25 14:30:00,17.9945,1,5.5989,1,36.5989,1
2024-05-25 15:00:00,17.9931,1,5.5986,1,36.5986,1
2024-05-25 15:30:00,17.9916,1,5.5983,1,36.5983,1
2024-05-25 16:00:00,17.9902,1,5.5980,1,36.5980,1
2024-05-25 16:30:00,17.9888,1,5.5978,1,36.5978,1
2024-05-25 17:00:00,17.9873,1,5.5975,1,36.5975,1
2024-05-25 17:30:00,17.9859,1,5.5972,1,36.5972,1
2024-05-25 18:00:00,17.9845,1,5.5969,1,36.5969,1
2024-05-25 18:30:00,17.9830,1,5.5966,1,36.5966,1
2024-05-25 19:00:00,17.9816,1,5.5963,1,36.5963,1
2024-05-25 19:30:00,17.9801,1,5.5960,1,36.5960,1
2024-05-25 20:00:00,17.9787,1,5.5957,1,36.5957,1
2024-05-25 20:30:00,17.9773,1,5.5955,1,36.5955,1
2024-05-25 21:00:00,17.9758,1,5.5952,1,36.5952,1
2024-05-25 21:30:00,17.9744,1,5.5949,1,36.5949,1
2024-05-25 22:00:00,17.9730,1,5.5946,1,36.5946,1
2024-05-25 22:30:00,17.9715,1,5.5943,1,36.5943,1
2024-05-25 23:00:00,17.9701,1,5.5940,1,36.5940,1
2024-05-25 23:30:00,17.9686,1,5.5937,1,36.5937,1
2024-05-26 00:00:00,17.9672,1,5.5934,1,36.5934,1
2024-05-26 00:30:00,17.9658,1,5.5932,1,36.5932,1
2024-05-26 01:00:00,17.9643,1,5.5929,1,36.5929,1
2024-05-26 01:30:00,17.9629,1,5.5926,1,36.5926,1
2024-05-26 02:00:00,17.9614,1,5.5923,1,36.5923,1
2024-05-26 02:30:00,17.9600,1,5.5920,1,36.5920,1
2024-05-26 03:00:00,17.9586,1,5.5917,1,36.5917,1
2024-05-26 03:30:00,17.9571,1,5.5914,1,36.5914,1
2024-05-26 04:00:00,17.9557,1,5.5911,1,36.5911,1
2024-05-26 04:30:00,17.9542,1,5.5908,1,36.5908,1
2024-05-26 05:00:00,17.9528,1,5.5906,1,36.5906,1
2024-05-26 05:30:00,17.9514,1,5.5903,1,36.5903,1
2024-05-26 06:00:00,17.9499,1,5.5900,1,36.5900,1
2024-05-26 06:30:00,17.9485,1,5.5897,1,36.5897,1
2024-05-26 07:00:00,17.9470,1,5.5894,1,36.5894,1
2024-05-26 07:30:00,17.9456,1,5.5891,1,36.5891,1
2024-05-26 08:00:00,17.9441,1,5.5888,1,36.5888,1
2024-05-26 08:30:00,17.9427,1,5.5885,1,36.5885,1
2024-05-26 09:00:00,17.9412,1,5.5882,1,36.5882,1
2024-05-26 09:30:00,17.9398,1,5.5880,1,36.5880,1
2024-05-26 10:00:00,17.9383,1,5.5877,1,36.5877,1
2024-05-26 10:30:00,17.9369,1,5.5874,1,36.5874,1
2024-05-26 11:00:00,17.9355,1,5.5871,1,36.5871,1
2024-05-26 11:30:00,17.9340,1,5.5868,1,36.5868,1
2024-05-26 12:00:00,17.9326,1,5.5865,1,36.5865,1
2024-05-26 12:30:00,17.9311,1,5.5862,1,36.5862,1
2024-05-26 13:00:00,17.9297,1,5.5859,1,36.5859,1
2024-05-26 13:30:00,17.9282,1,5.5856,1,36.5856,1
2024-05-26 14:00:00,17.9268,1,5.5854,1,36.5854,1
2024-05-26 14:30:00,17.9253,1,5.5851,1,36.5851,1
2024-05-26 15:00:00,17.9239,1,5.5848,1,36.5848,1
2024-05-26 15:30:00,17.9224,1,5.5845,1,36.5845,1
2024-05-26 16:00:00,17.9210,1,5.5842,1,36.5842,1
2024-05-26 16:30:00,17.9195,1,5.5839,1,36.5839,1
2024-05-26 17:00:00,17.9181,1,5.5836,1,36.5836,1
2024-05-26 17:30:00,17.9166,1,5.5833,1,36.5833,1
2024-05-26 18:00:00,17.9152,1,5.5830,1,36.5830,1
2024-05-26 18:30:00,17.9137,1,5.5827,1,36.5827,1
2024-05-26 19:00:00,17.9122,1,5.5824,1,36.5824,1
2024-05-26 19:30:00,17.9108,1,5.5822,1,36.5822,1
2024-05-26 20:00:00,17.9093,1,5.5819,1,36.5819,1
2024-05-26 20:30:00,17.9079,1,5.5816,1,36.5816,1
2024-05-26 21:00:00,17.9064,1,5.5813,1,36.5813,1
2024-05-26 21:30:00,17.9050,1,5.5810,1,36.5810,1
2024-05-26 22:00:00,17.9035,1,5.5807,1,36.5807,1
2024-05-26 22:30:00,17.9021,1,5.5804,1,36.5804,1
2024-05-26 23:00:00,17.9006,1,5.5801,1,36.5801,1
2024-05-26 23:30:00,17.8991,1,5.5798,1,36.5798,1
2024-05-27 00:00:00,17.8977,1,5.5795,1,36.5795,1
2024-05-27 00:30:00,17.8962,1,5.5792,1,36.5792,1
2024-05-27 01:00:00,17.8948,1,5.5790,1,36.5790,1
2024-05-27 01:30:00,17.8933,1,5.5787,1,36.5787,1
2024-05-27 02:00:00,17.8919,1,5.5784,1,36.5784,1
2024-05-27 02:30:00,17.8904,1,5.5781,1,36.5781,1
2024-05-27 03:00:00,17.8889,1,5.5778,1,36.5778,1
2024-05-27 03:30:00,17.8875,1,5.5775,1,36.5775,1
2024-05-27 04:00:00,17.8860,1,5.5772,1,36.5772,1
2024-05-27 04:30:00,17.8846,1,5.5769,1,36.5769,1
2024-05-27 05:00:00,17.8831,1,5.5766,1,36.5766,1
2024-05-27 05:30:00,17.8816,1,5.5763,1,36.5763,1
2024-05-27 06:00:00,17.8802,1,5.5760,1,36.5760,1
2024-05-27 06:30:00,17.8787,1,5.5757,1,36.5757,1
2024-05-27 07:00:00,17.8773,1,5.5755,1,36.5755,1
2024-05-27 07:30:00,17.8758,1,5.5752,1,36.5752,1
2024-05-27 08:00:00,17.8743,1,5.5749,1,36.5749,1
2024-05-27 08:30:00,17.8729,1,5.5746,1,36.5746,1
2024-05-27 09:00:00,17.8714,1,5.5743,1,36.5743,1
2024-05-27 09:30:00,17.8699,1,5.5740,1,36.5740,1
2024-05-27 10:00:00,17.8685,1,5.5737,1,36.5737,1
2024-05-27 10:30:00,17.8670,1,5.5734,1,36.5734,1
2024-05-27 11:00:00,17.8655,1,5.5731,1,36.5731,1
2024-05-27 11:30:00,17.8641,1,5.5728,1,36.5728,1
2024-05-27 12:00:00,17.8626,1,5.5725,1,36.5725,1
2024-05-27 12:30:00,17.8611,1,5.5722,1,36.5722,1
2024-05-27 13:00:00,17.8597,1,5.5719,1,36.5719,1
2024-05-27 13:30:00,17.8582,1,5.5716,1,36.5716,1
2024-05-27 14:00:00,17.8567,1,5.5713,1,36.5713,1
2024-05-27 14:30:00,17.8553,1,5.5711,1,36.5711,1
2024-05-27 15:00:00,17.8538,1,5.5708,1,36.5708,1
2024-05-27 15:30:00,17.8523,1,5.5705,1,36.5705,1
2024-05-27 16:00:00,17.8509,1,5.5702,1,36.5702,1
2024-05-27 16:30:00,17.8494,1,5.5699,1,36.5699,1
2024-05-27 17:00:00,17.8479,1,5.5696,1,36.5696,1
2024-05-27 17:30:00,17.8465,1,5.5693,1,36.5693,1
2024-05-27 18:00:00,17.8450,1,5.5690,1,36.5690,1
2024-05-27 18:30:00,17.8435,1,5.5687,1,36.5687,1
2024-05-27 19:00:00,17.8420,1,5.5684,1,36.5684,1
2024-05-27 19:30:00,17.8406,1,5.5681,1,36.5681,1
2024-05-27 20:00:00,17.8391,1,5.5678,1,36.5678,1
2024-05-27 20:30:00,17.8376,1,5.5675,1,36.5675,1
2024-05-27 21:00:00,17.8362,1,5.5672,1,36.5672,1
2024-05-27 21:30:00,17.8347,1,5.5669,1,36.5669,1
2024-05-27 22:00:00,17.8332,1,5.5666,1,36.5666,1
2024-05-27 22:30:00,17.8317,1,5.5663,1,36.5663,1
2024-05-27 23:00:00,17.8303,1,5.5661,1,36.5661,1
2024-05-27 23:30:00,17.8288,1,5.5658,1,36.5658,1
2024-05-28 00:00:00,17.8273,1,5.5655,1,36.5655,1
2024-05-28 00:30:00,17.8258,1,5.5652,1,36.5652,1
2024-05-28 01:00:00,17.8244,1,5.5649,1,36.5649,1
2024-05-28 01:30:00,17.8229,1,5.5646,1,36.5646,1
2024-05-28 02:00:00,17.8214,1,5.5643,1,36.5643,1
2024-05-28 02:30:00,17.8199,1,5.5640,1,36.5640,1
2024-05-28 03:00:00,17.8185,1,5.5637,1,36.5637,1
2024-05-28 03:30:00,17.8170,1,5.5634,1,36.5634,1
2024-05-28 04:00:00,17.8155,1,5.5631,1,36.5631,1
2024-05-28 04:30:00,17.8140,1,5.5628,1,36.5628,1
2024-05-28 05:00:00,17.8126,1,5.5625,1,36.5625,1
2024-05-28 05:30:00,17.8111,1,5.5622,1,36.5622,1
2024-05-28 06:00:00,17.8096,1,5.5619,1,36.5619,1
2024-05-28 06:30:00,17.8081,1,5.5616,1,36.5616,1
2024-05-28 07:00:00,17.8066,1,5.5613,1,36.5613,1
2024-05-28 07:30:00,17.8052,1,5.5610,1,36.5610,1
2024-05-28 08:00:00,17.8037,1,5.5607,1,36.5607,1
2024-05-28 08:30:00,17.8022,1,5.5604,1,36.5604,1
2024-05-28 09:00:00,17.8007,1,5.5601,1,36.5601,1
2024-05-28 09:30:00,17.7992,1,5.5598,1,36.5598,1
2024-05-28 10:00:00,17.7978,1,5.5596,1,36.5596,1
2024-05-28 10:30:00,17.7963,1,5.5593,1,36.5593,1
2024-05-28 11:00:00,17.7948,1,5.5590,1,36.5590,1
2024-05-28 11:30:00,17.7933,1,5.5587,1,36.5587,1
2024-05-28 12:00:00,17.7918,1,5.5584,1,36.5584,1
2024-05-28 12:30:00,17.7903,1,5.5581,1,36.5581,1
2024-05-28 13:00:00,17.7889,1,5.5578,1,36.5578,1
2024-05-28 13:30:00,17.7874,1,5.5575,1,36.5575,1
2024-05-28 14:00:00,17.7859,1,5.5572,1,36.5572,1
2024-05-28 14:30:00,17.7844,1,5.5569,1,36.5569,1
2024-05-28 15:00:00,17.7829,1,5.5566,1,36.5566,1
2024-05-28 15:30:00,17.7814,1,5.5563,1,36.5563,1
2024-05-28 16:00:00,17.7799,1,5.5560,1,36.5560,1
2024-05-28 16:30:00,17.7785,1,5.5557,1,36.5557,1
2024-05-28 17:00:00,17.7770,1,5.5554,1,36.5554,1
2024-05-28 17:30:00,17.7755,1,5.5551,1,36.5551,1
2024-05-28 18:00:00,17.7740,1,5.5548,1,36.5548,1
2024-05-28 18:30:00,17.7725,1,5.5545,1,36.5545,1
2024-05-28 19:00:00,17.7710,1,5.5542,1,36.5542,1
2024-05-28 19:30:00,17.7695,1,5.5539,1,36.5539,1
2024-05-28 20:00:00,17.7680,1,5.5536,1,36.5536,1
2024-05-28 20:30:00,17.7666,1,5.5533,1,36.5533,1
2024-05-28 21:00:00,17.7651,1,5.5530,1,36.5530,1
2024-05-28 21:30:00,17.7636,1,5.5527,1,36.5527,1
2024-05-28 22:00:00,17.7621,1,5.5524,1,36.5524,1
2024-05-28 22:30:00,17.7606,1,5.5521,1,36.5521,1
2024-05-28 23:00:00,17.7591,1,5.5518,1,36.5518,1
2024-05-28 23:30:00,17.7576,1,5.5515,1,36.5515,1
2024-05-29 00:00:00,17.7561,1,5.5512,1,36.5512,1
2024-05-29 00:30:00,17.7546,1,5.5509,1,36.5509,1
2024-05-29 01:00:00,17.7531,1,5.5506,1,36.5506,1
2024-05-29 01:30:00,17.7516,1,5.5503,1,36.5503,1
2024-05-29 02:00:00,17.7501,1,5.5500,1,36.5500,1
2024-05-29 02:30:00,17.7487,1,5.5497,1,36.5497,1
2024-05-29 03:00:00,17.7472,1,5.5494,1,36.5494,1
2024-05-29 03:30:00,17.7457,1,5.5491,1,36.5491,1
2024-05-29 04:00:00,17.7442,1,5.5488,1,36.5488,1
2024-05-29 04:30:00,17.7427,1,5.5485,1,36.5485,1
2024-05-29 05:00:00,17.7412,1,5.5482,1,36.5482,1
2024-05-29 05:30:00,17.7397,1,5.5479,1,36.5479,1
2024-05-29 06:00:00,17.7382,1,5.5476,1,36.5476,1
2024-05-29 06:30:00,17.7367,1,5.5473,1,36.5473,1
2024-05-29 07:00:00,17.7352,1,5.5470,1,36.5470,1
2024-05-29 07:30:00,17.7337,1,5.5467,1,36.5467,1
2024-05-29 08:00:00,17.7322,1,5.5464,1,36.5464,1
2024-05-29 08:30:00,17.7307,1,5.5461,1,36.5461,1
2024-05-29 09:00:00,17.7292,1,5.5458,1,36.5458,1
2024-05-29 09:30:00,17.7277,1,5.5455,1,36.5455,1
2024-05-29 10:00:00,17.7262,1,5.5452,1,36.5452,1
2024-05-29 10:30:00,17.7247,1,5.5449,1,36.5449,1
2024-05-29 11:00:00,17.7232,1,5.5446,1,36.5446,1
2024-05-29 11:30:00,17.7217,1,5.5443,1,36.5443,1
2024-05-29 12:00:00,17.7202,1,5.5440,1,36.5440,1
2024-05-29 12:30:00,17.7187,1,5.5437,1,36.5437,1
2024-05-29 13:00:00,17.7172,1,5.5434,1,36.5434,1
2024-05-29 13:30:00,17.7157,1,5.5431,1,36.5431,1
2024-05-29 14:00:00,17.7142,1,5.5428,1,36.5428,1
2024-05-29 14:30:00,17.7127,1,5.5425,1,36.5425,1
2024-05-29 15:00:00,17.7112,1,5.5422,1,36.5422,1
2024-05-29 15:30:00,17.7097,1,5.5419,1,36.5419,1
2024-05-29 16:00:00,17.7082,1,5.5416,1,36.5416,1
2024-05-29 16:30:00,17.7067,1,5.5413,1,36.5413,1
2024-05-29 17:00:00,17.7052,1,5.5410,1,36.5410,1
2024-05-29 17:30:00,17.7037,1,5.5407,1,36.5407,1
2024-05-29 18:00:00,17.7022,1,5.5404,1,36.5404,1
2024-05-29 18:30:00,17.7007,1,5.5401,1,36.5401,1
2024-05-29 19:00:00,17.6992,1,5.5398,1,36.5398,1
2024-05-29 19:30:00,17.6977,1,5.5395,1,36.5395,1
2024-05-29 20:00:00,17.6962,1,5.5392,1,36.5392,1
2024-05-29 20:30:00,17.6947,1,5.5389,1,36.5389,1
2024-05-29 21:00:00,17.6931,1,5.5386,1,36.5386,1
2024-05-29 21:30:00,17.6916,1,5.5383,1,36.5383,1
2024-05-29 22:00:00,17.6901,1,5.5380,1,36.5380,1
2024-05-29 22:30:00,17.6886,1,5.5377,1,36.5377,1
2024-05-29 23:00:00,17.6871,1,5.5374,1,36.5374,1
2024-05-29 23:30:00,17.6856,1,5.5371,1,36.5371,1
2024-05-30 00:00:00,17.6841,1,5.5368,1,36.5368,1
2024-05-30 00:30:00,17.6826,1,5.5365,1,36.5365,1
2024-05-30 01:00:00,17.6811,1,5.5362,1,36.5362,1
2024-05-30 01:30:00,17.6796,1,5.5359,1,36.5359,1
2024-05-30 02:00:00,17.6781,1,5.5356,1,36.5356,1
2024-05-30 02:30:00,17.6766,1,5.5353,1,36.5353,1
2024-05-30 03:00:00,17.6750,1,5.5350,1,36.5350,1
2024-05-30 03:30:00,17.6735,1,5.5347,1,36.5347,1
2024-05-30 04:00:00,17.6720,1,5.5344,1,36.5344,1
2024-05-30 04:30:00,17.6705,1,5.5341,1,36.5341,1
2024-05-30 05:00:00,17.6690,1,5.5338,1,36.5338,1
2024-05-30 05:30:00,17.6675,1,5.5335,1,36.5335,1
2024-05-30 06:00:00,17.6660,1,5.5332,1,36.5332,1
2024-05-30 06:30:00,17.6645,1,5.5329,1,36.5329,1
2024-05-30 07:00:00,17.6629,1,5.5326,1,36.5326,1
2024-05-30 07:30:00,17.6614,1,5.5323,1,36.5323,1
2024-05-30 08:00:00,17.6599,1,5.5320,1,36.5320,1
2024-05-30 08:30:00,17.6584,1,5.5317,1,36.5317,1
2024-05-30 09:00:00,17.6569,1,5.5314,1,36.5314,1
2024-05-30 09:30:00,17.6554,1,5.5311,1,36.5311,1
2024-05-30 10:00:00,17.6539,1,5.5308,1,36.5308,1
2024-05-30 10:30:00,17.6523,1,5.5305,1,36.5305,1
2024-05-30 11:00:00,17.6508,1,5.5302,1,36.5302,1
2024-05-30 11:30:00,17.6493,1,5.5299,1,36.5299,1
2024-05-30 12:00:00,17.6478,1,5.5296,1,36.5296,1
2024-05-30 12:30:00,17.6463,1,5.5293,1,36.5293,1
2024-05-30 13:00:00,17.6448,1,5.5290,1,36.5290,1
2024-05-30 13:30:00,17.6432,1,5.5286,1,36.5286,1
2024-05-30 14:00:00,17.6417,1,5.5283,1,36.5283,1
2024-05-30 14:30:00,17.6402,1,5.5280,1,36.5280,1
2024-05-30 15:00:00,17.6387,1,5.5277,1,36.5277,1
2024-05-30 15:30:00,17.6372,1,5.5274,1,36.5274,1
2024-05-30 16:00:00,17.6356,1,5.5271,1,36.5271,1
2024-05-30 16:30:00,17.6341,1,5.5268,1,36.5268,1
2024-05-30 17:00:00,17.6326,1,5.5265,1,36.5265,1
2024-05-30 17:30:00,17.6311,1,5.5262,1,36.5262,1
2024-05-30 18:00:00,17.6296,1,5.5259,1,36.5259,1
2024-05-30 18:30:00,17.6280,1,5.5256,1,36.5256,1
2024-05-30 19:00:00,17.6265,1,5.5253,1,36.5253,1
2024-05-30 19:30:00,17.6250,1,5.5250,1,36.5250,1
2024-05-30 20:00:00,17.6235,1,5.5247,1,36.5247,1
2024-05-30 20:30:00,17.6220,1,5.5244,1,36.5244,1
2024-05-30 21:00:00,17.6204,1,5.5241,1,36.5241,1
2024-05-30 21:30:00,17.6189,1,5.5238,1,36.5238,1
2024-05-30 22:00:00,17.6174,1,5.5235,1,36.5235,1
2024-05-30 22:30:00,17.6159,1,5.5232,1,36.5232,1
2024-05-30 23:00:00,17.6143,1,5.5229,1,36.5229,1
2024-05-30 23:30:00,17.6128,1,5.5226,1,36.5226,1
2024-05-31 00:00:00,17.6113,1,5.5223,1,36.5223,1
2024-05-31 00:30:00,17.6098,1,5.5220,1,36.5220,1
2024-05-31 01:00:00,17.6082,1,5.5216,1,36.5216,1
2024-05-31 01:30:00,17.6067,1,5.5213,1,36.5213,1
2024-05-31 02:00:00,17.6052,1,5.5210,1,36.5210,1
2024-05-31 02:30:00,17.6037,1,5.5207,1,36.5207,1
2024-05-31 03:00:00,17.6021,1,5.5204,1,36.5204,1
2024-05-31 03:30:00,17.6006,1,5.5201,1,36.5201,1
2024-05-31 04:00:00,17.5991,1,5.5198,1,36.5198,1
2024-05-31 04:30:00,17.5976,1,5.5195,1,36.5195,1
2024-05-31 05:00:00,17.5960,1,5.5192,1,36.5192,1
2024-05-31 05:30:00,17.5945,1,5.5189,1,36.5189,1
2024-05-31 06:00:00,17.5930,1,5.5186,1,36.5186,1
2024-05-31 06:30:00,17.5914,1,5.5183,1,36.5183,1
2024-05-31 07:00:00,17.5899,1,5.5180,1,36.5180,1
2024-05-31 07:30:00,17.5884,1,5.5177,1,36.5177,1
2024-05-31 08:00:00,17.5869,1,5.5174,1,36.5174,1
2024-05-31 08:30:00,17.5853,1,5.5171,1,36.5171,1
2024-05-31 09:00:00,17.5838,1,5.5168,1,36.5168,1
2024-05-31 09:30:00,17.5823,1,5.5165,1,36.5165,1
2024-05-31 10:00:00,17.5807,1,5.5161,1,36.5161,1
2024-05-31 10:30:00,17.5792,1,5.5158,1,36.5158,1
2024-05-31 11:00:00,17.5777,1,5.5155,1,36.5155,1
2024-05-31 11:30:00,17.5761,1,5.5152,1,36.5152,1
2024-05-31 12:00:00,17.5746,1,5.5149,1,36.5149,1
2024-05-31 12:30:00,17.5731,1,5.5146,1,36.5146,1
2024-05-31 13:00:00,17.5715,1,5.5143,1,36.5143,1
2024-05-31 13:30:00,17.5700,1,5.5140,1,36.5140,1
2024-05-31 14:00:00,17.5685,1,5.5137,1,36.5137,1
2024-05-31 14:30:00,17.5669,1,5.5134,1,36.5134,1
2024-05-31 15:00:00,17.5654,1,5.5131,1,36.5131,1
2024-05-31 15:30:00,17.5639,1,5.5128,1,36.5128,1
2024-05-31 16:00:00,17.5623,1,5.5125,1,36.5125,1
2024-05-31 16:30:00,17.5608,1,5.5122,1,36.5122,1
2024-05-31 17:00:00,17.5593,1,5.5119,1,36.5119,1
2024-05-31 17:30:00,17.5577,1,5.5115,1,36.5115,1
2024-05-31 18:00:00,17.5562,1,5.5112,1,36.5112,1
2024-05-31 18:30:00,17.5546,1,5.5109,1,36.5109,1
2024-05-31 19:00:00,17.5531,1,5.5106,1,36.5106,1
2024-05-31 19:30:00,17.5516,1,5.5103,1,36.5103,1
2024-05-31 20:00:00,17.5500,1,5.5100,1,36.5100,1
2024-05-31 20:30:00,17.5485,1,5.5097,1,36.5097,1
2024-05-31 21:00:00,17.5470,1,5.5094,1,36.5094,1
2024-05-31 21:30:00,17.5454,1,5.5091,1,36.5091,1
2024-05-31 22:00:00,17.5439,1,5.5088,1,36.5088,1
2024-05-31 22:30:00,17.5423,1,5.5085,1,36.5085,1
2024-05-31 23:00:00,17.5408,1,5.5082,1,36.5082,1
2024-05-31 23:30:00,17.5393,1,5.5079,1,36.5079,1
2024-06-01 00:00:00,17.5377,1,5.5075,1,36.5075,1
2024-06-01 00:30:00,17.5362,1,5.5072,1,36.5072,1
2024-06-01 01:00:00,17.5346,1,5.5069,1,36.5069,1
2024-06-01 01:30:00,17.5331,1,5.5066,1,36.5066,1
2024-06-01 02:00:00,17.5315,1,5.5063,1,36.5063,1
2024-06-01 02:30:00,17.5300,1,5.5060,1,36.5060,1
2024-06-01 03:00:00,17.5285,1,5.5057,1,36.5057,1
2024-06-01 03:30:00,17.5269,1,5.5054,1,36.5054,1
2024-06-01 04:00:00,17.5254,1,5.5051,1,36.5051,1
2024-06-01 04:30:00,17.5238,1,5.5048,1,36.5048,1
2024-06-01 05:00:00,17.5223,1,5.5045,1,36.5045,1
2024-06-01 05:30:00,17.5207,1,5.5041,1,36.5041,1
2024-06-01 06:00:00,17.5192,1,5.5038,1,36.5038,1
2024-06-01 06:30:00,17.5177,1,5.5035,1,36.5035,1
2024-06-01 07:00:00,17.5161,1,5.5032,1,36.5032,1
2024-06-01 07:30:00,17.5146,1,5.5029,1,36.5029,1
2024-06-01 08:00:00,17.5130,1,5.5026,1,36.5026,1
2024-06-01 08:30:00,17.5115,1,5.5023,1,36.5023,1
2024-06-01 09:00:00,17.5099,1,5.5020,1,36.5020,1
2024-06-01 09:30:00,17.5084,1,5.5017,1,36.5017,1
2024-06-01 10:00:00,17.5068,1,5.5014,1,36.5014,1
2024-06-01 10:30:00,17.5053,1,5.5011,1,36.5011,1
2024-06-01 11:00:00,17.5037,1,5.5007,1,36.5007,1
2024-06-01 11:30:00,17.5022,1,5.5004,1,36.5004,1
2024-06-01 12:00:00,17.5006,1,5.5001,1,36.5001,1
2024-06-01 12:30:00,17.4991,1,5.4998,1,36.4998,1
2024-06-01 13:00:00,17.4975,1,5.4995,1,36.4995,1
2024-06-01 13:30:00,17.4960,1,5.4992,1,36.4992,1
2024-06-01 14:00:00,17.4944,1,5.4989,1,36.4989,1
2024-06-01 14:30:00,17.4929,1,5.4986,1,36.4986,1
2024-06-01 15:00:00,17.4913,1,5.4983,1,36.4983,1
2024-06-01 15:30:00,17.4898,1,5.4980,1,36.4980,1
2024-06-01 16:00:00,17.4882,1,5.4976,1,36.4976,1
2024-06-01 16:30:00,17.4867,1,5.4973,1,36.4973,1
2024-06-01 17:00:00,17.4851,1,5.4970,1,36.4970,1
2024-06-01 17:30:00,17.4836,1,5.4967,1,36.4967,1
2024-06-01 18:00:00,17.4820,1,5.4964,1,36.4964,1
2024-06-01 18:30:00,17.4805,1,5.4961,1,36.4961,1
2024-06-01 19:00:00,17.4789,1,5.4958,1,36.4958,1
2024-06-01 19:30:00,17.4774,1,5.4955,1,36.4955,1
2024-06-01 20:00:00,17.4758,1,5.4952,1,36.4952,1
2024-06-01 20:30:00,17.4743,1,5.4949,1,36.4949,1
2024-06-01 21:00:00,17.4727,1,5.4945,1,36.4945,1
2024-06-01 21:30:00,17.4712,1,5.4942,1,36.4942,1
2024-06-01 22:00:00,17.4696,1,5.4939,1,36.4939,1
2024-06-01 22:30:00,17.4681,1,5.4936,1,36.4936,1
2024-06-01 23:00:00,17.4665,1,5.4933,1,36.4933,1
2024-06-01 23:30:00,17.4649,1,5.4930,1,36.4930,1
2024-06-02 00:00:00,17.4634,1,5.4927,1,36.4927,1
2024-06-02 00:30:00,17.4618,1,5.4924,1,36.4924,1
2024-06-02 01:00:00,17.4603,1,5.4921,1,36.4921,1
2024-06-02 01:30:00,17.4587,1,5.4917,1,36.4917,1
2024-06-02 02:00:00,17.4572,1,5.4914,1,36.4914,1
2024-06-02 02:30:00,17.4556,1,5.4911,1,36.4911,1
2024-06-02 03:00:00,17.4540,1,5.4908,1,36.4908,1
2024-06-02 03:30:00,17.4525,1,5.4905,1,36.4905,1
2024-06-02 04:00:00,17.4509,1,5.4902,1,36.4902,1
2024-06-02 04:30:00,17.4494,1,5.4899,1,36.4899,1
2024-06-02 05:00:00,17.4478,1,5.4896,1,36.4896,1
2024-06-02 05:30:00,17.4463,1,5.4893,1,36.4893,1
2024-06-02 06:00:00,17.4447,1,5.4889,1,36.4889,1
2024-06-02 06:30:00,17.4431,1,5.4886,1,36.4886,1
2024-06-02 07:00:00,17.4416,1,5.4883,1,36.4883,1
2024-06-02 07:30:00,17.4400,1,5.4880,1,36.4880,1
2024-06-02 08:00:00,17.4385,1,5.4877,1,36.4877,1
2024-06-02 08:30:00,17.4369,1,5.4874,1,36.4874,1
2024-06-02 09:00:00,17.4353,1,5.4871,1,36.4871,1
2024-06-02 09:30:00,17.4338,1,5.4868,1,36.4868,1
2024-06-02 10:00:00,17.4322,1,5.4864,1,36.4864,1
2024-06-02 10:30:00,17.4306,1,5.4861,1,36.4861,1
2024-06-02 11:00:00,17.4291,1,5.4858,1,36.4858,1
2024-06-02 11:30:00,17.4275,1,5.4855,1,36.4855,1
2024-06-02 12:00:00,17.4260,1,5.4852,1,36.4852,1
2024-06-02 12:30:00,17.4244,1,5.4849,1,36.4849,1
2024-06-02 13:00:00,17.4228,1,5.4846,1,36.4846,1
2024-06-02 13:30:00,17.4213,1,5.4843,1,36.4843,1
2024-06-02 14:00:00,17.4197,1,5.4839,1,36.4839,1
2024-06-02 14:30:00,17.4181,1,5.4836,1,36.4836,1
2024-06-02 15:00:00,17.4166,1,5.4833,1,36.4833,1
2024-06-02 15:30:00,17.4150,1,5.4830,1,36.4830,1
2024-06-02 16:00:00,17.4134,1,5.4827,1,36.4827,1
2024-06-02 16:30:00,17.4119,1,5.4824,1,36.4824,1
2024-06-02 17:00:00,17.4103,1,5.4821,1,36.4821,1
2024-06-02 17:30:00,17.4087,1,5.4817,1,36.4817,1
2024-06-02 18:00:00,17.4072,1,5.4814,1,36.4814,1
2024-06-02 18:30:00,17.4056,1,5.4811,1,36.4811,1
2024-06-02 19:00:00,17.4040,1,5.4808,1,36.4808,1
2024-06-02 19:30:00,17.4025,1,5.4805,1,36.4805,1
2024-06-02 20:00:00,17.4009,1,5.4802,1,36.4802,1
2024-06-02 20:30:00,17.3993,1,5.4799,1,36.4799,1
2024-06-02 21:00:00,17.3978,1,5.4796,1,36.4796,1
2024-06-02 21:30:00,17.3962,1,5.4792,1,36.4792,1
2024-06-02 22:00:00,17.3946,1,5.4789,1,36.4789,1
2024-06-02 22:30:00,17.3931,1,5.4786,1,36.4786,1
2024-06-02 23:00:00,17.3915,1,5.4783,1,36.4783,1
2024-06-02 23:30:00,17.3899,1,5.4780,1,36.4780,1
2024-06-03 00:00:00,17.3883,1,5.4777,1,36.4777,1
2024-06-03 00:30:00,17.3868,1,5.4774,1,36.4774,1
2024-06-03 01:00:00,17.3852,1,5.4770,1,36.4770,1
2024-06-03 01:30:00,17.3836,1,5.4767,1,36.4767,1
2024-06-03 02:00:00,17.3821,1,5.4764,1,36.4764,1
2024-06-03 02:30:00,17.3805,1,5.4761,1,36.4761,1
2024-06-03 03:00:00,17.3789,1,5.4758,1,36.4758,1
2024-06-03 03:30:00,17.3773,1,5.4755,1,36.4755,1
2024-06-03 04:00:00,17.3758,1,5.4752,1,36.4752,1
2024-06-03 04:30:00,17.3742,1,5.4748,1,36.4748,1
2024-06-03 05:00:00,17.3726,1,5.4745,1,36.4745,1
2024-06-03 05:30:00,17.3710,1,5.4742,1,36.4742,1
2024-06-03 06:00:00,17.3695,1,5.4739,1,36.4739,1
2024-06-03 06:30:00,17.3679,1,5.4736,1,36.4736,1
2024-06-03 07:00:00,17.3663,1,5.4733,1,36.4733,1
2024-06-03 07:30:00,17.3647,1,5.4729,1,36.4729,1
2024-06-03 08:00:00,17.3632,1,5.4726,1,36.4726,1
2024-06-03 08:30:00,17.3616,1,5.4723,1,36.4723,1
2024-06-03 09:00:00,17.3600,1,5.4720,1,36.4720,1
2024-06-03 09:30:00,17.3584,1,5.4717,1,36.4717,1
2024-06-03 10:00:00,17.3569,1,5.4714,1,36.4714,1
2024-06-03 10:30:00,17.3553,1,5.4711,1,36.4711,1
2024-06-03 11:00:00,17.3537,1,5.4707,1,36.4707,1
2024-06-03 11:30:00,17.3521,1,5.4704,1,36.4704,1
2024-06-03 12:00:00,17.3505,1,5.4701,1,36.4701,1
2024-06-03 12:30:00,17.3490,1,5.4698,1,36.4698,1
2024-06-03 13:00:00,17.3474,1,5.4695,1,36.4695,1
2024-06-03 13:30:00,17.3458,1,5.4692,1,36.4692,1
2024-06-03 14:00:00,17.3442,1,5.4688,1,36.4688,1
2024-06-03 14:30:00,17.3427,1,5.4685,1,36.4685,1
2024-06-03 15:00:00,17.3411,1,5.4682,1,36.4682,1
2024-06-03 15:30:00,17.3395,1,5.4679,1,36.4679,1
2024-06-03 16:00:00,17.3379,1,5.4676,1,36.4676,1
2024-06-03 16:30:00,17.3363,1,5.4673,1,36.4673,1
2024-06-03 17:00:00,17.3348,1,5.4670,1,36.4670,1
2024-06-03 17:30:00,17.3332,1,5.4666,1,36.4666,1
2024-06-03 18:00:00,17.3316,1,5.4663,1,36.4663,1
2024-06-03 18:30:00,17.3300,1,5.4660,1,36.4660,1
2024-06-03 19:00:00,17.3284,1,5.4657,1,36.4657,1
2024-06-03 19:30:00,17.3268,1,5.4654,1,36.4654,1
2024-06-03 20:00:00,17.3253,1,5.4651,1,36.4651,1
2024-06-03 20:30:00,17.3237,1,5.4647,1,36.4647,1
2024-06-03 21:00:00,17.3221,1,5.4644,1,36.4644,1
2024-06-03 21:30:00,17.3205,1,5.4641,1,36.4641,1
2024-06-03 22:00:00,17.3189,1,5.4638,1,36.4638,1
2024-06-03 22:30:00,17.3173,1,5.4635,1,36.4635,1
2024-06-03 23:00:00,17.3158,1,5.4632,1,36.4632,1
2024-06-03 23:30:00,17.3142,1,5.4628,1,36.4628,1
2024-06-04 00:00:00,17.3126,1,5.4625,1,36.4625,1
2024-06-04 00:30:00,17.3110,1,5.4622,1,36.4622,1
2024-06-04 01:00:00,17.3094,1,5.4619,1,36.4619,1
2024-06-04 01:30:00,17.3078,1,5.4616,1,36.4616,1
2024-06-04 02:00:00,17.3062,1,5.4612,1,36.4612,1
2024-06-04 02:30:00,17.3047,1,5.4609,1,36.4609,1
2024-06-04 03:00:00,17.3031,1,5.4606,1,36.4606,1
2024-06-04 03:30:00,17.3015,1,5.4603,1,36.4603,1
2024-06-04 04:00:00,17.2999,1,5.4600,1,36.4600,1
2024-06-04 04:30:00,17.2983,1,5.4597,1,36.4597,1
2024-06-04 05:00:00,17.2967,1,5.4593,1,36.4593,1
2024-06-04 05:30:00,17.2951,1,5.4590,1,36.4590,1
2024-06-04 06:00:00,17.2935,1,5.4587,1,36.4587,1
2024-06-04 06:30:00,17.2920,1,5.4584,1,36.4584,1
2024-06-04 07:00:00,17.2904,1,5.4581,1,36.4581,1
2024-06-04 07:30:00,17.2888,1,5.4578,1,36.4578,1
2024-06-04 08:00:00,17.2872,1,5.4574,1,36.4574,1
2024-06-04 08:30:00,17.2856,1,5.4571,1,36.4571,1
2024-06-04 09:00:00,17.2840,1,5.4568,1,36.4568,1
2024-06-04 09:30:00,17.2824,1,5.4565,1,36.4565,1
2024-06-04 10:00:00,17.2808,1,5.4562,1,36.4562,1
2024-06-04 10:30:00,17.2792,1,5.4558,1,36.4558,1
2024-06-04 11:00:00,17.2776,1,5.4555,1,36.4555,1
2024-06-04 11:30:00,17.2760,1,5.4552,1,36.4552,1
2024-06-04 12:00:00,17.2745,1,5.4549,1,36.4549,1
2024-06-04 12:30:00,17.2729,1,5.4546,1,36.4546,1
2024-06-04 13:00:00,17.2713,1,5.4543,1,36.4543,1
2024-06-04 13:30:00,17.2697,1,5.4539,1,36.4539,1
2024-06-04 14:00:00,17.2681,1,5.4536,1,36.4536,1
2024-06-04 14:30:00,17.2665,1,5.4533,1,36.4533,1
2024-06-04 15:00:00,17.2649,1,5.4530,1,36.4530,1
2024-06-04 15:30:00,17.2633,1,5.4527,1,36.4527,1
2024-06-04 16:00:00,17.2617,1,5.4523,1,36.4523,1
2024-06-04 16:30:00,17.2601,1,5.4520,1,36.4520,1
2024-06-04 17:00:00,17.2585,1,5.4517,1,36.4517,1
2024-06-04 17:30:00,17.2569,1,5.4514,1,36.4514,1
2024-06-04 18:00:00,17.2553,1,5.4511,1,36.4511,1
2024-06-04 18:30:00,17.2537,1,5.4507,1,36.4507,1
2024-06-04 19:00:00,17.2521,1,5.4504,1,36.4504,1
2024-06-04 19:30:00,17.2505,1,5.4501,1,36.4501,1
2024-06-04 20:00:00,17.2489,1,5.4498,1,36.4498,1
2024-06-04 20:30:00,17.2473,1,5.4495,1,36.4495,1
2024-06-04 21:00:00,17.2457,1,5.4491,1,36.4491,1
2024-06-04 21:30:00,17.2441,1,5.4488,1,36.4488,1
2024-06-04 22:00:00,17.2425,1,5.4485,1,36.4485,1
2024-06-04 22:30:00,17.2409,1,5.4482,1,36.4482,1
2024-06-04 23:00:00,17.2393,1,5.4479,1,36.4479,1
2024-06-04 23:30:00,17.2377,1,5.4475,1,36.4475,1
2024-06-05 00:00:00,17.2362,1,5.4472,1,36.4472,1
2024-06-05 00:30:00,17.2346,1,5.4469,1,36.4469,1
2024-06-05 01:00:00,17.2330,1,5.4466,1,36.4466,1
2024-06-05 01:30:00,17.2314,1,5.4463,1,36.4463,1
2024-06-05 02:00:00,17.2298,1,5.4460,1,36.4460,1
2024-06-05 02:30:00,17.2282,1,5.4456,1,36.4456,1
2024-06-05 03:00:00,17.2265,1,5.4453,1,36.4453,1
2024-06-05 03:30:00,17.2249,1,5.4450,1,36.4450,1
2024-06-05 04:00:00,17.2233,1,5.4447,1,36.4447,1
2024-06-05 04:30:00,17.2217,1,5.4443,1,36.4443,1
2024-06-05 05:00:00,17.2201,1,5.4440,1,36.4440,1
2024-06-05 05:30:00,17.2185,1,5.4437,1,36.4437,1
2024-06-05 06:00:00,17.2169,1,5.4434,1,36.4434,1
2024-06-05 06:30:00,17.2153,1,5.4431,1,36.4431,1
2024-06-05 07:00:00,17.2137,1,5.4427,1,36.4427,1
2024-06-05 07:30:00,17.2121,1,5.4424,1,36.4424,1
2024-06-05 08:00:00,17.2105,1,5.4421,1,36.4421,1
2024-06-05 08:30:00,17.2089,1,5.4418,1,36.4418,1
2024-06-05 09:00:00,17.2073,1,5.4415,1,36.4415,1
2024-06-05 09:30:00,17.2057,1,5.4411,1,36.4411,1
2024-06-05 10:00:00,17.2041,1,5.4408,1,36.4408,1
2024-06-05 10:30:00,17.2025,1,5.4405,1,36.4405,1
2024-06-05 11:00:00,17.2009,1,5.4402,1,36.4402,1
2024-06-05 11:30:00,17.1993,1,5.4399,1,36.4399,1
2024-06-05 12:00:00,17.1977,1,5.4395,1,36.4395,1
2024-06-05 12:30:00,17.1961,1,5.4392,1,36.4392,1
2024-06-05 13:00:00,17.1945,1,5.4389,1,36.4389,1
2024-06-05 13:30:00,17.1929,1,5.4386,1,36.4386,1
2024-06-05 14:00:00,17.1913,1,5.4383,1,36.4383,1
2024-06-05 14:30:00,17.1897,1,5.4379,1,36.4379,1
2024-06-05 15:00:00,17.1880,1,5.4376,1,36.4376,1
2024-06-05 15:30:00,17.1864,1,5.4373,1,36.4373,1
2024-06-05 16:00:00,17.1848,1,5.4370,1,36.4370,1
2024-06-05 16:30:00,17.1832,1,5.4366,1,36.4366,1
2024-06-05 17:00:00,17.1816,1,5.4363,1,36.4363,1
2024-06-05 17:30:00,17.1800,1,5.4360,1,36.4360,1
2024-06-05 18:00:00,17.1784,1,5.4357,1,36.4357,1
2024-06-05 18:30:00,17.1768,1,5.4354,1,36.4354,1
2024-06-05 19:00:00,17.1752,1,5.4350,1,36.4350,1
2024-06-05 19:30:00,17.1736,1,5.4347,1,36.4347,1
2024-06-05 20:00:00,17.1720,1,5.4344,1,36.4344,1
2024-06-05 20:30:00,17.1703,1,5.4341,1,36.4341,1
2024-06-05 21:00:00,17.1687,1,5.4337,1,36.4337,1
2024-06-05 21:30:00,17.1671,1,5.4334,1,36.4334,1
2024-06-05 22:00:00,17.1655,1,5.4331,1,36.4331,1
2024-06-05 22:30:00,17.1639,1,5.4328,1,36.4328,1
2024-06-05 23:00:00,17.1623,1,5.4325,1,36.4325,1
2024-06-05 23:30:00,17.1607,1,5.4321,1,36.4321,1
2024-06-06 00:00:00,17.1591,1,5.4318,1,36.4318,1
2024-06-06 00:30:00,17.1574,1,5.4315,1,36.4315,1
2024-06-06 01:00:00,17.1558,1,5.4312,1,36.4312,1
2024-06-06 01:30:00,17.1542,1,5.4308,1,36.4308,1
2024-06-06 02:00:00,17.1526,1,5.4305,1,36.4305,1
2024-06-06 02:30:00,17.1510,1,5.4302,1,36.4302,1
2024-06-06 03:00:00,17.1494,1,5.4299,1,36.4299,1
2024-06-06 03:30:00,17.1478,1,5.4296,1,36.4296,1
2024-06-06 04:00:00,17.1461,1,5.4292,1,36.4292,1
2024-06-06 04:30:00,17.1445,1,5.4289,1,36.4289,1
2024-06-06 05:00:00,17.1429,1,5.4286,1,36.4286,1
2024-06-06 05:30:00,17.1413,1,5.4283,1,36.4283,1
2024-06-06 06:00:00,17.1397,1,5.4279,1,36.4279,1
2024-06-06 06:30:00,17.1381,1,5.4276,1,36.4276,1
2024-06-06 07:00:00,17.1364,1,5.4273,1,36.4273,1
2024-06-06 07:30:00,17.1348,1,5.4270,1,36.4270,1
2024-06-06 08:00:00,17.1332,1,5.4266,1,36.4266,1
2024-06-06 08:30:00,17.1316,1,5.4263,1,36.4263,1
2024-06-06 09:00:00,17.1300,1,5.4260,1,36.4260,1
2024-06-06 09:30:00,17.1284,1,5.4257,1,36.4257,1
2024-06-06 10:00:00,17.1267,1,5.4253,1,36.4253,1
2024-06-06 10:30:00,17.1251,1,5.4250,1,36.4250,1
2024-06-06 11:00:00,17.1235,1,5.4247,1,36.4247,1
2024-06-06 11:30:00,17.1219,1,5.4244,1,36.4244,1
2024-06-06 12:00:00,17.1203,1,5.4241,1,36.4241,1
2024-06-06 12:30:00,17.1186,1,5.4237,1,36.4237,1
2024-06-06 13:00:00,17.1170,1,5.4234,1,36.4234,1
2024-06-06 13:30:00,17.1154,1,5.4231,1,36.4231,1
2024-06-06 14:00:00,17.1138,1,5.4228,1,36.4228,1
2024-06-06 14:30:00,17.1122,1,5.4224,1,36.4224,1
2024-06-06 15:00:00,17.1105,1,5.4221,1,36.4221,1
2024-06-06 15:30:00,17.1089,1,5.4218,1,36.4218,1
2024-06-06 16:00:00,17.1073,1,5.4215,1,36.4215,1
2024-06-06 16:30:00,17.1057,1,5.4211,1,36.4211,1
2024-06-06 17:00:00,17.1041,1,5.4208,1,36.4208,1
2024-06-06 17:30:00,17.1024,1,5.4205,1,36.4205,1
2024-06-06 18:00:00,17.1008,1,5.4202,1,36.4202,1
2024-06-06 18:30:00,17.0992,1,5.4198,1,36.4198,1
2024-06-06 19:00:00,17.0976,1,5.4195,1,36.4195,1
2024-06-06 19:30:00,17.0959,1,5.4192,1,36.4192,1
2024-06-06 20:00:00,17.0943,1,5.4189,1,36.4189,1
2024-06-06 20:30:00,17.0927,1,5.4185,1,36.4185,1
2024-06-06 21:00:00,17.0911,1,5.4182,1,36.4182,1
2024-06-06 21:30:00,17.0895,1,5.4179,1,36.4179,1
2024-06-06 22:00:00,17.0878,1,5.4176,1,36.4176,1
2024-06-06 22:30:00,17.0862,1,5.4172,1,36.4172,1
2024-06-06 23:00:00,17.0846,1,5.4169,1,36.4169,1
2024-06-06 23:30:00,17.0830,1,5.4166,1,36.4166,1
2024-06-07 00:00:00,17.0813,1,5.4163,1,36.4163,1
2024-06-07 00:30:00,17.0797,1,5.4159,1,36.4159,1
2024-06-07 01:00:00,17.0781,1,5.4156,1,36.4156,1
2024-06-07 01:30:00,17.0764,1,5.4153,1,36.4153,1
2024-06-07 02:00:00,17.0748,1,5.4150,1,36.4150,1
2024-06-07 02:30:00,17.0732,1,5.4146,1,36.4146,1
2024-06-07 03:00:00,17.0716,1,5.4143,1,36.4143,1
2024-06-07 03:30:00,17.0699,1,5.4140,1,36.4140,1
2024-06-07 04:00:00,17.0683,1,5.4137,1,36.4137,1
2024-06-07 04:30:00,17.0667,1,5.4133,1,36.4133,1
2024-06-07 05:00:00,17.0651,1,5.4130,1,36.4130,1
2024-06-07 05:30:00,17.0634,1,5.4127,1,36.4127,1
2024-06-07 06:00:00,17.0618,1,5.4124,1,36.4124,1
2024-06-07 06:30:00,17.0602,1,5.4120,1,36.4120,1
2024-06-07 07:00:00,17.0585,1,5.4117,1,36.4117,1
2024-06-07 07:30:00,17.0569,1,5.4114,1,36.4114,1
2024-06-07 08:00:00,17.0553,1,5.4111,1,36.4111,1
2024-06-07 08:30:00,17.0536,1,5.4107,1,36.4107,1
2024-06-07 09:00:00,17.0520,1,5.4104,1,36.4104,1
2024-06-07 09:30:00,17.0504,1,5.4101,1,36.4101,1
2024-06-07 10:00:00,17.0488,1,5.4098,1,36.4098,1
2024-06-07 10:30:00,17.0471,1,5.4094,1,36.4094,1
2024-06-07 11:00:00,17.0455,1,5.4091,1,36.4091,1
2024-06-07 11:30:00,17.0439,1,5.4088,1,36.4088,1
2024-06-07 12:00:00,17.0422,1,5.4084,1,36.4084,1
2024-06-07 12:30:00,17.0406,1,5.4081,1,36.4081,1
2024-06-07 13:00:00,17.0390,1,5.4078,1,36.4078,1
2024-06-07 13:30:00,17.0373,1,5.4075,1,36.4075,1
2024-06-07 14:00:00,17.0357,1,5.4071,1,36.4071,1
2024-06-07 14:30:00,17.0341,1,5.4068,1,36.4068,1
2024-06-07 15:00:00,17.0324,1,5.4065,1,36.4065,1
2024-06-07 15:30:00,17.0308,1,5.4062,1,36.4062,1
2024-06-07 16:00:00,17.0292,1,5.4058,1,36.4058,1
2024-06-07 16:30:00,17.0275,1,5.4055,1,36.4055,1
2024-06-07 17:00:00,17.0259,1,5.4052,1,36.4052,1
2024-06-07 17:30:00,17.0243,1,5.4049,1,36.4049,1
2024-06-07 18:00:00,17.0226,1,5.4045,1,36.4045,1
2024-06-07 18:30:00,17.0210,1,5.4042,1,36.4042,1
2024-06-07 19:00:00,17.0194,1,5.4039,1,36.4039,1
2024-06-07 19:30:00,17.0177,1,5.4035,1,36.4035,1
2024-06-07 20:00:00,17.0161,1,5.4032,1,36.4032,1
2024-06-07 20:30:00,17.0144,1,5.4029,1,36.4029,1
2024-06-07 21:00:00,17.0128,1,5.4026,1,36.4026,1
2024-06-07 21:30:00,17.0112,1,5.4022,1,36.4022,1
2024-06-07 22:00:00,17.0095,1,5.4019,1,36.4019,1
2024-06-07 22:30:00,17.0079,1,5.4016,1,36.4016,1
2024-06-07 23:00:00,17.0063,1,5.4013,1,36.4013,1
2024-06-07 23:30:00,17.0046,1,5.4009,1,36.4009,1
2024-06-08 00:00:00,17.0030,1,5.4006,1,36.4006,1
2024-06-08 00:30:00,17.0013,1,5.4003,1,36.4003,1
2024-06-08 01:00:00,16.9997,1,5.3999,1,36.3999,1
2024-06-08 01:30:00,16.9981,1,5.3996,1,36.3996,1
2024-06-08 02:00:00,16.9964,1,5.3993,1,36.3993,1
2024-06-08 02:30:00,16.9948,1,5.3990,1,36.3990,1
2024-06-08 03:00:00,16.9931,1,5.3986,1,36.3986,1
2024-06-08 03:30:00,16.9915,1,5.3983,1,36.3983,1
2024-06-08 04:00:00,16.9899,1,5.3980,1,36.3980,1
2024-06-08 04:30:00,16.9882,1,5.3976,1,36.3976,1
2024-06-08 05:00:00,16.9866,1,5.3973,1,36.3973,1
2024-06-08 05:30:00,16.9849,1,5.3970,1,36.3970,1
2024-06-08 06:00:00,16.9833,1,5.3967,1,36.3967,1
2024-06-08 06:30:00,16.9817,1,5.3963,1,36.3963,1
2024-06-08 07:00:00,16.9800,1,5.3960,1,36.3960,1
2024-06-08 07:30:00,16.9784,1,5.3957,1,36.3957,1
2024-06-08 08:00:00,16.9767,1,5.3953,1,36.3953,1
2024-06-08 08:30:00,16.9751,1,5.3950,1,36.3950,1
2024-06-08 09:00:00,16.9734,1,5.3947,1,36.3947,1
2024-06-08 09:30:00,16.9718,1,5.3944,1,36.3944,1
2024-06-08 10:00:00,16.9702,1,5.3940,1,36.3940,1
2024-06-08 10:30:00,16.9685,1,5.3937,1,36.3937,1
2024-06-08 11:00:00,16.9669,1,5.3934,1,36.3934,1
2024-06-08 11:30:00,16.9652,1,5.3930,1,36.3930,1
2024-06-08 12:00:00,16.9636,1,5.3927,1,36.3927,1
2024-06-08 12:30:00,16.9619,1,5.3924,1,36.3924,1
2024-06-08 13:00:00,16.9603,1,5.3921,1,36.3921,1
2024-06-08 13:30:00,16.9587,1,5.3917,1,36.3917,1
2024-06-08 14:00:00,16.9570,1,5.3914,1,36.3914,1
2024-06-08 14:30:00,16.9554,1,5.3911,1,36.3911,1
2024-06-08 15:00:00,16.9537,1,5.3907,1,36.3907,1
2024-06-08 15:30:00,16.9521,1,5.3904,1,36.3904,1
2024-06-08 16:00:00,16.9504,1,5.3901,1,36.3901,1
2024-06-08 16:30:00,16.9488,1,5.3898,1,36.3898,1
2024-06-08 17:00:00,16.9471,1,5.3894,1,36.3894,1
2024-06-08 17:30:00,16.9455,1,5.3891,1,36.3891,1
2024-06-08 18:00:00,16.9438,1,5.3888,1,36.3888,1
2024-06-08 18:30:00,16.9422,1,5.3884,1,36.3884,1
2024-06-08 19:00:00,16.9405,1,5.3881,1,36.3881,1
2024-06-08 19:30:00,16.9389,1,5.3878,1,36.3878,1
2024-06-08 20:00:00,16.9372,1,5.3874,1,36.3874,1
2024-06-08 20:30:00,16.9356,1,5.3871,1,36.3871,1
2024-06-08 21:00:00,16.9339,1,5.3868,1,36.3868,1
2024-06-08 21:30:00,16.9323,1,5.3865,1,36.3865,1
2024-06-08 22:00:00,16.9306,1,5.3861,1,36.3861,1
2024-06-08 22:30:00,16.9290,1,5.3858,1,36.3858,1
2024-06-08 23:00:00,16.9273,1,5.3855,1,36.3855,1
2024-06-08 23:30:00,16.9257,1,5.3851,1,36.3851,1
2024-06-09 00:00:00,16.9240,1,5.3848,1,36.3848,1
2024-06-09 00:30:00,16.9224,1,5.3845,1,36.3845,1
2024-06-09 01:00:00,16.9207,1,5.3841,1,36.3841,1
2024-06-09 01:30:00,16.9191,1,5.3838,1,36.3838,1
2024-06-09 02:00:00,16.9174,1,5.3835,1,36.3835,1
2024-06-09 02:30:00,16.9158,1,5.3832,1,36.3832,1
2024-06-09 03:00:00,16.9141,1,5.3828,1,36.3828,1
2024-06-09 03:30:00,16.9125,1,5.3825,1,36.3825,1
2024-06-09 04:00:00,16.9108,1,5.3822,1,36.3822,1
2024-06-09 04:30:00,16.9092,1,5.3818,1,36.3818,1
2024-06-09 05:00:00,16.9075,1,5.3815,1,36.3815,1
2024-06-09 05:30:00,16.9059,1,5.3812,1,36.3812,1
2024-06-09 06:00:00,16.9042,1,5.3808,1,36.3808,1
2024-06-09 06:30:00,16.9026,1,5.3805,1,36.3805,1
2024-06-09 07:00:00,16.9009,1,5.3802,1,36.3802,1
2024-06-09 07:30:00,16.8993,1,5.3799,1,36.3799,1
2024-06-09 08:00:00,16.8976,1,5.3795,1,36.3795,1
2024-06-09 08:30:00,16.8960,1,5.3792,1,36.3792,1
2024-06-09 09:00:00,16.8943,1,5.3789,1,36.3789,1
2024-06-09 09:30:00,16.8926,1,5.3785,1,36.3785,1
2024-06-09 10:00:00,16.8910,1,5.3782,1,36.3782,1
2024-06-09 10:30:00,16.8893,1,5.3779,1,36.3779,1
2024-06-09 11:00:00,16.8877,1,5.3775,1,36.3775,1
2024-06-09 11:30:00,16.8860,1,5.3772,1,36.3772,1
2024-06-09 12:00:00,16.8844,1,5.3769,1,36.3769,1
2024-06-09 12:30:00,16.8827,1,5.3765,1,36.3765,1
2024-06-09 13:00:00,16.8811,1,5.3762,1,36.3762,1
2024-06-09 13:30:00,16.8794,1,5.3759,1,36.3759,1
2024-06-09 14:00:00,16.8777,1,5.3755,1,36.3755,1
2024-06-09 14:30:00,16.8761,1,5.3752,1,36.3752,1
2024-06-09 15:00:00,16.8744,1,5.3749,1,36.3749,1
2024-06-09 15:30:00,16.8728,1,5.3746,1,36.3746,1
2024-06-09 16:00:00,16.8711,1,5.3742,1,36.3742,1
2024-06-09 16:30:00,16.8694,1,5.3739,1,36.3739,1
2024-06-09 17:00:00,16.8678,1,5.3736,1,36.3736,1
2024-06-09 17:30:00,16.8661,1,5.3732,1,36.3732,1
2024-06-09 18:00:00,16.8645,1,5.3729,1,36.3729,1
2024-06-09 18:30:00,16.8628,1,5.3726,1,36.3726,1
2024-06-09 19:00:00,16.8612,1,5.3722,1,36.3722,1
2024-06-09 19:30:00,16.8595,1,5.3719,1,36.3719,1
2024-06-09 20:00:00,16.8578,1,5.3716,1,36.3716,1
2024-06-09 20:30:00,16.8562,1,5.3712,1,36.3712,1
2024-06-09 21:00:00,16.8545,1,5.3709,1,36.3709,1
2024-06-09 21:30:00,16.8529,1,5.3706,1,36.3706,1
2024-06-09 22:00:00,16.8512,1,5.3702,1,36.3702,1
2024-06-09 22:30:00,16.8495,1,5.3699,1,36.3699,1
2024-06-09 23:00:00,16.8479,1,5.3696,1,36.3696,1
2024-06-09 23:30:00,16.8462,1,5.3692,1,36.3692,1
2024-06-10 00:00:00,16.8445,1,5.3689,1,36.3689,1
2024-06-10 00:30:00,16.8429,1,5.3686,1,36.3686,1
2024-06-10 01:00:00,16.8412,1,5.3682,1,36.3682,1
2024-06-10 01:30:00,16.8396,1,5.3679,1,36.3679,1
2024-06-10 02:00:00,16.8379,1,5.3676,1,36.3676,1
2024-06-10 02:30:00,16.8362,1,5.3672,1,36.3672,1
2024-06-10 03:00:00,16.8346,1,5.3669,1,36.3669,1
2024-06-10 03:30:00,16.8329,1,5.3666,1,36.3666,1
2024-06-10 04:00:00,16.8312,1,5.3662,1,36.3662,1
2024-06-10 04:30:00,16.8296,1,5.3659,1,36.3659,1
2024-06-10 05:00:00,16.8279,1,5.3656,1,36.3656,1
2024-06-10 05:30:00,16.8262,1,5.3652,1,36.3652,1
2024-06-10 06:00:00,16.8246,1,5.3649,1,36.3649,1
2024-06-10 06:30:00,16.8229,1,5.3646,1,36.3646,1
2024-06-10 07:00:00,16.8213,1,5.3643,1,36.3643,1
2024-06-10 07:30:00,16.8196,1,5.3639,1,36.3639,1
2024-06-10 08:00:00,16.8179,1,5.3636,1,36.3636,1
2024-06-10 08:30:00,16.8163,1,5.3633,1,36.3633,1
2024-06-10 09:00:00,16.8146,1,5.3629,1,36.3629,1
2024-06-10 09:30:00,16.8129,1,5.3626,1,36.3626,1
2024-06-10 10:00:00,16.8113,1,5.3623,1,36.3623,1
2024-06-10 10:30:00,16.8096,1,5.3619,1,36.3619,1
2024-06-10 11:00:00,16.8079,1,5.3616,1,36.3616,1
2024-06-10 11:30:00,16.8063,1,5.3613,1,36.3613,1
2024-06-10 12:00:00,16.8046,1,5.3609,1,36.3609,1
2024-06-10 12:30:00,16.8029,1,5.3606,1,36.3606,1
2024-06-10 13:00:00,16.8013,1,5.3603,1,36.3603,1
2024-06-10 13:30:00,16.7996,1,5.3599,1,36.3599,1
2024-06-10 14:00:00,16.7979,1,5.3596,1,36.3596,1
2024-06-10 14:30:00,16.7962,1,5.3592,1,36.3592,1
2024-06-10 15:00:00,16.7946,1,5.3589,1,36.3589,1
2024-06-10 15:30:00,16.7929,1,5.3586,1,36.3586,1
2024-06-10 16:00:00,16.7912,1,5.3582,1,36.3582,1
2024-06-10 16:30:00,16.7896,1,5.3579,1,36.3579,1
2024-06-10 17:00:00,16.7879,1,5.3576,1,36.3576,1
2024-06-10 17:30:00,16.7862,1,5.3572,1,36.3572,1
2024-06-10 18:00:00,16.7846,1,5.3569,1,36.3569,1
2024-06-10 18:30:00,16.7829,1,5.3566,1,36.3566,1
2024-06-10 19:00:00,16.7812,1,5.3562,1,36.3562,1
2024-06-10 19:30:00,16.7795,1,5.3559,1,36.3559,1
2024-06-10 20:00:00,16.7779,1,5.3556,1,36.3556,1
2024-06-10 20:30:00,16.7762,1,5.3552,1,36.3552,1
2024-06-10 21:00:00,16.7745,1,5.3549,1,36.3549,1
2024-06-10 21:30:00,16.7729,1,5.3546,1,36.3546,1
2024-06-10 22:00:00,16.7712,1,5.3542,1,36.3542,1
2024-06-10 22:30:00,16.7695,1,5.3539,1,36.3539,1
2024-06-10 23:00:00,16.7678,1,5.3536,1,36.3536,1
2024-06-10 23:30:00,16.7662,1,5.3532,1,36.3532,1
2024-06-11 00:00:00,16.7645,1,5.3529,1,36.3529,1
2024-06-11 00:30:00,16.7628,1,5.3526,1,36.3526,1
2024-06-11 01:00:00,16.7612,1,5.3522,1,36.3522,1
2024-06-11 01:30:00,16.7595,1,5.3519,1,36.3519,1
2024-06-11 02:00:00,16.7578,1,5.3516,1,36.3516,1
2024-06-11 02:30:00,16.7561,1,5.3512,1,36.3512,1
2024-06-11 03:00:00,16.7545,1,5.3509,1,36.3509,1
2024-06-11 03:30:00,16.7528,1,5.3506,1,36.3506,1
2024-06-11 04:00:00,16.7511,1,5.3502,1,36.3502,1
2024-06-11 04:30:00,16.7494,1,5.3499,1,36.3499,1
2024-06-11 05:00:00,16.7478,1,5.3496,1,36.3496,1
2024-06-11 05:30:00,16.7461,1,5.3492,1,36.3492,1
2024-06-11 06:00:00,16.7444,1,5.3489,1,36.3489,1
2024-06-11 06:30:00,16.7427,1,5.3485,1,36.3485,1
2024-06-11 07:00:00,16.7411,1,5.3482,1,36.3482,1
2024-06-11 07:30:00,16.7394,1,5.3479,1,36.3479,1
2024-06-11 08:00:00,16.7377,1,5.3475,1,36.3475,1
2024-06-11 08:30:00,16.7360,1,5.3472,1,36.3472,1
2024-06-11 09:00:00,16.7343,1,5.3469,1,36.3469,1
2024-06-11 09:30:00,16.7327,1,5.3465,1,36.3465,1
2024-06-11 10:00:00,16.7310,1,5.3462,1,36.3462,1
2024-06-11 10:30:00,16.7293,1,5.3459,1,36.3459,1
2024-06-11 11:00:00,16.7276,1,5.3455,1,36.3455,1
2024-06-11 11:30:00,16.7260,1,5.3452,1,36.3452,1
2024-06-11 12:00:00,16.7243,1,5.3449,1,36.3449,1
2024-06-11 12:30:00,16.7226,1,5.3445,1,36.3445,1
2024-06-11 13:00:00,16.7209,1,5.3442,1,36.3442,1
2024-06-11 13:30:00,16.7192,1,5.3438,1,36.3438,1
2024-06-11 14:00:00,16.7176,1,5.3435,1,36.3435,1
2024-06-11 14:30:00,16.7159,1,5.3432,1,36.3432,1
2024-06-11 15:00:00,16.7142,1,5.3428,1,36.3428,1
2024-06-11 15:30:00,16.7125,1,5.3425,1,36.3425,1
2024-06-11 16:00:00,16.7108,1,5.3422,1,36.3422,1
2024-06-11 16:30:00,16.7092,1,5.3418,1,36.3418,1
2024-06-11 17:00:00,16.7075,1,5.3415,1,36.3415,1
2024-06-11 17:30:00,16.7058,1,5.3412,1,36.3412,1
2024-06-11 18:00:00,16.7041,1,5.3408,1,36.3408,1
2024-06-11 18:30:00,16.7024,1,5.3405,1,36.3405,1
2024-06-11 19:00:00,16.7008,1,5.3402,1,36.3402,1
2024-06-11 19:30:00,16.6991,1,5.3398,1,36.3398,1
2024-06-11 20:00:00,16.6974,1,5.3395,1,36.3395,1
2024-06-11 20:30:00,16.6957,1,5.3391,1,36.3391,1
2024-06-11 21:00:00,16.6940,1,5.3388,1,36.3388,1
2024-06-11 21:30:00,16.6924,1,5.3385,1,36.3385,1
2024-06-11 22:00:00,16.6907,1,5.3381,1,36.3381,1
2024-06-11 22:30:00,16.6890,1,5.3378,1,36.3378,1
2024-06-11 23:00:00,16.6873,1,5.3375,1,36.3375,1
2024-06-11 23:30:00,16.6856,1,5.3371,1,36.3371,1
2024-06-12 00:00:00,16.6839,1,5.3368,1,36.3368,1
2024-06-12 00:30:00,16.6823,1,5.3365,1,36.3365,1
2024-06-12 01:00:00,16.6806,1,5.3361,1,36.3361,1
2024-06-12 01:30:00,16.6789,1,5.3358,1,36.3358,1
2024-06-12 02:00:00,16.6772,1,5.3354,1,36.3354,1
2024-06-12 02:30:00,16.6755,1,5.3351,1,36.3351,1
2024-06-12 03:00:00,16.6738,1,5.3348,1,36.3348,1
2024-06-12 03:30:00,16.6721,1,5.3344,1,36.3344,1
2024-06-12 04:00:00,16.6705,1,5.3341,1,36.3341,1
2024-06-12 04:30:00,16.6688,1,5.3338,1,36.3338,1
2024-06-12 05:00:00,16.6671,1,5.3334,1,36.3334,1
2024-06-12 05:30:00,16.6654,1,5.3331,1,36.3331,1
2024-06-12 06:00:00,16.6637,1,5.3327,1,36.3327,1
2024-06-12 06:30:00,16.6620,1,5.3324,1,36.3324,1
2024-06-12 07:00:00,16.6603,1,5.3321,1,36.3321,1
2024-06-12 07:30:00,16.6587,1,5.3317,1,36.3317,1
2024-06-12 08:00:00,16.6570,1,5.3314,1,36.3314,1
2024-06-12 08:30:00,16.6553,1,5.3311,1,36.3311,1
2024-06-12 09:00:00,16.6536,1,5.3307,1,36.3307,1
2024-06-12 09:30:00,16.6519,1,5.3304,1,36.3304,1
2024-06-12 10:00:00,16.6502,1,5.3300,1,36.3300,1
2024-06-12 10:30:00,16.6485,1,5.3297,1,36.3297,1
2024-06-12 11:00:00,16.6468,1,5.3294,1,36.3294,1
2024-06-12 11:30:00,16.6452,1,5.3290,1,36.3290,1
2024-06-12 12:00:00,16.6435,1,5.3287,1,36.3287,1
2024-06-12 12:30:00,16.6418,1,5.3284,1,36.3284,1
2024-06-12 13:00:00,16.6401,1,5.3280,1,36.3280,1
2024-06-12 13:30:00,16.6384,1,5.3277,1,36.3277,1
2024-06-12 14:00:00,16.6367,1,5.3273,1,36.3273,1
2024-06-12 14:30:00,16.6350,1,5.3270,1,36.3270,1
2024-06-12 15:00:00,16.6333,1,5.3267,1,36.3267,1
2024-06-12 15:30:00,16.6316,1,5.3263,1,36.3263,1
2024-06-12 16:00:00,16.6299,1,5.3260,1,36.3260,1
2024-06-12 16:30:00,16.6283,1,5.3257,1,36.3257,1
2024-06-12 17:00:00,16.6266,1,5.3253,1,36.3253,1
2024-06-12 17:30:00,16.6249,1,5.3250,1,36.3250,1
2024-06-12 18:00:00,16.6232,1,5.3246,1,36.3246,1
2024-06-12 18:30:00,16.6215,1,5.3243,1,36.3243,1
2024-06-12 19:00:00,16.6198,1,5.3240,1,36.3240,1
2024-06-12 19:30:00,16.6181,1,5.3236,1,36.3236,1
2024-06-12 20:00:00,16.6164,1,5.3233,1,36.3233,1
2024-06-12 20:30:00,16.6147,1,5.3229,1,36.3229,1
2024-06-12 21:00:00,16.6130,1,5.3226,1,36.3226,1
2024-06-12 21:30:00,16.6113,1,5.3223,1,36.3223,1
2024-06-12 22:00:00,16.6096,1,5.3219,1,36.3219,1
2024-06-12 22:30:00,16.6080,1,5.3216,1,36.3216,1
2024-06-12 23:00:00,16.6063,1,5.3213,1,36.3213,1
2024-06-12 23:30:00,16.6046,1,5.3209,1,36.3209,1
2024-06-13 00:00:00,16.6029,1,5.3206,1,36.3206,1
2024-06-13 00:30:00,16.6012,1,5.3202,1,36.3202,1
2024-06-13 01:00:00,16.5995,1,5.3199,1,36.3199,1
2024-06-13 01:30:00,16.5978,1,5.3196,1,36.3196,1
2024-06-13 02:00:00,16.5961,1,5.3192,1,36.3192,1
2024-06-13 02:30:00,16.5944,1,5.3189,1,36.3189,1
2024-06-13 03:00:00,16.5927,1,5.3185,1,36.3185,1
2024-06-13 03:30:00,16.5910,1,5.3182,1,36.3182,1
2024-06-13 04:00:00,16.5893,1,5.3179,1,36.3179,1
2024-06-13 04:30:00,16.5876,1,5.3175,1,36.3175,1
2024-06-13 05:00:00,16.5859,1,5.3172,1,36.3172,1
2024-06-13 05:30:00,16.5842,1,5.3168,1,36.3168,1
2024-06-13 06:00:00,16.5825,1,5.3165,1,36.3165,1
2024-06-13 06:30:00,16.5808,1,5.3162,1,36.3162,1
2024-06-13 07:00:00,16.5791,1,5.3158,1,36.3158,1
2024-06-13 07:30:00,16.5774,1,5.3155,1,36.3155,1
2024-06-13 08:00:00,16.5757,1,5.3151,1,36.3151,1
2024-06-13 08:30:00,16.5741,1,5.3148,1,36.3148,1
2024-06-13 09:00:00,16.5724,1,5.3145,1,36.3145,1
2024-06-13 09:30:00,16.5707,1,5.3141,1,36.3141,1
2024-06-13 10:00:00,16.5690,1,5.3138,1,36.3138,1
2024-06-13 10:30:00,16.5673,1,5.3135,1,36.3135,1
2024-06-13 11:00:00,16.5656,1,5.3131,1,36.3131,1
2024-06-13 11:30:00,16.5639,1,5.3128,1,36.3128,1
2024-06-13 12:00:00,16.5622,1,5.3124,1,36.3124,1
2024-06-13 12:30:00,16.5605,1,5.3121,1,36.3121,1
2024-06-13 13:00:00,16.5588,1,5.3118,1,36.3118,1
2024-06-13 13:30:00,16.5571,1,5.3114,1,36.3114,1
2024-06-13 14:00:00,16.5554,1,5.3111,1,36.3111,1
2024-06-13 14:30:00,16.5537,1,5.3107,1,36.3107,1
2024-06-13 15:00:00,16.5520,1,5.3104,1,36.3104,1
2024-06-13 15:30:00,16.5503,1,5.3101,1,36.3101,1
2024-06-13 16:00:00,16.5486,1,5.3097,1,36.3097,1
2024-06-13 16:30:00,16.5469,1,5.3094,1,36.3094,1
2024-06-13 17:00:00,16.5452,1,5.3090,1,36.3090,1
2024-06-13 17:30:00,16.5435,1,5.3087,1,36.3087,1
2024-06-13 18:00:00,16.5418,1,5.3084,1,36.3084,1
2024-06-13 18:30:00,16.5401,1,5.3080,1,36.3080,1
2024-06-13 19:00:00,16.5384,1,5.3077,1,36.3077,1
2024-06-13 19:30:00,16.5367,1,5.3073,1,36.3073,1
2024-06-13 20:00:00,16.5350,1,5.3070,1,36.3070,1
2024-06-13 20:30:00,16.5333,1,5.3067,1,36.3067,1
2024-06-13 21:00:00,16.5316,1,5.3063,1,36.3063,1
2024-06-13 21:30:00,16.5299,1,5.3060,1,36.3060,1
2024-06-13 22:00:00,16.5282,1,5.3056,1,36.3056,1
2024-06-13 22:30:00,16.5265,1,5.3053,1,36.3053,1
2024-06-13 23:00:00,16.5247,1,5.3049,1,36.3049,1
2024-06-13 23:30:00,16.5230,1,5.3046,1,36.3046,1
2024-06-14 00:00:00,16.5213,1,5.3043,1,36.3043,1
2024-06-14 00:30:00,16.5196,1,5.3039,1,36.3039,1
2024-06-14 01:00:00,16.5179,1,5.3036,1,36.3036,1
2024-06-14 01:30:00,16.5162,1,5.3032,1,36.3032,1
2024-06-14 02:00:00,16.5145,1,5.3029,1,36.3029,1
2024-06-14 02:30:00,16.5128,1,5.3026,1,36.3026,1
2024-06-14 03:00:00,16.5111,1,5.3022,1,36.3022,1
2024-06-14 03:30:00,16.5094,1,5.3019,1,36.3019,1
2024-06-14 04:00:00,16.5077,1,5.3015,1,36.3015,1
2024-06-14 04:30:00,16.5060,1,5.3012,1,36.3012,1
2024-06-14 05:00:00,16.5043,1,5.3009,1,36.3009,1
2024-06-14 05:30:00,16.5026,1,5.3005,1,36.3005,1
2024-06-14 06:00:00,16.5009,1,5.3002,1,36.3002,1
2024-06-14 06:30:00,16.4992,1,5.2998,1,36.2998,1
2024-06-14 07:00:00,16.4975,1,5.2995,1,36.2995,1
2024-06-14 07:30:00,16.4958,1,5.2992,1,36.2992,1
2024-06-14 08:00:00,16.4941,1,5.2988,1,36.2988,1
2024-06-14 08:30:00,16.4924,1,5.2985,1,36.2985,1
2024-06-14 09:00:00,16.4907,1,5.2981,1,36.2981,1
2024-06-14 09:30:00,16.4889,1,5.2978,1,36.2978,1
2024-06-14 10:00:00,16.4872,1,5.2974,1,36.2974,1
2024-06-14 10:30:00,16.4855,1,5.2971,1,36.2971,1
2024-06-14 11:00:00,16.4838,1,5.2968,1,36.2968,1
2024-06-14 11:30:00,16.4821,1,5.2964,1,36.2964,1
2024-06-14 12:00:00,16.4804,1,5.2961,1,36.2961,1
2024-06-14 12:30:00,16.4787,1,5.2957,1,36.2957,1
2024-06-14 13:00:00,16.4770,1,5.2954,1,36.2954,1
2024-06-14 13:30:00,16.4753,1,5.2951,1,36.2951,1
2024-06-14 14:00:00,16.4736,1,5.2947,1,36.2947,1
2024-06-14 14:30:00,16.4719,1,5.2944,1,36.2944,1
2024-06-14 15:00:00,16.4702,1,5.2940,1,36.2940,1
2024-06-14 15:30:00,16.4684,1,5.2937,1,36.2937,1
2024-06-14 16:00:00,16.4667,1,5.2933,1,36.2933,1
2024-06-14 16:30:00,16.4650,1,5.2930,1,36.2930,1
2024-06-14 17:00:00,16.4633,1,5.2927,1,36.2927,1
2024-06-14 17:30:00,16.4616,1,5.2923,1,36.2923,1
2024-06-14 18:00:00,16.4599,1,5.2920,1,36.2920,1
2024-06-14 18:30:00,16.4582,1,5.2916,1,36.2916,1
2024-06-14 19:00:00,16.4565,1,5.2913,1,36.2913,1
2024-06-14 19:30:00,16.4548,1,5.2910,1,36.2910,1
2024-06-14 20:00:00,16.4531,1,5.2906,1,36.2906,1
2024-06-14 20:30:00,16.4513,1,5.2903,1,36.2903,1
2024-06-14 21:00:00,16.4496,1,5.2899,1,36.2899,1
2024-06-14 21:30:00,16.4479,1,5.2896,1,36.2896,1
2024-06-14 22:00:00,16.4462,1,5.2892,1,36.2892,1
2024-06-14 22:30:00,16.4445,1,5.2889,1,36.2889,1
2024-06-14 23:00:00,16.4428,1,5.2886,1,36.2886,1
2024-06-14 23:30:00,16.4411,1,5.2882,1,36.2882,1
2024-06-15 00:00:00,16.4394,1,5.2879,1,36.2879,1
2024-06-15 00:30:00,16.4376,1,5.2875,1,36.2875,1
2024-06-15 01:00:00,16.4359,1,5.2872,1,36.2872,1
2024-06-15 01:30:00,16.4342,1,5.2868,1,36.2868,1
2024-06-15 02:00:00,16.4325,1,5.2865,1,36.2865,1
2024-06-15 02:30:00,16.4308,1,5.2862,1,36.2862,1
2024-06-15 03:00:00,16.4291,1,5.2858,1,36.2858,1
2024-06-15 03:30:00,16.4274,1,5.2855,1,36.2855,1
2024-06-15 04:00:00,16.4257,1,5.2851,1,36.2851,1
2024-06-15 04:30:00,16.4239,1,5.2848,1,36.2848,1
2024-06-15 05:00:00,16.4222,1,5.2844,1,36.2844,1
2024-06-15 05:30:00,16.4205,1,5.2841,1,36.2841,1
2024-06-15 06:00:00,16.4188,1,5.2838,1,36.2838,1
2024-06-15 06:30:00,16.4171,1,5.2834,1,36.2834,1
2024-06-15 07:00:00,16.4154,1,5.2831,1,36.2831,1
2024-06-15 07:30:00,16.4137,1,5.2827,1,36.2827,1
2024-06-15 08:00:00,16.4119,1,5.2824,1,36.2824,1
2024-06-15 08:30:00,16.4102,1,5.2820,1,36.2820,1
2024-06-15 09:00:00,16.4085,1,5.2817,1,36.2817,1
2024-06-15 09:30:00,16.4068,1,5.2814,1,36.2814,1
2024-06-15 10:00:00,16.4051,1,5.2810,1,36.2810,1
2024-06-15 10:30:00,16.4034,1,5.2807,1,36.2807,1
2024-06-15 11:00:00,16.4016,1,5.2803,1,36.2803,1
2024-06-15 11:30:00,16.3999,1,5.2800,1,36.2800,1
2024-06-15 12:00:00,16.3982,1,5.2796,1,36.2796,1
2024-06-15 12:30:00,16.3965,1,5.2793,1,36.2793,1
2024-06-15 13:00:00,16.3948,1,5.2790,1,36.2790,1
2024-06-15 13:30:00,16.3931,1,5.2786,1,36.2786,1
2024-06-15 14:00:00,16.3913,1,5.2783,1,36.2783,1
2024-06-15 14:30:00,16.3896,1,5.2779,1,36.2779,1
2024-06-15 15:00:00,16.3879,1,5.2776,1,36.2776,1
2024-06-15 15:30:00,16.3862,1,5.2772,1,36.2772,1
2024-06-15 16:00:00,16.3845,1,5.2769,1,36.2769,1
2024-06-15 16:30:00,16.3828,1,5.2766,1,36.2766,1
2024-06-15 17:00:00,16.3810,1,5.2762,1,36.2762,1
2024-06-15 17:30:00,16.3793,1,5.2759,1,36.2759,1
2024-06-15 18:00:00,16.3776,1,5.2755,1,36.2755,1
2024-06-15 18:30:00,16.3759,1,5.2752,1,36.2752,1
2024-06-15 19:00:00,16.3742,1,5.2748,1,36.2748,1
2024-06-15 19:30:00,16.3724,1,5.2745,1,36.2745,1
2024-06-15 20:00:00,16.3707,1,5.2741,1,36.2741,1
2024-06-15 20:30:00,16.3690,1,5.2738,1,36.2738,1
2024-06-15 21:00:00,16.3673,1,5.2735,1,36.2735,1
2024-06-15 21:30:00,16.3656,1,5.2731,1,36.2731,1
2024-06-15 22:00:00,16.3638,1,5.2728,1,36.2728,1
2024-06-15 22:30:00,16.3621,1,5.2724,1,36.2724,1
2024-06-15 23:00:00,16.3604,1,5.2721,1,36.2721,1
2024-06-15 23:30:00,16.3587,1,5.2717,1,36.2717,1
2024-06-16 00:00:00,16.3570,1,5.2714,1,36.2714,1
2024-06-16 00:30:00,16.3552,1,5.2710,1,36.2710,1
2024-06-16 01:00:00,16.3535,1,5.2707,1,36.2707,1
2024-06-16 01:30:00,16.3518,1,5.2704,1,36.2704,1
2024-06-16 02:00:00,16.3501,1,5.2700,1,36.2700,1
2024-06-16 02:30:00,16.3483,1,5.2697,1,36.2697,1
2024-06-16 03:00:00,16.3466,1,5.2693,1,36.2693,1
2024-06-16 03:30:00,16.3449,1,5.2690,1,36.2690,1
2024-06-16 04:00:00,16.3432,1,5.2686,1,36.2686,1
2024-06-16 04:30:00,16.3415,1,5.2683,1,36.2683,1
2024-06-16 05:00:00,16.3397,1,5.2679,1,36.2679,1
2024-06-16 05:30:00,16.3380,1,5.2676,1,36.2676,1
2024-06-16 06:00:00,16.3363,1,5.2673,1,36.2673,1
2024-06-16 06:30:00,16.3346,1,5.2669,1,36.2669,1
2024-06-16 07:00:00,16.3328,1,5.2666,1,36.2666,1
2024-06-16 07:30:00,16.3311,1,5.2662,1,36.2662,1
2024-06-16 08:00:00,16.3294,1,5.2659,1,36.2659,1
2024-06-16 08:30:00,16.3277,1,5.2655,1,36.2655,1
2024-06-16 09:00:00,16.3259,1,5.2652,1,36.2652,1
2024-06-16 09:30:00,16.3242,1,5.2648,1,36.2648,1
2024-06-16 10:00:00,16.3225,1,5.2645,1,36.2645,1
2024-06-16 10:30:00,16.3208,1,5.2642,1,36.2642,1
2024-06-16 11:00:00,16.3191,1,5.2638,1,36.2638,1
2024-06-16 11:30:00,16.3173,1,5.2635,1,36.2635,1
2024-06-16 12:00:00,16.3156,1,5.2631,1,36.2631,1
2024-06-16 12:30:00,16.3139,1,5.2628,1,36.2628,1
2024-06-16 13:00:00,16.3121,1,5.2624,1,36.2624,1
2024-06-16 13:30:00,16.3104,1,5.2621,1,36.2621,1
2024-06-16 14:00:00,16.3087,1,5.2617,1,36.2617,1
2024-06-16 14:30:00,16.3070,1,5.2614,1,36.2614,1
2024-06-16 15:00:00,16.3052,1,5.2610,1,36.2610,1
2024-06-16 15:30:00,16.3035,1,5.2607,1,36.2607,1
2024-06-16 16:00:00,16.3018,1,5.2604,1,36.2604,1
2024-06-16 16:30:00,16.3001,1,5.2600,1,36.2600,1
2024-06-16 17:00:00,16.2983,1,5.2597,1,36.2597,1
2024-06-16 17:30:00,16.2966,1,5.2593,1,36.2593,1
2024-06-16 18:00:00,16.2949,1,5.2590,1,36.2590,1
2024-06-16 18:30:00,16.2932,1,5.2586,1,36.2586,1
2024-06-16 19:00:00,16.2914,1,5.2583,1,36.2583,1
2024-06-16 19:30:00,16.2897,1,5.2579,1,36.2579,1
2024-06-16 20:00:00,16.2880,1,5.2576,1,36.2576,1
2024-06-16 20:30:00,16.2862,1,5.2572,1,36.2572,1
2024-06-16 21:00:00,16.2845,1,5.2569,1,36.2569,1
2024-06-16 21:30:00,16.2828,1,5.2566,1,36.2566,1
2024-06-16 22:00:00,16.2811,1,5.2562,1,36.2562,1
2024-06-16 22:30:00,16.2793,1,5.2559,1,36.2559,1
2024-06-16 23:00:00,16.2776,1,5.2555,1,36.2555,1
2024-06-16 23:30:00,16.2759,1,5.2552,1,36.2552,1
2024-06-17 00:00:00,16.2741,1,5.2548,1,36.2548,1
2024-06-17 00:30:00,16.2724,1,5.2545,1,36.2545,1
2024-06-17 01:00:00,16.2707,1,5.2541,1,36.2541,1
2024-06-17 01:30:00,16.2690,1,5.2538,1,36.2538,1
2024-06-17 02:00:00,16.2672,1,5.2534,1,36.2534,1
2024-06-17 02:30:00,16.2655,1,5.2531,1,36.2531,1
2024-06-17 03:00:00,16.2638,1,5.2528,1,36.2528,1
2024-06-17 03:30:00,16.2620,1,5.2524,1,36.2524,1
2024-06-17 04:00:00,16.2603,1,5.2521,1,36.2521,1
2024-06-17 04:30:00,16.2586,1,5.2517,1,36.2517,1
2024-06-17 05:00:00,16.2569,1,5.2514,1,36.2514,1
2024-06-17 05:30:00,16.2551,1,5.2510,1,36.2510,1
2024-06-17 06:00:00,16.2534,1,5.2507,1,36.2507,1
2024-06-17 06:30:00,16.2517,1,5.2503,1,36.2503,1
2024-06-17 07:00:00,16.2499,1,5.2500,1,36.2500,1
2024-06-17 07:30:00,16.2482,1,5.2496,1,36.2496,1
2024-06-17 08:00:00,16.2465,1,5.2493,1,36.2493,1
2024-06-17 08:30:00,16.2447,1,5.2489,1,36.2489,1
2024-06-17 09:00:00,16.2430,1,5.2486,1,36.2486,1
2024-06-17 09:30:00,16.2413,1,5.2483,1,36.2483,1
2024-06-17 10:00:00,16.2395,1,5.2479,1,36.2479,1
2024-06-17 10:30:00,16.2378,1,5.2476,1,36.2476,1
2024-06-17 11:00:00,16.2361,1,5.2472,1,36.2472,1
2024-06-17 11:30:00,16.2343,1,5.2469,1,36.2469,1
2024-06-17 12:00:00,16.2326,1,5.2465,1,36.2465,1
2024-06-17 12:30:00,16.2309,1,5.2462,1,36.2462,1
2024-06-17 13:00:00,16.2291,1,5.2458,1,36.2458,1
2024-06-17 13:30:00,16.2274,1,5.2455,1,36.2455,1
2024-06-17 14:00:00,16.2257,1,5.2451,1,36.2451,1
2024-06-17 14:30:00,16.2239,1,5.2448,1,36.2448,1
2024-06-17 15:00:00,16.2222,1,5.2444,1,36.2444,1
2024-06-17 15:30:00,16.2205,1,5.2441,1,36.2441,1
2024-06-17 16:00:00,16.2187,1,5.2437,1,36.2437,1
2024-06-17 16:30:00,16.2170,1,5.2434,1,36.2434,1
2024-06-17 17:00:00,16.2153,1,5.2431,1,36.2431,1
2024-06-17 17:30:00,16.2135,1,5.2427,1,36.2427,1
2024-06-17 18:00:00,16.2118,1,5.2424,1,36.2424,1
2024-06-17 18:30:00,16.2101,1,5.2420,1,36.2420,1
2024-06-17 19:00:00,16.2083,1,5.2417,1,36.2417,1
2024-06-17 19:30:00,16.2066,1,5.2413,1,36.2413,1
2024-06-17 20:00:00,16.2049,1,5.2410,1,36.2410,1
2024-06-17 20:30:00,16.2031,1,5.2406,1,36.2406,1
2024-06-17 21:00:00,16.2014,1,5.2403,1,36.2403,1
2024-06-17 21:30:00,16.1996,1,5.2399,1,36.2399,1
2024-06-17 22:00:00,16.1979,1,5.2396,1,36.2396,1
2024-06-17 22:30:00,16.1962,1,5.2392,1,36.2392,1
2024-06-17 23:00:00,16.1944,1,5.2389,1,36.2389,1
2024-06-17 23:30:00,16.1927,1,5.2385,1,36.2385,1
2024-06-18 00:00:00,16.1910,1,5.2382,1,36.2382,1
2024-06-18 00:30:00,16.1892,1,5.2378,1,36.2378,1
2024-06-18 01:00:00,16.1875,1,5.2375,1,36.2375,1
2024-06-18 01:30:00,16.1858,1,5.2372,1,36.2372,1
2024-06-18 02:00:00,16.1840,1,5.2368,1,36.2368,1
2024-06-18 02:30:00,16.1823,1,5.2365,1,36.2365,1
2024-06-18 03:00:00,16.1805,1,5.2361,1,36.2361,1
2024-06-18 03:30:00,16.1788,1,5.2358,1,36.2358,1
2024-06-18 04:00:00,16.1771,1,5.2354,1,36.2354,1
2024-06-18 04:30:00,16.1753,1,5.2351,1,36.2351,1
2024-06-18 05:00:00,16.1736,1,5.2347,1,36.2347,1
2024-06-18 05:30:00,16.1719,1,5.2344,1,36.2344,1
2024-06-18 06:00:00,16.1701,1,5.2340,1,36.2340,1
2024-06-18 06:30:00,16.1684,1,5.2337,1,36.2337,1
2024-06-18 07:00:00,16.1666,1,5.2333,1,36.2333,1
2024-06-18 07:30:00,16.1649,1,5.2330,1,36.2330,1
2024-06-18 08:00:00,16.1632,1,5.2326,1,36.2326,1
2024-06-18 08:30:00,16.1614,1,5.2323,1,36.2323,1
2024-06-18 09:00:00,16.1597,1,5.2319,1,36.2319,1
2024-06-18 09:30:00,16.1579,1,5.2316,1,36.2316,1
2024-06-18 10:00:00,16.1562,1,5.2312,1,36.2312,1
2024-06-18 10:30:00,16.1545,1,5.2309,1,36.2309,1
2024-06-18 11:00:00,16.1527,1,5.2305,1,36.2305,1
2024-06-18 11:30:00,16.1510,1,5.2302,1,36.2302,1
2024-06-18 12:00:00,16.1492,1,5.2298,1,36.2298,1
2024-06-18 12:30:00,16.1475,1,5.2295,1,36.2295,1
2024-06-18 13:00:00,16.1458,1,5.2292,1,36.2292,1
2024-06-18 13:30:00,16.1440,1,5.2288,1,36.2288,1
2024-06-18 14:00:00,16.1423,1,5.2285,1,36.2285,1
2024-06-18 14:30:00,16.1405,1,5.2281,1,36.2281,1
2024-06-18 15:00:00,16.1388,1,5.2278,1,36.2278,1
2024-06-18 15:30:00,16.1371,1,5.2274,1,36.2274,1
2024-06-18 16:00:00,16.1353,1,5.2271,1,36.2271,1
2024-06-18 16:30:00,16.1336,1,5.2267,1,36.2267,1
2024-06-18 17:00:00,16.1318,1,5.2264,1,36.2264,1
2024-06-18 17:30:00,16.1301,1,5.2260,1,36.2260,1
2024-06-18 18:00:00,16.1284,1,5.2257,1,36.2257,1
2024-06-18 18:30:00,16.1266,1,5.2253,1,36.2253,1
2024-06-18 19:00:00,16.1249,1,5.2250,1,36.2250,1
2024-06-18 19:30:00,16.1231,1,5.2246,1,36.2246,1
2024-06-18 20:00:00,16.1214,1,5.2243,1,36.2243,1
2024-06-18 20:30:00,16.1196,1,5.2239,1,36.2239,1
2024-06-18 21:00:00,16.1179,1,5.2236,1,36.2236,1
2024-06-18 21:30:00,16.1162,1,5.2232,1,36.2232,1
2024-06-18 22:00:00,16.1144,1,5.2229,1,36.2229,1
2024-06-18 22:30:00,16.1127,1,5.2225,1,36.2225,1
2024-06-18 23:00:00,16.1109,1,5.2222,1,36.2222,1
2024-06-18 23:30:00,16.1092,1,5.2218,1,36.2218,1
2024-06-19 00:00:00,16.1074,1,5.2215,1,36.2215,1
2024-06-19 00:30:00,16.1057,1,5.2211,1,36.2211,1
2024-06-19 01:00:00,16.1039,1,5.2208,1,36.2208,1
2024-06-19 01:30:00,16.1022,1,5.2204,1,36.2204,1
2024-06-19 02:00:00,16.1005,1,5.2201,1,36.2201,1
2024-06-19 02:30:00,16.0987,1,5.2197,1,36.2197,1
2024-06-19 03:00:00,16.0970,1,5.2194,1,36.2194,1
2024-06-19 03:30:00,16.0952,1,5.2190,1,36.2190,1
2024-06-19 04:00:00,16.0935,1,5.2187,1,36.2187,1
2024-06-19 04:30:00,16.0917,1,5.2183,1,36.2183,1
2024-06-19 05:00:00,16.0900,1,5.2180,1,36.2180,1
2024-06-19 05:30:00,16.0882,1,5.2176,1,36.2176,1
2024-06-19 06:00:00,16.0865,1,5.2173,1,36.2173,1
2024-06-19 06:30:00,16.0848,1,5.2170,1,36.2170,1
2024-06-19 07:00:00,16.0830,1,5.2166,1,36.2166,1
2024-06-19 07:30:00,16.0813,1,5.2163,1,36.2163,1
2024-06-19 08:00:00,16.0795,1,5.2159,1,36.2159,1
2024-06-19 08:30:00,16.0778,1,5.2156,1,36.2156,1
2024-06-19 09:00:00,16.0760,1,5.2152,1,36.2152,1
2024-06-19 09:30:00,16.0743,1,5.2149,1,36.2149,1
2024-06-19 10:00:00,16.0725,1,5.2145,1,36.2145,1
2024-06-19 10:30:00,16.0708,1,5.2142,1,36.2142,1
2024-06-19 11:00:00,16.0690,1,5.2138,1,36.2138,1
2024-06-19 11:30:00,16.0673,1,5.2135,1,36.2135,1
2024-06-19 12:00:00,16.0655,1,5.2131,1,36.2131,1
2024-06-19 12:30:00,16.0638,1,5.2128,1,36.2128,1
2024-06-19 13:00:00,16.0621,1,5.2124,1,36.2124,1
2024-06-19 13:30:00,16.0603,1,5.2121,1,36.2121,1
2024-06-19 14:00:00,16.0586,1,5.2117,1,36.2117,1
2024-06-19 14:30:00,16.0568,1,5.2114,1,36.2114,1
2024-06-19 15:00:00,16.0551,1,5.2110,1,36.2110,1
2024-06-19 15:30:00,16.0533,1,5.2107,1,36.2107,1
2024-06-19 16:00:00,16.0516,1,5.2103,1,36.2103,1
2024-06-19 16:30:00,16.0498,1,5.2100,1,36.2100,1
2024-06-19 17:00:00,16.0481,1,5.2096,1,36.2096,1
2024-06-19 17:30:00,16.0463,1,5.2093,1,36.2093,1
2024-06-19 18:00:00,16.0446,1,5.2089,1,36.2089,1
2024-06-19 18:30:00,16.0428,1,5.2086,1,36.2086,1
2024-06-19 19:00:00,16.0411,1,5.2082,1,36.2082,1
2024-06-19 19:30:00,16.0393,1,5.2079,1,36.2079,1
2024-06-19 20:00:00,16.0376,1,5.2075,1,36.2075,1
2024-06-19 20:30:00,16.0358,1,5.2072,1,36.2072,1
2024-06-19 21:00:00,16.0341,1,5.2068,1,36.2068,1
2024-06-19 21:30:00,16.0323,1,5.2065,1,36.2065,1
2024-06-19 22:00:00,16.0306,1,5.2061,1,36.2061,1
2024-06-19 22:30:00,16.0288,1,5.2058,1,36.2058,1
2024-06-19 23:00:00,16.0271,1,5.2054,1,36.2054,1
2024-06-19 23:30:00,16.0253,1,5.2051,1,36.2051,1
2024-06-20 00:00:00,16.0236,1,5.2047,1,36.2047,1
2024-06-20 00:30:00,16.0218,1,5.2044,1,36.2044,1
2024-06-20 01:00:00,16.0201,1,5.2040,1,36.2040,1
2024-06-20 01:30:00,16.0183,1,5.2037,1,36.2037,1
2024-06-20 02:00:00,16.0166,1,5.2033,1,36.2033,1
2024-06-20 02:30:00,16.0148,1,5.2030,1,36.2030,1
2024-06-20 03:00:00,16.0131,1,5.2026,1,36.2026,1
2024-06-20 03:30:00,16.0113,1,5.2023,1,36.2023,1
2024-06-20 04:00:00,16.0096,1,5.2019,1,36.2019,1
2024-06-20 04:30:00,16.0078,1,5.2016,1,36.2016,1
2024-06-20 05:00:00,16.0061,1,5.2012,1,36.2012,1
2024-06-20 05:30:00,16.0043,1,5.2009,1,36.2009,1
2024-06-20 06:00:00,16.0026,1,5.2005,1,36.2005,1
2024-06-20 06:30:00,16.0008,1,5.2002,1,36.2002,1
2024-06-20 07:00:00,15.9991,1,5.1998,1,36.1998,1
2024-06-20 07:30:00,15.9973,1,5.1995,1,36.1995,1
2024-06-20 08:00:00,15.9956,1,5.1991,1,36.1991,1
2024-06-20 08:30:00,15.9938,1,5.1988,1,36.1988,1
2024-06-20 09:00:00,15.9921,1,5.1984,1,36.1984,1
2024-06-20 09:30:00,15.9903,1,5.1981,1,36.1981,1
2024-06-20 10:00:00,15.9885,1,5.1977,1,36.1977,1
2024-06-20 10:30:00,15.9868,1,5.1974,1,36.1974,1
2024-06-20 11:00:00,15.9850,1,5.1970,1,36.1970,1
2024-06-20 11:30:00,15.9833,1,5.1967,1,36.1967,1
2024-06-20 12:00:00,15.9815,1,5.1963,1,36.1963,1
2024-06-20 12:30:00,15.9798,1,5.1960,1,36.1960,1
2024-06-20 13:00:00,15.9780,1,5.1956,1,36.1956,1
2024-06-20 13:30:00,15.9763,1,5.1953,1,36.1953,1
2024-06-20 14:00:00,15.9745,1,5.1949,1,36.1949,1
2024-06-20 14:30:00,15.9728,1,5.1946,1,36.1946,1
2024-06-20 15:00:00,15.9710,1,5.1942,1,36.1942,1
2024-06-20 15:30:00,15.9693,1,5.1939,1,36.1939,1
2024-06-20 16:00:00,15.9675,1,5.1935,1,36.1935,1
2024-06-20 16:30:00,15.9657,1,5.1931,1,36.1931,1
2024-06-20 17:00:00,15.9640,1,5.1928,1,36.1928,1
2024-06-20 17:30:00,15.9622,1,5.1924,1,36.1924,1
2024-06-20 18:00:00,15.9605,1,5.1921,1,36.1921,1
2024-06-20 18:30:00,15.9587,1,5.1917,1,36.1917,1
2024-06-20 19:00:00,15.9570,1,5.1914,1,36.1914,1
2024-06-20 19:30:00,15.9552,1,5.1910,1,36.1910,1
2024-06-20 20:00:00,15.9535,1,5.1907,1,36.1907,1
2024-06-20 20:30:00,15.9517,1,5.1903,1,36.1903,1
2024-06-20 21:00:00,15.9500,1,5.1900,1,36.1900,1
2024-06-20 21:30:00,15.9482,1,5.1896,1,36.1896,1
2024-06-20 22:00:00,15.9464,1,5.1893,1,36.1893,1
2024-06-20 22:30:00,15.9447,1,5.1889,1,36.1889,1
2024-06-20 23:00:00,15.9429,1,5.1886,1,36.1886,1
2024-06-20 23:30:00,15.9412,1,5.1882,1,36.1882,1
2024-06-21 00:00:00,15.9394,1,5.1879,1,36.1879,1
2024-06-21 00:30:00,15.9377,1,5.1875,1,36.1875,1
2024-06-21 01:00:00,15.9359,1,5.1872,1,36.1872,1
2024-06-21 01:30:00,15.9341,1,5.1868,1,36.1868,1
2024-06-21 02:00:00,15.9324,1,5.1865,1,36.1865,1
2024-06-21 02:30:00,15.9306,1,5.1861,1,36.1861,1
2024-06-21 03:00:00,15.9289,1,5.1858,1,36.1858,1
2024-06-21 03:30:00,15.9271,1,5.1854,1,36.1854,1
2024-06-21 04:00:00,15.9254,1,5.1851,1,36.1851,1
2024-06-21 04:30:00,15.9236,1,5.1847,1,36.1847,1
2024-06-21 05:00:00,15.9218,1,5.1844,1,36.1844,1
2024-06-21 05:30:00,15.9201,1,5.1840,1,36.1840,1
2024-06-21 06:00:00,15.9183,1,5.1837,1,36.1837,1
2024-06-21 06:30:00,15.9166,1,5.1833,1,36.1833,1
2024-06-21 07:00:00,15.9148,1,5.1830,1,36.1830,1
2024-06-21 07:30:00,15.9131,1,5.1826,1,36.1826,1
2024-06-21 08:00:00,15.9113,1,5.1823,1,36.1823,1
2024-06-21 08:30:00,15.9095,1,5.1819,1,36.1819,1
2024-06-21 09:00:00,15.9078,1,5.1816,1,36.1816,1
2024-06-21 09:30:00,15.9060,1,5.1812,1,36.1812,1
2024-06-21 10:00:00,15.9043,1,5.1809,1,36.1809,1
2024-06-21 10:30:00,15.9025,1,5.1805,1,36.1805,1
2024-06-21 11:00:00,15.9008,1,5.1802,1,36.1802,1
2024-06-21 11:30:00,15.8990,1,5.1798,1,36.1798,1
2024-06-21 12:00:00,15.8972,1,5.1794,1,36.1794,1
2024-06-21 12:30:00,15.8955,1,5.1791,1,36.1791,1
2024-06-21 13:00:00,15.8937,1,5.1787,1,36.1787,1
2024-06-21 13:30:00,15.8920,1,5.1784,1,36.1784,1
2024-06-21 14:00:00,15.8902,1,5.1780,1,36.1780,1
2024-06-21 14:30:00,15.8884,1,5.1777,1,36.1777,1
2024-06-21 15:00:00,15.8867,1,5.1773,1,36.1773,1
2024-06-21 15:30:00,15.8849,1,5.1770,1,36.1770,1
2024-06-21 16:00:00,15.8832,1,5.1766,1,36.1766,1
2024-06-21 16:30:00,15.8814,1,5.1763,1,36.1763,1
2024-06-21 17:00:00,15.8796,1,5.1759,1,36.1759,1
2024-06-21 17:30:00,15.8779,1,5.1756,1,36.1756,1
2024-06-21 18:00:00,15.8761,1,5.1752,1,36.1752,1
2024-06-21 18:30:00,15.8744,1,5.1749,1,36.1749,1
2024-06-21 19:00:00,15.8726,1,5.1745,1,36.1745,1
2024-06-21 19:30:00,15.8708,1,5.1742,1,36.1742,1
2024-06-21 20:00:00,15.8691,1,5.1738,1,36.1738,1
2024-06-21 20:30:00,15.8673,1,5.1735,1,36.1735,1
2024-06-21 21:00:00,15.8656,1,5.1731,1,36.1731,1
2024-06-21 21:30:00,15.8638,1,5.1728,1,36.1728,1
2024-06-21 22:00:00,15.8620,1,5.1724,1,36.1724,1
2024-06-21 22:30:00,15.8603,1,5.1721,1,36.1721,1
2024-06-21 23:00:00,15.8585,1,5.1717,1,36.1717,1
2024-06-21 23:30:00,15.8567,1,5.1713,1,36.1713,1
2024-06-22 00:00:00,15.8550,1,5.1710,1,36.1710,1
2024-06-22 00:30:00,15.8532,1,5.1706,1,36.1706,1
2024-06-22 01:00:00,15.8515,1,5.1703,1,36.1703,1
2024-06-22 01:30:00,15.8497,1,5.1699,1,36.1699,1
2024-06-22 02:00:00,15.8479,1,5.1696,1,36.1696,1
2024-06-22 02:30:00,15.8462,1,5.1692,1,36.1692,1
2024-06-22 03:00:00,15.8444,1,5.1689,1,36.1689,1
2024-06-22 03:30:00,15.8426,1,5.1685,1,36.1685,1
2024-06-22 04:00:00,15.8409,1,5.1682,1,36.1682,1
2024-06-22 04:30:00,15.8391,1,5.1678,1,36.1678,1
2024-06-22 05:00:00,15.8374,1,5.1675,1,36.1675,1
2024-06-22 05:30:00,15.8356,1,5.1671,1,36.1671,1
2024-06-22 06:00:00,15.8338,1,5.1668,1,36.1668,1
2024-06-22 06:30:00,15.8321,1,5.1664,1,36.1664,1
2024-06-22 07:00:00,15.8303,1,5.1661,1,36.1661,1
2024-06-22 07:30:00,15.8285,1,5.1657,1,36.1657,1
2024-06-22 08:00:00,15.8268,1,5.1654,1,36.1654,1
2024-06-22 08:30:00,15.8250,1,5.1650,1,36.1650,1
2024-06-22 09:00:00,15.8233,1,5.1647,1,36.1647,1
2024-06-22 09:30:00,15.8215,1,5.1643,1,36.1643,1
2024-06-22 10:00:00,15.8197,1,5.1639,1,36.1639,1
2024-06-22 10:30:00,15.8180,1,5.1636,1,36.1636,1
2024-06-22 11:00:00,15.8162,1,5.1632,1,36.1632,1
2024-06-22 11:30:00,15.8144,1,5.1629,1,36.1629,1
2024-06-22 12:00:00,15.8127,1,5.1625,1,36.1625,1
2024-06-22 12:30:00,15.8109,1,5.1622,1,36.1622,1
2024-06-22 13:00:00,15.8091,1,5.1618,1,36.1618,1
2024-06-22 13:30:00,15.8074,1,5.1615,1,36.1615,1
2024-06-22 14:00:00,15.8056,1,5.1611,1,36.1611,1
2024-06-22 14:30:00,15.8038,1,5.1608,1,36.1608,1
2024-06-22 15:00:00,15.8021,1,5.1604,1,36.1604,1
2024-06-22 15:30:00,15.8003,1,5.1601,1,36.1601,1
2024-06-22 16:00:00,15.7985,1,5.1597,1,36.1597,1
2024-06-22 16:30:00,15.7968,1,5.1594,1,36.1594,1
2024-06-22 17:00:00,15.7950,1,5.1590,1,36.1590,1
2024-06-22 17:30:00,15.7933,1,5.1587,1,36.1587,1
2024-06-22 18:00:00,15.7915,1,5.1583,1,36.1583,1
2024-06-22 18:30:00,15.7897,1,5.1579,1,36.1579,1
2024-06-22 19:00:00,15.7880,1,5.1576,1,36.1576,1
2024-06-22 19:30:00,15.7862,1,5.1572,1,36.1572,1
2024-06-22 20:00:00,15.7844,1,5.1569,1,36.1569,1
2024-06-22 20:30:00,15.7827,1,5.1565,1,36.1565,1
2024-06-22 21:00:00,15.7809,1,5.1562,1,36.1562,1
2024-06-22 21:30:00,15.7791,1,5.1558,1,36.1558,1
2024-06-22 22:00:00,15.7774,1,5.1555,1,36.1555,1
2024-06-22 22:30:00,15.7756,1,5.1551,1,36.1551,1
2024-06-22 23:00:00,15.7738,1,5.1548,1,36.1548,1
2024-06-22 23:30:00,15.7721,1,5.1544,1,36.1544,1
2024-06-23 00:00:00,15.7703,1,5.1541,1,36.1541,1
2024-06-23 00:30:00,15.7685,1,5.1537,1,36.1537,1
2024-06-23 01:00:00,15.7668,1,5.1534,1,36.1534,1
2024-06-23 01:30:00,15.7650,1,5.1530,1,36.1530,1
2024-06-23 02:00:00,15.7632,1,5.1526,1,36.1526,1
2024-06-23 02:30:00,15.7615,1,5.1523,1,36.1523,1
2024-06-23 03:00:00,15.7597,1,5.1519,1,36.1519,1
2024-06-23 03:30:00,15.7579,1,5.1516,1,36.1516,1
2024-06-23 04:00:00,15.7562,1,5.1512,1,36.1512,1
2024-06-23 04:30:00,15.7544,1,5.1509,1,36.1509,1
2024-06-23 05:00:00,15.7526,1,5.1505,1,36.1505,1
2024-06-23 05:30:00,15.7509,1,5.1502,1,36.1502,1
2024-06-23 06:00:00,15.7491,1,5.1498,1,36.1498,1
2024-06-23 06:30:00,15.7473,1,5.1495,1,36.1495,1
2024-06-23 07:00:00,15.7455,1,5.1491,1,36.1491,1
2024-06-23 07:30:00,15.7438,1,5.1488,1,36.1488,1
2024-06-23 08:00:00,15.7420,1,5.1484,1,36.1484,1
2024-06-23 08:30:00,15.7402,1,5.1480,1,36.1480,1
2024-06-23 09:00:00,15.7385,1,5.1477,1,36.1477,1
2024-06-23 09:30:00,15.7367,1,5.1473,1,36.1473,1
2024-06-23 10:00:00,15.7349,1,5.1470,1,36.1470,1
2024-06-23 10:30:00,15.7332,1,5.1466,1,36.1466,1
2024-06-23 11:00:00,15.7314,1,5.1463,1,36.1463,1
2024-06-23 11:30:00,15.7296,1,5.1459,1,36.1459,1
2024-06-23 12:00:00,15.7279,1,5.1456,1,36.1456,1
2024-06-23 12:30:00,15.7261,1,5.1452,1,36.1452,1
2024-06-23 13:00:00,15.7243,1,5.1449,1,36.1449,1
2024-06-23 13:30:00,15.7226,1,5.1445,1,36.1445,1
2024-06-23 14:00:00,15.7208,1,5.1442,1,36.1442,1
2024-06-23 14:30:00,15.7190,1,5.1438,1,36.1438,1
2024-06-23 15:00:00,15.7172,1,5.1434,1,36.1434,1
2024-06-23 15:30:00,15.7155,1,5.1431,1,36.1431,1
2024-06-23 16:00:00,15.7137,1,5.1427,1,36.1427,1
2024-06-23 16:30:00,15.7119,1,5.1424,1,36.1424,1
2024-06-23 17:00:00,15.7102,1,5.1420,1,36.1420,1
2024-06-23 17:30:00,15.7084,1,5.1417,1,36.1417,1
2024-06-23 18:00:00,15.7066,1,5.1413,1,36.1413,1
2024-06-23 18:30:00,15.7049,1,5.1410,1,36.1410,1
2024-06-23 19:00:00,15.7031,1,5.1406,1,36.1406,1
2024-06-23 19:30:00,15.7013,1,5.1403,1,36.1403,1
2024-06-23 20:00:00,15.6995,1,5.1399,1,36.1399,1
2024-06-23 20:30:00,15.6978,1,5.1396,1,36.1396,1
2024-06-23 21:00:00,15.6960,1,5.1392,1,36.1392,1
2024-06-23 21:30:00,15.6942,1,5.1388,1,36.1388,1
2024-06-23 22:00:00,15.6925,1,5.1385,1,36.1385,1
2024-06-23 22:30:00,15.6907,1,5.1381,1,36.1381,1
2024-06-23 23:00:00,15.6889,1,5.1378,1,36.1378,1
2024-06-23 23:30:00,15.6871,1,5.1374,1,36.1374,1
2024-06-24 00:00:00,15.6854,1,5.1371,1,36.1371,1
2024-06-24 00:30:00,15.6836,1,5.1367,1,36.1367,1
2024-06-24 01:00:00,15.6818,1,5.1364,1,36.1364,1
2024-06-24 01:30:00,15.6801,1,5.1360,1,36.1360,1
2024-06-24 02:00:00,15.6783,1,5.1357,1,36.1357,1
2024-06-24 02:30:00,15.6765,1,5.1353,1,36.1353,1
2024-06-24 03:00:00,15.6747,1,5.1349,1,36.1349,1
2024-06-24 03:30:00,15.6730,1,5.1346,1,36.1346,1
2024-06-24 04:00:00,15.6712,1,5.1342,1,36.1342,1
2024-06-24 04:30:00,15.6694,1,5.1339,1,36.1339,1
2024-06-24 05:00:00,15.6677,1,5.1335,1,36.1335,1
2024-06-24 05:30:00,15.6659,1,5.1332,1,36.1332,1
2024-06-24 06:00:00,15.6641,1,5.1328,1,36.1328,1
2024-06-24 06:30:00,15.6623,1,5.1325,1,36.1325,1
2024-06-24 07:00:00,15.6606,1,5.1321,1,36.1321,1
2024-06-24 07:30:00,15.6588,1,5.1318,1,36.1318,1
2024-06-24 08:00:00,15.6570,1,5.1314,1,36.1314,1
2024-06-24 08:30:00,15.6553,1,5.1311,1,36.1311,1
2024-06-24 09:00:00,15.6535,1,5.1307,1,36.1307,1
2024-06-24 09:30:00,15.6517,1,5.1303,1,36.1303,1
2024-06-24 10:00:00,15.6499,1,5.1300,1,36.1300,1
2024-06-24 10:30:00,15.6482,1,5.1296,1,36.1296,1
2024-06-24 11:00:00,15.6464,1,5.1293,1,36.1293,1
2024-06-24 11:30:00,15.6446,1,5.1289,1,36.1289,1
2024-06-24 12:00:00,15.6428,1,5.1286,1,36.1286,1
2024-06-24 12:30:00,15.6411,1,5.1282,1,36.1282,1
2024-06-24 13:00:00,15.6393,1,5.1279,1,36.1279,1
2024-06-24 13:30:00,15.6375,1,5.1275,1,36.1275,1
2024-06-24 14:00:00,15.6357,1,5.1271,1,36.1271,1
2024-06-24 14:30:00,15.6340,1,5.1268,1,36.1268,1
2024-06-24 15:00:00,15.6322,1,5.1264,1,36.1264,1
2024-06-24 15:30:00,15.6304,1,5.1261,1,36.1261,1
2024-06-24 16:00:00,15.6287,1,5.1257,1,36.1257,1
2024-06-24 16:30:00,15.6269,1,5.1254,1,36.1254,1
2024-06-24 17:00:00,15.6251,1,5.1250,1,36.1250,1
2024-06-24 17:30:00,15.6233,1,5.1247,1,36.1247,1
2024-06-24 18:00:00,15.6216,1,5.1243,1,36.1243,1
2024-06-24 18:30:00,15.6198,1,5.1240,1,36.1240,1
2024-06-24 19:00:00,15.6180,1,5.1236,1,36.1236,1
2024-06-24 19:30:00,15.6162,1,5.1232,1,36.1232,1
2024-06-24 20:00:00,15.6145,1,5.1229,1,36.1229,1
2024-06-24 20:30:00,15.6127,1,5.1225,1,36.1225,1
2024-06-24 21:00:00,15.6109,1,5.1222,1,36.1222,1
2024-06-24 21:30:00,15.6091,1,5.1218,1,36.1218,1
2024-06-24 22:00:00,15.6074,1,5.1215,1,36.1215,1
2024-06-24 22:30:00,15.6056,1,5.1211,1,36.1211,1
2024-06-24 23:00:00,15.6038,1,5.1208,1,36.1208,1
2024-06-24 23:30:00,15.6020,1,5.1204,1,36.1204,1
2024-06-25 00:00:00,15.6003,1,5.1201,1,36.1201,1
2024-06-25 00:30:00,15.5985,1,5.1197,1,36.1197,1
2024-06-25 01:00:00,15.5967,1,5.1193,1,36.1193,1
2024-06-25 01:30:00,15.5949,1,5.1190,1,36.1190,1
2024-06-25 02:00:00,15.5932,1,5.1186,1,36.1186,1
2024-06-25 02:30:00,15.5914,1,5.1183,1,36.1183,1
2024-06-25 03:00:00,15.5896,1,5.1179,1,36.1179,1
2024-06-25 03:30:00,15.5878,1,5.1176,1,36.1176,1
2024-06-25 04:00:00,15.5861,1,5.1172,1,36.1172,1
2024-06-25 04:30:00,15.5843,1,5.1169,1,36.1169,1
2024-06-25 05:00:00,15.5825,1,5.1165,1,36.1165,1
2024-06-25 05:30:00,15.5807,1,5.1161,1,36.1161,1
2024-06-25 06:00:00,15.5790,1,5.1158,1,36.1158,1
2024-06-25 06:30:00,15.5772,1,5.1154,1,36.1154,1
2024-06-25 07:00:00,15.5754,1,5.1151,1,36.1151,1
2024-06-25 07:30:00,15.5736,1,5.1147,1,36.1147,1
2024-06-25 08:00:00,15.5718,1,5.1144,1,36.1144,1
2024-06-25 08:30:00,15.5701,1,5.1140,1,36.1140,1
2024-06-25 09:00:00,15.5683,1,5.1137,1,36.1137,1
2024-06-25 09:30:00,15.5665,1,5.1133,1,36.1133,1
2024-06-25 10:00:00,15.5647,1,5.1129,1,36.1129,1
2024-06-25 10:30:00,15.5630,1,5.1126,1,36.1126,1
2024-06-25 11:00:00,15.5612,1,5.1122,1,36.1122,1
2024-06-25 11:30:00,15.5594,1,5.1119,1,36.1119,1
2024-06-25 12:00:00,15.5576,1,5.1115,1,36.1115,1
2024-06-25 12:30:00,15.5559,1,5.1112,1,36.1112,1
2024-06-25 13:00:00,15.5541,1,5.1108,1,36.1108,1
2024-06-25 13:30:00,15.5523,1,5.1105,1,36.1105,1
2024-06-25 14:00:00,15.5505,1,5.1101,1,36.1101,1
2024-06-25 14:30:00,15.5487,1,5.1097,1,36.1097,1
2024-06-25 15:00:00,15.5470,1,5.1094,1,36.1094,1
2024-06-25 15:30:00,15.5452,1,5.1090,1,36.1090,1
2024-06-25 16:00:00,15.5434,1,5.1087,1,36.1087,1
2024-06-25 16:30:00,15.5416,1,5.1083,1,36.1083,1
2024-06-25 17:00:00,15.5399,1,5.1080,1,36.1080,1
2024-06-25 17:30:00,15.5381,1,5.1076,1,36.1076,1
2024-06-25 18:00:00,15.5363,1,5.1073,1,36.1073,1
2024-06-25 18:30:00,15.5345,1,5.1069,1,36.1069,1
2024-06-25 19:00:00,15.5327,1,5.1065,1,36.1065,1
2024-06-25 19:30:00,15.5310,1,5.1062,1,36.1062,1
2024-06-25 20:00:00,15.5292,1,5.1058,1,36.1058,1
2024-06-25 20:30:00,15.5274,1,5.1055,1,36.1055,1
2024-06-25 21:00:00,15.5256,1,5.1051,1,36.1051,1
2024-06-25 21:30:00,15.5239,1,5.1048,1,36.1048,1
2024-06-25 22:00:00,15.5221,1,5.1044,1,36.1044,1
2024-06-25 22:30:00,15.5203,1,5.1041,1,36.1041,1
2024-06-25 23:00:00,15.5185,1,5.1037,1,36.1037,1
2024-06-25 23:30:00,15.5167,1,5.1033,1,36.1033,1
2024-06-26 00:00:00,15.5150,1,5.1030,1,36.1030,1
2024-06-26 00:30:00,15.5132,1,5.1026,1,36.1026,1
2024-06-26 01:00:00,15.5114,1,5.1023,1,36.1023,1
2024-06-26 01:30:00,15.5096,1,5.1019,1,36.1019,1
2024-06-26 02:00:00,15.5079,1,5.1016,1,36.1016,1
2024-06-26 02:30:00,15.5061,1,5.1012,1,36.1012,1
2024-06-26 03:00:00,15.5043,1,5.1009,1,36.1009,1
2024-06-26 03:30:00,15.5025,1,5.1005,1,36.1005,1
2024-06-26 04:00:00,15.5007,1,5.1001,1,36.1001,1
2024-06-26 04:30:00,15.4990,1,5.0998,1,36.0998,1
2024-06-26 05:00:00,15.4972,1,5.0994,1,36.0994,1
2024-06-26 05:30:00,15.4954,1,5.0991,1,36.0991,1
2024-06-26 06:00:00,15.4936,1,5.0987,1,36.0987,1
2024-06-26 06:30:00,15.4918,1,5.0984,1,36.0984,1
2024-06-26 07:00:00,15.4901,1,5.0980,1,36.0980,1
2024-06-26 07:30:00,15.4883,1,5.0977,1,36.0977,1
2024-06-26 08:00:00,15.4865,1,5.0973,1,36.0973,1
2024-06-26 08:30:00,15.4847,1,5.0969,1,36.0969,1
2024-06-26 09:00:00,15.4829,1,5.0966,1,36.0966,1
2024-06-26 09:30:00,15.4812,1,5.0962,1,36.0962,1
2024-06-26 10:00:00,15.4794,1,5.0959,1,36.0959,1
2024-06-26 10:30:00,15.4776,1,5.0955,1,36.0955,1
2024-06-26 11:00:00,15.4758,1,5.0952,1,36.0952,1
2024-06-26 11:30:00,15.4740,1,5.0948,1,36.0948,1
2024-06-26 12:00:00,15.4723,1,5.0945,1,36.0945,1
2024-06-26 12:30:00,15.4705,1,5.0941,1,36.0941,1
2024-06-26 13:00:00,15.4687,1,5.0937,1,36.0937,1
2024-06-26 13:30:00,15.4669,1,5.0934,1,36.0934,1
2024-06-26 14:00:00,15.4651,1,5.0930,1,36.0930,1
2024-06-26 14:30:00,15.4634,1,5.0927,1,36.0927,1
2024-06-26 15:00:00,15.4616,1,5.0923,1,36.0923,1
2024-06-26 15:30:00,15.4598,1,5.0920,1,36.0920,1
2024-06-26 16:00:00,15.4580,1,5.0916,1,36.0916,1
2024-06-26 16:30:00,15.4562,1,5.0912,1,36.0912,1
2024-06-26 17:00:00,15.4545,1,5.0909,1,36.0909,1
2024-06-26 17:30:00,15.4527,1,5.0905,1,36.0905,1
2024-06-26 18:00:00,15.4509,1,5.0902,1,36.0902,1
2024-06-26 18:30:00,15.4491,1,5.0898,1,36.0898,1
2024-06-26 19:00:00,15.4473,1,5.0895,1,36.0895,1
2024-06-26 19:30:00,15.4456,1,5.0891,1,36.0891,1
2024-06-26 20:00:00,15.4438,1,5.0888,1,36.0888,1
2024-06-26 20:30:00,15.4420,1,5.0884,1,36.0884,1
2024-06-26 21:00:00,15.4402,1,5.0880,1,36.0880,1
2024-06-26 21:30:00,15.4384,1,5.0877,1,36.0877,1
2024-06-26 22:00:00,15.4366,1,5.0873,1,36.0873,1
2024-06-26 22:30:00,15.4349,1,5.0870,1,36.0870,1
2024-06-26 23:00:00,15.4331,1,5.0866,1,36.0866,1
2024-06-26 23:30:00,15.4313,1,5.0863,1,36.0863,1
2024-06-27 00:00:00,15.4295,1,5.0859,1,36.0859,1
2024-06-27 00:30:00,15.4277,1,5.0855,1,36.0855,1
2024-06-27 01:00:00,15.4260,1,5.0852,1,36.0852,1
2024-06-27 01:30:00,15.4242,1,5.0848,1,36.0848,1
2024-06-27 02:00:00,15.4224,1,5.0845,1,36.0845,1
2024-06-27 02:30:00,15.4206,1,5.0841,1,36.0841,1
2024-06-27 03:00:00,15.4188,1,5.0838,1,36.0838,1
2024-06-27 03:30:00,15.4170,1,5.0834,1,36.0834,1
2024-06-27 04:00:00,15.4153,1,5.0831,1,36.0831,1
2024-06-27 04:30:00,15.4135,1,5.0827,1,36.0827,1
2024-06-27 05:00:00,15.4117,1,5.0823,1,36.0823,1
2024-06-27 05:30:00,15.4099,1,5.0820,1,36.0820,1
2024-06-27 06:00:00,15.4081,1,5.0816,1,36.0816,1
2024-06-27 06:30:00,15.4064,1,5.0813,1,36.0813,1
2024-06-27 07:00:00,15.4046,1,5.0809,1,36.0809,1
2024-06-27 07:30:00,15.4028,1,5.0806,1,36.0806,1
2024-06-27 08:00:00,15.4010,1,5.0802,1,36.0802,1
2024-06-27 08:30:00,15.3992,1,5.0798,1,36.0798,1
2024-06-27 09:00:00,15.3974,1,5.0795,1,36.0795,1
2024-06-27 09:30:00,15.3957,1,5.0791,1,36.0791,1
2024-06-27 10:00:00,15.3939,1,5.0788,1,36.0788,1
2024-06-27 10:30:00,15.3921,1,5.0784,1,36.0784,1
2024-06-27 11:00:00,15.3903,1,5.0781,1,36.0781,1
2024-06-27 11:30:00,15.3885,1,5.0777,1,36.0777,1
2024-06-27 12:00:00,15.3867,1,5.0773,1,36.0773,1
2024-06-27 12:30:00,15.3850,1,5.0770,1,36.0770,1
2024-06-27 13:00:00,15.3832,1,5.0766,1,36.0766,1
2024-06-27 13:30:00,15.3814,1,5.0763,1,36.0763,1
2024-06-27 14:00:00,15.3796,1,5.0759,1,36.0759,1
2024-06-27 14:30:00,15.3778,1,5.0756,1,36.0756,1
2024-06-27 15:00:00,15.3760,1,5.0752,1,36.0752,1
2024-06-27 15:30:00,15.3743,1,5.0749,1,36.0749,1
2024-06-27 16:00:00,15.3725,1,5.0745,1,36.0745,1
2024-06-27 16:30:00,15.3707,1,5.0741,1,36.0741,1
2024-06-27 17:00:00,15.3689,1,5.0738,1,36.0738,1
2024-06-27 17:30:00,15.3671,1,5.0734,1,36.0734,1
2024-06-27 18:00:00,15.3653,1,5.0731,1,36.0731,1
2024-06-27 18:30:00,15.3636,1,5.0727,1,36.0727,1
2024-06-27 19:00:00,15.3618,1,5.0724,1,36.0724,1
2024-06-27 19:30:00,15.3600,1,5.0720,1,36.0720,1
2024-06-27 20:00:00,15.3582,1,5.0716,1,36.0716,1
2024-06-27 20:30:00,15.3564,1,5.0713,1,36.0713,1
2024-06-27 21:00:00,15.3546,1,5.0709,1,36.0709,1
2024-06-27 21:30:00,15.3529,1,5.0706,1,36.0706,1
2024-06-27 22:00:00,15.3511,1,5.0702,1,36.0702,1
2024-06-27 22:30:00,15.3493,1,5.0699,1,36.0699,1
2024-06-27 23:00:00,15.3475,1,5.0695,1,36.0695,1
2024-06-27 23:30:00,15.3457,1,5.0691,1,36.0691,1
2024-06-28 00:00:00,15.3439,1,5.0688,1,36.0688,1
2024-06-28 00:30:00,15.3422,1,5.0684,1,36.0684,1
2024-06-28 01:00:00,15.3404,1,5.0681,1,36.0681,1
2024-06-28 01:30:00,15.3386,1,5.0677,1,36.0677,1
2024-06-28 02:00:00,15.3368,1,5.0674,1,36.0674,1
2024-06-28 02:30:00,15.3350,1,5.0670,1,36.0670,1
2024-06-28 03:00:00,15.3332,1,5.0666,1,36.0666,1
2024-06-28 03:30:00,15.3315,1,5.0663,1,36.0663,1
2024-06-28 04:00:00,15.3297,1,5.0659,1,36.0659,1
2024-06-28 04:30:00,15.3279,1,5.0656,1,36.0656,1
2024-06-28 05:00:00,15.3261,1,5.0652,1,36.0652,1
2024-06-28 05:30:00,15.3243,1,5.0649,1,36.0649,1
2024-06-28 06:00:00,15.3225,1,5.0645,1,36.0645,1
2024-06-28 06:30:00,15.3208,1,5.0642,1,36.0642,1
2024-06-28 07:00:00,15.3190,1,5.0638,1,36.0638,1
2024-06-28 07:30:00,15.3172,1,5.0634,1,36.0634,1
2024-06-28 08:00:00,15.3154,1,5.0631,1,36.0631,1
2024-06-28 08:30:00,15.3136,1,5.0627,1,36.0627,1
2024-06-28 09:00:00,15.3118,1,5.0624,1,36.0624,1
2024-06-28 09:30:00,15.3100,1,5.0620,1,36.0620,1
2024-06-28 10:00:00,15.3083,1,5.0617,1,36.0617,1
2024-06-28 10:30:00,15.3065,1,5.0613,1,36.0613,1
2024-06-28 11:00:00,15.3047,1,5.0609,1,36.0609,1
2024-06-28 11:30:00,15.3029,1,5.0606,1,36.0606,1
2024-06-28 12:00:00,15.3011,1,5.0602,1,36.0602,1
2024-06-28 12:30:00,15.2993,1,5.0599,1,36.0599,1
2024-06-28 13:00:00,15.2976,1,5.0595,1,36.0595,1
2024-06-28 13:30:00,15.2958,1,5.0592,1,36.0592,1
2024-06-28 14:00:00,15.2940,1,5.0588,1,36.0588,1
2024-06-28 14:30:00,15.2922,1,5.0584,1,36.0584,1
2024-06-28 15:00:00,15.2904,1,5.0581,1,36.0581,1
2024-06-28 15:30:00,15.2886,1,5.0577,1,36.0577,1
2024-06-28 16:00:00,15.2868,1,5.0574,1,36.0574,1
2024-06-28 16:30:00,15.2851,1,5.0570,1,36.0570,1
2024-06-28 17:00:00,15.2833,1,5.0567,1,36.0567,1
2024-06-28 17:30:00,15.2815,1,5.0563,1,36.0563,1
2024-06-28 18:00:00,15.2797,1,5.0559,1,36.0559,1
2024-06-28 18:30:00,15.2779,1,5.0556,1,36.0556,1
2024-06-28 19:00:00,15.2761,1,5.0552,1,36.0552,1
2024-06-28 19:30:00,15.2743,1,5.0549,1,36.0549,1
2024-06-28 20:00:00,15.2726,1,5.0545,1,36.0545,1
2024-06-28 20:30:00,15.2708,1,5.0542,1,36.0542,1
2024-06-28 21:00:00,15.2690,1,5.0538,1,36.0538,1
2024-06-28 21:30:00,15.2672,1,5.0534,1,36.0534,1
2024-06-28 22:00:00,15.2654,1,5.0531,1,36.0531,1
2024-06-28 22:30:00,15.2636,1,5.0527,1,36.0527,1
2024-06-28 23:00:00,15.2618,1,5.0524,1,36.0524,1
2024-06-28 23:30:00,15.2601,1,5.0520,1,36.0520,1
2024-06-29 00:00:00,15.2583,1,5.0517,1,36.0517,1
2024-06-29 00:30:00,15.2565,1,5.0513,1,36.0513,1
2024-06-29 01:00:00,15.2547,1,5.0509,1,36.0509,1
2024-06-29 01:30:00,15.2529,1,5.0506,1,36.0506,1
2024-06-29 02:00:00,15.2511,1,5.0502,1,36.0502,1
2024-06-29 02:30:00,15.2493,1,5.0499,1,36.0499,1
2024-06-29 03:00:00,15.2476,1,5.0495,1,36.0495,1
2024-06-29 03:30:00,15.2458,1,5.0492,1,36.0492,1
2024-06-29 04:00:00,15.2440,1,5.0488,1,36.0488,1
2024-06-29 04:30:00,15.2422,1,5.0484,1,36.0484,1
2024-06-29 05:00:00,15.2404,1,5.0481,1,36.0481,1
2024-06-29 05:30:00,15.2386,1,5.0477,1,36.0477,1
2024-06-29 06:00:00,15.2368,1,5.0474,1,36.0474,1
2024-06-29 06:30:00,15.2351,1,5.0470,1,36.0470,1
2024-06-29 07:00:00,15.2333,1,5.0467,1,36.0467,1
2024-06-29 07:30:00,15.2315,1,5.0463,1,36.0463,1
2024-06-29 08:00:00,15.2297,1,5.0459,1,36.0459,1
2024-06-29 08:30:00,15.2279,1,5.0456,1,36.0456,1
2024-06-29 09:00:00,15.2261,1,5.0452,1,36.0452,1
2024-06-29 09:30:00,15.2243,1,5.0449,1,36.0449,1
2024-06-29 10:00:00,15.2226,1,5.0445,1,36.0445,1
2024-06-29 10:30:00,15.2208,1,5.0442,1,36.0442,1
2024-06-29 11:00:00,15.2190,1,5.0438,1,36.0438,1
2024-06-29 11:30:00,15.2172,1,5.0434,1,36.0434,1
2024-06-29 12:00:00,15.2154,1,5.0431,1,36.0431,1
2024-06-29 12:30:00,15.2136,1,5.0427,1,36.0427,1
2024-06-29 13:00:00,15.2118,1,5.0424,1,36.0424,1
2024-06-29 13:30:00,15.2100,1,5.0420,1,36.0420,1
2024-06-29 14:00:00,15.2083,1,5.0417,1,36.0417,1
2024-06-29 14:30:00,15.2065,1,5.0413,1,36.0413,1
2024-06-29 15:00:00,15.2047,1,5.0409,1,36.0409,1
2024-06-29 15:30:00,15.2029,1,5.0406,1,36.0406,1
2024-06-29 16:00:00,15.2011,1,5.0402,1,36.0402,1
2024-06-29 16:30:00,15.1993,1,5.0399,1,36.0399,1
2024-06-29 17:00:00,15.1975,1,5.0395,1,36.0395,1
2024-06-29 17:30:00,15.1958,1,5.0392,1,36.0392,1
2024-06-29 18:00:00,15.1940,1,5.0388,1,36.0388,1
2024-06-29 18:30:00,15.1922,1,5.0384,1,36.0384,1
2024-06-29 19:00:00,15.1904,1,5.0381,1,36.0381,1
2024-06-29 19:30:00,15.1886,1,5.0377,1,36.0377,1
2024-06-29 20:00:00,15.1868,1,5.0374,1,36.0374,1
2024-06-29 20:30:00,15.1850,1,5.0370,1,36.0370,1
2024-06-29 21:00:00,15.1832,1,5.0366,1,36.0366,1
2024-06-29 21:30:00,15.1815,1,5.0363,1,36.0363,1
2024-06-29 22:00:00,15.1797,1,5.0359,1,36.0359,1
2024-06-29 22:30:00,15.1779,1,5.0356,1,36.0356,1
2024-06-29 23:00:00,15.1761,1,5.0352,1,36.0352,1
2024-06-29 23:30:00,15.1743,1,5.0349,1,36.0349,1
2024-06-30 00:00:00,15.1725,1,5.0345,1,36.0345,1
2024-06-30 00:30:00,15.1707,1,5.0341,1,36.0341,1
2024-06-30 01:00:00,15.1689,1,5.0338,1,36.0338,1
2024-06-30 01:30:00,15.1672,1,5.0334,1,36.0334,1
2024-06-30 02:00:00,15.1654,1,5.0331,1,36.0331,1
2024-06-30 02:30:00,15.1636,1,5.0327,1,36.0327,1
2024-06-30 03:00:00,15.1618,1,5.0324,1,36.0324,1
2024-06-30 03:30:00,15.1600,1,5.0320,1,36.0320,1
2024-06-30 04:00:00,15.1582,1,5.0316,1,36.0316,1
2024-06-30 04:30:00,15.1564,1,5.0313,1,36.0313,1
2024-06-30 05:00:00,15.1546,1,5.0309,1,36.0309,1
2024-06-30 05:30:00,15.1529,1,5.0306,1,36.0306,1
2024-06-30 06:00:00,15.1511,1,5.0302,1,36.0302,1
2024-06-30 06:30:00,15.1493,1,5.0299,1,36.0299,1
2024-06-30 07:00:00,15.1475,1,5.0295,1,36.0295,1
2024-06-30 07:30:00,15.1457,1,5.0291,1,36.0291,1
2024-06-30 08:00:00,15.1439,1,5.0288,1,36.0288,1
2024-06-30 08:30:00,15.1421,1,5.0284,1,36.0284,1
2024-06-30 09:00:00,15.1404,1,5.0281,1,36.0281,1
2024-06-30 09:30:00,15.1386,1,5.0277,1,36.0277,1
2024-06-30 10:00:00,15.1368,1,5.0274,1,36.0274,1
2024-06-30 10:30:00,15.1350,1,5.0270,1,36.0270,1
2024-06-30 11:00:00,15.1332,1,5.0266,1,36.0266,1
2024-06-30 11:30:00,15.1314,1,5.0263,1,36.0263,1
2024-06-30 12:00:00,15.1296,1,5.0259,1,36.0259,1
2024-06-30 12:30:00,15.1278,1,5.0256,1,36.0256,1
2024-06-30 13:00:00,15.1261,1,5.0252,1,36.0252,1
2024-06-30 13:30:00,15.1243,1,5.0249,1,36.0249,1
2024-06-30 14:00:00,15.1225,1,5.0245,1,36.0245,1
2024-06-30 14:30:00,15.1207,1,5.0241,1,36.0241,1
2024-06-30 15:00:00,15.1189,1,5.0238,1,36.0238,1
2024-06-30 15:30:00,15.1171,1,5.0234,1,36.0234,1
2024-06-30 16:00:00,15.1153,1,5.0231,1,36.0231,1
2024-06-30 16:30:00,15.1135,1,5.0227,1,36.0227,1
2024-06-30 17:00:00,15.1117,1,5.0223,1,36.0223,1
2024-06-30 17:30:00,15.1100,1,5.0220,1,36.0220,1
2024-06-30 18:00:00,15.1082,1,5.0216,1,36.0216,1
2024-06-30 18:30:00,15.1064,1,5.0213,1,36.0213,1
2024-06-30 19:00:00,15.1046,1,5.0209,1,36.0209,1
2024-06-30 19:30:00,15.1028,1,5.0206,1,36.0206,1
2024-06-30 20:00:00,15.1010,1,5.0202,1,36.0202,1
2024-06-30 20:30:00,15.0992,1,5.0198,1,36.0198,1
2024-06-30 21:00:00,15.0974,1,5.0195,1,36.0195,1
2024-06-30 21:30:00,15.0957,1,5.0191,1,36.0191,1
2024-06-30 22:00:00,15.0939,1,5.0188,1,36.0188,1
2024-06-30 22:30:00,15.0921,1,5.0184,1,36.0184,1
2024-06-30 23:00:00,15.0903,1,5.0181,1,36.0181,1
2024-06-30 23:30:00,15.0885,1,5.0177,1,36.0177,1
2024-07-01 00:00:00,15.0867,1,5.0173,1,36.0173,1
2024-07-01 00:30:00,15.0849,1,5.0170,1,36.0170,1
2024-07-01 01:00:00,15.0831,1,5.0166,1,36.0166,1
2024-07-01 01:30:00,15.0814,1,5.0163,1,36.0163,1
2024-07-01 02:00:00,15.0796,1,5.0159,1,36.0159,1
2024-07-01 02:30:00,15.0778,1,5.0156,1,36.0156,1
2024-07-01 03:00:00,15.0760,1,5.0152,1,36.0152,1
2024-07-01 03:30:00,15.0742,1,5.0148,1,36.0148,1
2024-07-01 04:00:00,15.0724,1,5.0145,1,36.0145,1
2024-07-01 04:30:00,15.0706,1,5.0141,1,36.0141,1
2024-07-01 05:00:00,15.0688,1,5.0138,1,36.0138,1
2024-07-01 05:30:00,15.0671,1,5.0134,1,36.0134,1
2024-07-01 06:00:00,15.0653,1,5.0131,1,36.0131,1
2024-07-01 06:30:00,15.0635,1,5.0127,1,36.0127,1
2024-07-01 07:00:00,15.0617,1,5.0123,1,36.0123,1
2024-07-01 07:30:00,15.0599,1,5.0120,1,36.0120,1
2024-07-01 08:00:00,15.0581,1,5.0116,1,36.0116,1
2024-07-01 08:30:00,15.0563,1,5.0113,1,36.0113,1
2024-07-01 09:00:00,15.0545,1,5.0109,1,36.0109,1
2024-07-01 09:30:00,15.0527,1,5.0105,1,36.0105,1
2024-07-01 10:00:00,15.0510,1,5.0102,1,36.0102,1
2024-07-01 10:30:00,15.0492,1,5.0098,1,36.0098,1
2024-07-01 11:00:00,15.0474,1,5.0095,1,36.0095,1
2024-07-01 11:30:00,15.0456,1,5.0091,1,36.0091,1
2024-07-01 12:00:00,15.0438,1,5.0088,1,36.0088,1
2024-07-01 12:30:00,15.0420,1,5.0084,1,36.0084,1
2024-07-01 13:00:00,15.0402,1,5.0080,1,36.0080,1
2024-07-01 13:30:00,15.0384,1,5.0077,1,36.0077,1
2024-07-01 14:00:00,15.0367,1,5.0073,1,36.0073,1
2024-07-01 14:30:00,15.0349,1,5.0070,1,36.0070,1
2024-07-01 15:00:00,15.0331,1,5.0066,1,36.0066,1
2024-07-01 15:30:00,15.0313,1,5.0063,1,36.0063,1
2024-07-01 16:00:00,15.0295,1,5.0059,1,36.0059,1
2024-07-01 16:30:00,15.0277,1,5.0055,1,36.0055,1
2024-07-01 17:00:00,15.0259,1,5.0052,1,36.0052,1
2024-07-01 17:30:00,15.0241,1,5.0048,1,36.0048,1
2024-07-01 18:00:00,15.0224,1,5.0045,1,36.0045,1
2024-07-01 18:30:00,15.0206,1,5.0041,1,36.0041,1
2024-07-01 19:00:00,15.0188,1,5.0038,1,36.0038,1
2024-07-01 19:30:00,15.0170,1,5.0034,1,36.0034,1
2024-07-01 20:00:00,15.0152,1,5.0030,1,36.0030,1
2024-07-01 20:30:00,15.0134,1,5.0027,1,36.0027,1
2024-07-01 21:00:00,15.0116,1,5.0023,1,36.0023,1
2024-07-01 21:30:00,15.0098,1,5.0020,1,36.0020,1
2024-07-01 22:00:00,15.0080,1,5.0016,1,36.0016,1
2024-07-01 22:30:00,15.0063,1,5.0013,1,36.0013,1
2024-07-01 23:00:00,15.0045,1,5.0009,1,36.0009,1
2024-07-01 23:30:00,15.0027,1,5.0005,1,36.0005,1
2024-07-02 00:00:00,15.0009,1,5.0002,1,36.0002,1
2024-07-02 00:30:00,14.9991,1,4.9998,1,35.9998,1
2024-07-02 01:00:00,14.9973,1,4.9995,1,35.9995,1
2024-07-02 01:30:00,14.9955,1,4.9991,1,35.9991,1
2024-07-02 02:00:00,14.9937,1,4.9987,1,35.9987,1
2024-07-02 02:30:00,14.9920,1,4.9984,1,35.9984,1
2024-07-02 03:00:00,14.9902,1,4.9980,1,35.9980,1
2024-07-02 03:30:00,14.9884,1,4.9977,1,35.9977,1
2024-07-02 04:00:00,14.9866,1,4.9973,1,35.9973,1
2024-07-02 04:30:00,14.9848,1,4.9970,1,35.9970,1
2024-07-02 05:00:00,14.9830,1,4.9966,1,35.9966,1
2024-07-02 05:30:00,14.9812,1,4.9962,1,35.9962,1
2024-07-02 06:00:00,14.9794,1,4.9959,1,35.9959,1
2024-07-02 06:30:00,14.9776,1,4.9955,1,35.9955,1
2024-07-02 07:00:00,14.9759,1,4.9952,1,35.9952,1
2024-07-02 07:30:00,14.9741,1,4.9948,1,35.9948,1
2024-07-02 08:00:00,14.9723,1,4.9945,1,35.9945,1
2024-07-02 08:30:00,14.9705,1,4.9941,1,35.9941,1
2024-07-02 09:00:00,14.9687,1,4.9937,1,35.9937,1
2024-07-02 09:30:00,14.9669,1,4.9934,1,35.9934,1
2024-07-02 10:00:00,14.9651,1,4.9930,1,35.9930,1
2024-07-02 10:30:00,14.9633,1,4.9927,1,35.9927,1
2024-07-02 11:00:00,14.9616,1,4.9923,1,35.9923,1
2024-07-02 11:30:00,14.9598,1,4.9920,1,35.9920,1
2024-07-02 12:00:00,14.9580,1,4.9916,1,35.9916,1
2024-07-02 12:30:00,14.9562,1,4.9912,1,35.9912,1
2024-07-02 13:00:00,14.9544,1,4.9909,1,35.9909,1
2024-07-02 13:30:00,14.9526,1,4.9905,1,35.9905,1
2024-07-02 14:00:00,14.9508,1,4.9902,1,35.9902,1
2024-07-02 14:30:00,14.9490,1,4.9898,1,35.9898,1
2024-07-02 15:00:00,14.9473,1,4.9895,1,35.9895,1
2024-07-02 15:30:00,14.9455,1,4.9891,1,35.9891,1
2024-07-02 16:00:00,14.9437,1,4.9887,1,35.9887,1
2024-07-02 16:30:00,14.9419,1,4.9884,1,35.9884,1
2024-07-02 17:00:00,14.9401,1,4.9880,1,35.9880,1
2024-07-02 17:30:00,14.9383,1,4.9877,1,35.9877,1
2024-07-02 18:00:00,14.9365,1,4.9873,1,35.9873,1
2024-07-02 18:30:00,14.9347,1,4.9869,1,35.9869,1
2024-07-02 19:00:00,14.9329,1,4.9866,1,35.9866,1
2024-07-02 19:30:00,14.9312,1,4.9862,1,35.9862,1
2024-07-02 20:00:00,14.9294,1,4.9859,1,35.9859,1
2024-07-02 20:30:00,14.9276,1,4.9855,1,35.9855,1
2024-07-02 21:00:00,14.9258,1,4.9852,1,35.9852,1
2024-07-02 21:30:00,14.9240,1,4.9848,1,35.9848,1
2024-07-02 22:00:00,14.9222,1,4.9844,1,35.9844,1
2024-07-02 22:30:00,14.9204,1,4.9841,1,35.9841,1
2024-07-02 23:00:00,14.9186,1,4.9837,1,35.9837,1
2024-07-02 23:30:00,14.9169,1,4.9834,1,35.9834,1
2024-07-03 00:00:00,14.9151,1,4.9830,1,35.9830,1
2024-07-03 00:30:00,14.9133,1,4.9827,1,35.9827,1
2024-07-03 01:00:00,14.9115,1,4.9823,1,35.9823,1
2024-07-03 01:30:00,14.9097,1,4.9819,1,35.9819,1
2024-07-03 02:00:00,14.9079,1,4.9816,1,35.9816,1
2024-07-03 02:30:00,14.9061,1,4.9812,1,35.9812,1
2024-07-03 03:00:00,14.9043,1,4.9809,1,35.9809,1
2024-07-03 03:30:00,14.9026,1,4.9805,1,35.9805,1
2024-07-03 04:00:00,14.9008,1,4.9802,1,35.9802,1
2024-07-03 04:30:00,14.8990,1,4.9798,1,35.9798,1
2024-07-03 05:00:00,14.8972,1,4.9794,1,35.9794,1
2024-07-03 05:30:00,14.8954,1,4.9791,1,35.9791,1
2024-07-03 06:00:00,14.8936,1,4.9787,1,35.9787,1
2024-07-03 06:30:00,14.8918,1,4.9784,1,35.9784,1
2024-07-03 07:00:00,14.8900,1,4.9780,1,35.9780,1
2024-07-03 07:30:00,14.8883,1,4.9777,1,35.9777,1
2024-07-03 08:00:00,14.8865,1,4.9773,1,35.9773,1
2024-07-03 08:30:00,14.8847,1,4.9769,1,35.9769,1
2024-07-03 09:00:00,14.8829,1,4.9766,1,35.9766,1
2024-07-03 09:30:00,14.8811,1,4.9762,1,35.9762,1
2024-07-03 10:00:00,14.8793,1,4.9759,1,35.9759,1
2024-07-03 10:30:00,14.8775,1,4.9755,1,35.9755,1
2024-07-03 11:00:00,14.8757,1,4.9751,1,35.9751,1
2024-07-03 11:30:00,14.8739,1,4.9748,1,35.9748,1
2024-07-03 12:00:00,14.8722,1,4.9744,1,35.9744,1
2024-07-03 12:30:00,14.8704,1,4.9741,1,35.9741,1
2024-07-03 13:00:00,14.8686,1,4.9737,1,35.9737,1
2024-07-03 13:30:00,14.8668,1,4.9734,1,35.9734,1
2024-07-03 14:00:00,14.8650,1,4.9730,1,35.9730,1
2024-07-03 14:30:00,14.8632,1,4.9726,1,35.9726,1
2024-07-03 15:00:00,14.8614,1,4.9723,1,35.9723,1
2024-07-03 15:30:00,14.8596,1,4.9719,1,35.9719,1
2024-07-03 16:00:00,14.8579,1,4.9716,1,35.9716,1
2024-07-03 16:30:00,14.8561,1,4.9712,1,35.9712,1
2024-07-03 17:00:00,14.8543,1,4.9709,1,35.9709,1
2024-07-03 17:30:00,14.8525,1,4.9705,1,35.9705,1
2024-07-03 18:00:00,14.8507,1,4.9701,1,35.9701,1
2024-07-03 18:30:00,14.8489,1,4.9698,1,35.9698,1
2024-07-03 19:00:00,14.8471,1,4.9694,1,35.9694,1
2024-07-03 19:30:00,14.8454,1,4.9691,1,35.9691,1
2024-07-03 20:00:00,14.8436,1,4.9687,1,35.9687,1
2024-07-03 20:30:00,14.8418,1,4.9684,1,35.9684,1
2024-07-03 21:00:00,14.8400,1,4.9680,1,35.9680,1
2024-07-03 21:30:00,14.8382,1,4.9676,1,35.9676,1
2024-07-03 22:00:00,14.8364,1,4.9673,1,35.9673,1
2024-07-03 22:30:00,14.8346,1,4.9669,1,35.9669,1
2024-07-03 23:00:00,14.8328,1,4.9666,1,35.9666,1
2024-07-03 23:30:00,14.8311,1,4.9662,1,35.9662,1
2024-07-04 00:00:00,14.8293,1,4.9659,1,35.9659,1
2024-07-04 00:30:00,14.8275,1,4.9655,1,35.9655,1
2024-07-04 01:00:00,14.8257,1,4.9651,1,35.9651,1
2024-07-04 01:30:00,14.8239,1,4.9648,1,35.9648,1
2024-07-04 02:00:00,14.8221,1,4.9644,1,35.9644,1
2024-07-04 02:30:00,14.8203,1,4.9641,1,35.9641,1
2024-07-04 03:00:00,14.8185,1,4.9637,1,35.9637,1
2024-07-04 03:30:00,14.8168,1,4.9634,1,35.9634,1
2024-07-04 04:00:00,14.8150,1,4.9630,1,35.9630,1
2024-07-04 04:30:00,14.8132,1,4.9626,1,35.9626,1
2024-07-04 05:00:00,14.8114,1,4.9623,1,35.9623,1
2024-07-04 05:30:00,14.8096,1,4.9619,1,35.9619,1
2024-07-04 06:00:00,14.8078,1,4.9616,1,35.9616,1
2024-07-04 06:30:00,14.8060,1,4.9612,1,35.9612,1
2024-07-04 07:00:00,14.8042,1,4.9608,1,35.9608,1
2024-07-04 07:30:00,14.8025,1,4.9605,1,35.9605,1
2024-07-04 08:00:00,14.8007,1,4.9601,1,35.9601,1
2024-07-04 08:30:00,14.7989,1,4.9598,1,35.9598,1
2024-07-04 09:00:00,14.7971,1,4.9594,1,35.9594,1
2024-07-04 09:30:00,14.7953,1,4.9591,1,35.9591,1
2024-07-04 10:00:00,14.7935,1,4.9587,1,35.9587,1
2024-07-04 10:30:00,14.7917,1,4.9583,1,35.9583,1
2024-07-04 11:00:00,14.7900,1,4.9580,1,35.9580,1
2024-07-04 11:30:00,14.7882,1,4.9576,1,35.9576,1
2024-07-04 12:00:00,14.7864,1,4.9573,1,35.9573,1
2024-07-04 12:30:00,14.7846,1,4.9569,1,35.9569,1
2024-07-04 13:00:00,14.7828,1,4.9566,1,35.9566,1
2024-07-04 13:30:00,14.7810,1,4.9562,1,35.9562,1
2024-07-04 14:00:00,14.7792,1,4.9558,1,35.9558,1
2024-07-04 14:30:00,14.7774,1,4.9555,1,35.9555,1
2024-07-04 15:00:00,14.7757,1,4.9551,1,35.9551,1
2024-07-04 15:30:00,14.7739,1,4.9548,1,35.9548,1
2024-07-04 16:00:00,14.7721,1,4.9544,1,35.9544,1
2024-07-04 16:30:00,14.7703,1,4.9541,1,35.9541,1
2024-07-04 17:00:00,14.7685,1,4.9537,1,35.9537,1
2024-07-04 17:30:00,14.7667,1,4.9533,1,35.9533,1
2024-07-04 18:00:00,14.7649,1,4.9530,1,35.9530,1
2024-07-04 18:30:00,14.7632,1,4.9526,1,35.9526,1
2024-07-04 19:00:00,14.7614,1,4.9523,1,35.9523,1
2024-07-04 19:30:00,14.7596,1,4.9519,1,35.9519,1
2024-07-04 20:00:00,14.7578,1,4.9516,1,35.9516,1
2024-07-04 20:30:00,14.7560,1,4.9512,1,35.9512,1
2024-07-04 21:00:00,14.7542,1,4.9508,1,35.9508,1
2024-07-04 21:30:00,14.7524,1,4.9505,1,35.9505,1
2024-07-04 22:00:00,14.7507,1,4.9501,1,35.9501,1
2024-07-04 22:30:00,14.7489,1,4.9498,1,35.9498,1
2024-07-04 23:00:00,14.7471,1,4.9494,1,35.9494,1
2024-07-04 23:30:00,14.7453,1,4.9491,1,35.9491,1
2024-07-05 00:00:00,14.7435,1,4.9487,1,35.9487,1
2024-07-05 00:30:00,14.7417,1,4.9483,1,35.9483,1
2024-07-05 01:00:00,14.7399,1,4.9480,1,35.9480,1
2024-07-05 01:30:00,14.7382,1,4.9476,1,35.9476,1
2024-07-05 02:00:00,14.7364,1,4.9473,1,35.9473,1
2024-07-05 02:30:00,14.7346,1,4.9469,1,35.9469,1
2024-07-05 03:00:00,14.7328,1,4.9466,1,35.9466,1
2024-07-05 03:30:00,14.7310,1,4.9462,1,35.9462,1
2024-07-05 04:00:00,14.7292,1,4.9458,1,35.9458,1
2024-07-05 04:30:00,14.7274,1,4.9455,1,35.9455,1
2024-07-05 05:00:00,14.7257,1,4.9451,1,35.9451,1
2024-07-05 05:30:00,14.7239,1,4.9448,1,35.9448,1
2024-07-05 06:00:00,14.7221,1,4.9444,1,35.9444,1
2024-07-05 06:30:00,14.7203,1,4.9441,1,35.9441,1
2024-07-05 07:00:00,14.7185,1,4.9437,1,35.9437,1
2024-07-05 07:30:00,14.7167,1,4.9433,1,35.9433,1
2024-07-05 08:00:00,14.7149,1,4.9430,1,35.9430,1
2024-07-05 08:30:00,14.7132,1,4.9426,1,35.9426,1
2024-07-05 09:00:00,14.7114,1,4.9423,1,35.9423,1
2024-07-05 09:30:00,14.7096,1,4.9419,1,35.9419,1
2024-07-05 10:00:00,14.7078,1,4.9416,1,35.9416,1
2024-07-05 10:30:00,14.7060,1,4.9412,1,35.9412,1
2024-07-05 11:00:00,14.7042,1,4.9408,1,35.9408,1
2024-07-05 11:30:00,14.7024,1,4.9405,1,35.9405,1
2024-07-05 12:00:00,14.7007,1,4.9401,1,35.9401,1
2024-07-05 12:30:00,14.6989,1,4.9398,1,35.9398,1
2024-07-05 13:00:00,14.6971,1,4.9394,1,35.9394,1
2024-07-05 13:30:00,14.6953,1,4.9391,1,35.9391,1
2024-07-05 14:00:00,14.6935,1,4.9387,1,35.9387,1
2024-07-05 14:30:00,14.6917,1,4.9383,1,35.9383,1
2024-07-05 15:00:00,14.6900,1,4.9380,1,35.9380,1
2024-07-05 15:30:00,14.6882,1,4.9376,1,35.9376,1
2024-07-05 16:00:00,14.6864,1,4.9373,1,35.9373,1
2024-07-05 16:30:00,14.6846,1,4.9369,1,35.9369,1
2024-07-05 17:00:00,14.6828,1,4.9366,1,35.9366,1
2024-07-05 17:30:00,14.6810,1,4.9362,1,35.9362,1
2024-07-05 18:00:00,14.6792,1,4.9358,1,35.9358,1
2024-07-05 18:30:00,14.6775,1,4.9355,1,35.9355,1
2024-07-05 19:00:00,14.6757,1,4.9351,1,35.9351,1
2024-07-05 19:30:00,14.6739,1,4.9348,1,35.9348,1
2024-07-05 20:00:00,14.6721,1,4.9344,1,35.9344,1
2024-07-05 20:30:00,14.6703,1,4.9341,1,35.9341,1
2024-07-05 21:00:00,14.6685,1,4.9337,1,35.9337,1
2024-07-05 21:30:00,14.6668,1,4.9334,1,35.9334,1
2024-07-05 22:00:00,14.6650,1,4.9330,1,35.9330,1
2024-07-05 22:30:00,14.6632,1,4.9326,1,35.9326,1
2024-07-05 23:00:00,14.6614,1,4.9323,1,35.9323,1
2024-07-05 23:30:00,14.6596,1,4.9319,1,35.9319,1
2024-07-06 00:00:00,14.6578,1,4.9316,1,35.9316,1
2024-07-06 00:30:00,14.6561,1,4.9312,1,35.9312,1
2024-07-06 01:00:00,14.6543,1,4.9309,1,35.9309,1
2024-07-06 01:30:00,14.6525,1,4.9305,1,35.9305,1
2024-07-06 02:00:00,14.6507,1,4.9301,1,35.9301,1
2024-07-06 02:30:00,14.6489,1,4.9298,1,35.9298,1
2024-07-06 03:00:00,14.6471,1,4.9294,1,35.9294,1
2024-07-06 03:30:00,14.6454,1,4.9291,1,35.9291,1
2024-07-06 04:00:00,14.6436,1,4.9287,1,35.9287,1
2024-07-06 04:30:00,14.6418,1,4.9284,1,35.9284,1
2024-07-06 05:00:00,14.6400,1,4.9280,1,35.9280,1
2024-07-06 05:30:00,14.6382,1,4.9276,1,35.9276,1
2024-07-06 06:00:00,14.6364,1,4.9273,1,35.9273,1
2024-07-06 06:30:00,14.6347,1,4.9269,1,35.9269,1
2024-07-06 07:00:00,14.6329,1,4.9266,1,35.9266,1
2024-07-06 07:30:00,14.6311,1,4.9262,1,35.9262,1
2024-07-06 08:00:00,14.6293,1,4.9259,1,35.9259,1
2024-07-06 08:30:00,14.6275,1,4.9255,1,35.9255,1
2024-07-06 09:00:00,14.6257,1,4.9251,1,35.9251,1
2024-07-06 09:30:00,14.6240,1,4.9248,1,35.9248,1
2024-07-06 10:00:00,14.6222,1,4.9244,1,35.9244,1
2024-07-06 10:30:00,14.6204,1,4.9241,1,35.9241,1
2024-07-06 11:00:00,14.6186,1,4.9237,1,35.9237,1
2024-07-06 11:30:00,14.6168,1,4.9234,1,35.9234,1
2024-07-06 12:00:00,14.6150,1,4.9230,1,35.9230,1
2024-07-06 12:30:00,14.6133,1,4.9227,1,35.9227,1
2024-07-06 13:00:00,14.6115,1,4.9223,1,35.9223,1
2024-07-06 13:30:00,14.6097,1,4.9219,1,35.9219,1
2024-07-06 14:00:00,14.6079,1,4.9216,1,35.9216,1
2024-07-06 14:30:00,14.6061,1,4.9212,1,35.9212,1
2024-07-06 15:00:00,14.6043,1,4.9209,1,35.9209,1
2024-07-06 15:30:00,14.6026,1,4.9205,1,35.9205,1
2024-07-06 16:00:00,14.6008,1,4.9202,1,35.9202,1
2024-07-06 16:30:00,14.5990,1,4.9198,1,35.9198,1
2024-07-06 17:00:00,14.5972,1,4.9194,1,35.9194,1
2024-07-06 17:30:00,14.5954,1,4.9191,1,35.9191,1
2024-07-06 18:00:00,14.5936,1,4.9187,1,35.9187,1
2024-07-06 18:30:00,14.5919,1,4.9184,1,35.9184,1
2024-07-06 19:00:00,14.5901,1,4.9180,1,35.9180,1
2024-07-06 19:30:00,14.5883,1,4.9177,1,35.9177,1
2024-07-06 20:00:00,14.5865,1,4.9173,1,35.9173,1
2024-07-06 20:30:00,14.5847,1,4.9169,1,35.9169,1
2024-07-06 21:00:00,14.5830,1,4.9166,1,35.9166,1
2024-07-06 21:30:00,14.5812,1,4.9162,1,35.9162,1
2024-07-06 22:00:00,14.5794,1,4.9159,1,35.9159,1
2024-07-06 22:30:00,14.5776,1,4.9155,1,35.9155,1
2024-07-06 23:00:00,14.5758,1,4.9152,1,35.9152,1
2024-07-06 23:30:00,14.5740,1,4.9148,1,35.9148,1
2024-07-07 00:00:00,14.5723,1,4.9145,1,35.9145,1
2024-07-07 00:30:00,14.5705,1,4.9141,1,35.9141,1
2024-07-07 01:00:00,14.5687,1,4.9137,1,35.9137,1
2024-07-07 01:30:00,14.5669,1,4.9134,1,35.9134,1
2024-07-07 02:00:00,14.5651,1,4.9130,1,35.9130,1
2024-07-07 02:30:00,14.5634,1,4.9127,1,35.9127,1
2024-07-07 03:00:00,14.5616,1,4.9123,1,35.9123,1
2024-07-07 03:30:00,14.5598,1,4.9120,1,35.9120,1
2024-07-07 04:00:00,14.5580,1,4.9116,1,35.9116,1
2024-07-07 04:30:00,14.5562,1,4.9112,1,35.9112,1
2024-07-07 05:00:00,14.5544,1,4.9109,1,35.9109,1
2024-07-07 05:30:00,14.5527,1,4.9105,1,35.9105,1
2024-07-07 06:00:00,14.5509,1,4.9102,1,35.9102,1
2024-07-07 06:30:00,14.5491,1,4.9098,1,35.9098,1
2024-07-07 07:00:00,14.5473,1,4.9095,1,35.9095,1
2024-07-07 07:30:00,14.5455,1,4.9091,1,35.9091,1
2024-07-07 08:00:00,14.5438,1,4.9088,1,35.9088,1
2024-07-07 08:30:00,14.5420,1,4.9084,1,35.9084,1
2024-07-07 09:00:00,14.5402,1,4.9080,1,35.9080,1
2024-07-07 09:30:00,14.5384,1,4.9077,1,35.9077,1
2024-07-07 10:00:00,14.5366,1,4.9073,1,35.9073,1
2024-07-07 10:30:00,14.5349,1,4.9070,1,35.9070,1
2024-07-07 11:00:00,14.5331,1,4.9066,1,35.9066,1
2024-07-07 11:30:00,14.5313,1,4.9063,1,35.9063,1
2024-07-07 12:00:00,14.5295,1,4.9059,1,35.9059,1
2024-07-07 12:30:00,14.5277,1,4.9055,1,35.9055,1
2024-07-07 13:00:00,14.5260,1,4.9052,1,35.9052,1
2024-07-07 13:30:00,14.5242,1,4.9048,1,35.9048,1
2024-07-07 14:00:00,14.5224,1,4.9045,1,35.9045,1
2024-07-07 14:30:00,14.5206,1,4.9041,1,35.9041,1
2024-07-07 15:00:00,14.5188,1,4.9038,1,35.9038,1
2024-07-07 15:30:00,14.5171,1,4.9034,1,35.9034,1
2024-07-07 16:00:00,14.5153,1,4.9031,1,35.9031,1
2024-07-07 16:30:00,14.5135,1,4.9027,1,35.9027,1
2024-07-07 17:00:00,14.5117,1,4.9023,1,35.9023,1
2024-07-07 17:30:00,14.5099,1,4.9020,1,35.9020,1
2024-07-07 18:00:00,14.5082,1,4.9016,1,35.9016,1
2024-07-07 18:30:00,14.5064,1,4.9013,1,35.9013,1
2024-07-07 19:00:00,14.5046,1,4.9009,1,35.9009,1
2024-07-07 19:30:00,14.5028,1,4.9006,1,35.9006,1
2024-07-07 20:00:00,14.5010,1,4.9002,1,35.9002,1
2024-07-07 20:30:00,14.4993,1,4.8999,1,35.8999,1
2024-07-07 21:00:00,14.4975,1,4.8995,1,35.8995,1
2024-07-07 21:30:00,14.4957,1,4.8991,1,35.8991,1
2024-07-07 22:00:00,14.4939,1,4.8988,1,35.8988,1
2024-07-07 22:30:00,14.4921,1,4.8984,1,35.8984,1
2024-07-07 23:00:00,14.4904,1,4.8981,1,35.8981,1
2024-07-07 23:30:00,14.4886,1,4.8977,1,35.8977,1
2024-07-08 00:00:00,14.4868,1,4.8974,1,35.8974,1
2024-07-08 00:30:00,14.4850,1,4.8970,1,35.8970,1
2024-07-08 01:00:00,14.4833,1,4.8967,1,35.8967,1
2024-07-08 01:30:00,14.4815,1,4.8963,1,35.8963,1
2024-07-08 02:00:00,14.4797,1,4.8959,1,35.8959,1
2024-07-08 02:30:00,14.4779,1,4.8956,1,35.8956,1
2024-07-08 03:00:00,14.4761,1,4.8952,1,35.8952,1
2024-07-08 03:30:00,14.4744,1,4.8949,1,35.8949,1
2024-07-08 04:00:00,14.4726,1,4.8945,1,35.8945,1
2024-07-08 04:30:00,14.4708,1,4.8942,1,35.8942,1
2024-07-08 05:00:00,14.4690,1,4.8938,1,35.8938,1
2024-07-08 05:30:00,14.4673,1,4.8935,1,35.8935,1
2024-07-08 06:00:00,14.4655,1,4.8931,1,35.8931,1
2024-07-08 06:30:00,14.4637,1,4.8927,1,35.8927,1
2024-07-08 07:00:00,14.4619,1,4.8924,1,35.8924,1
2024-07-08 07:30:00,14.4601,1,4.8920,1,35.8920,1
2024-07-08 08:00:00,14.4584,1,4.8917,1,35.8917,1
2024-07-08 08:30:00,14.4566,1,4.8913,1,35.8913,1
2024-07-08 09:00:00,14.4548,1,4.8910,1,35.8910,1
2024-07-08 09:30:00,14.4530,1,4.8906,1,35.8906,1
2024-07-08 10:00:00,14.4513,1,4.8903,1,35.8903,1
2024-07-08 10:30:00,14.4495,1,4.8899,1,35.8899,1
2024-07-08 11:00:00,14.4477,1,4.8895,1,35.8895,1
2024-07-08 11:30:00,14.4459,1,4.8892,1,35.8892,1
2024-07-08 12:00:00,14.4441,1,4.8888,1,35.8888,1
2024-07-08 12:30:00,14.4424,1,4.8885,1,35.8885,1
2024-07-08 13:00:00,14.4406,1,4.8881,1,35.8881,1
2024-07-08 13:30:00,14.4388,1,4.8878,1,35.8878,1
2024-07-08 14:00:00,14.4370,1,4.8874,1,35.8874,1
2024-07-08 14:30:00,14.4353,1,4.8871,1,35.8871,1
2024-07-08 15:00:00,14.4335,1,4.8867,1,35.8867,1
2024-07-08 15:30:00,14.4317,1,4.8863,1,35.8863,1
2024-07-08 16:00:00,14.4299,1,4.8860,1,35.8860,1
2024-07-08 16:30:00,14.4282,1,4.8856,1,35.8856,1
2024-07-08 17:00:00,14.4264,1,4.8853,1,35.8853,1
2024-07-08 17:30:00,14.4246,1,4.8849,1,35.8849,1
2024-07-08 18:00:00,14.4228,1,4.8846,1,35.8846,1
2024-07-08 18:30:00,14.4210,1,4.8842,1,35.8842,1
2024-07-08 19:00:00,14.4193,1,4.8839,1,35.8839,1
2024-07-08 19:30:00,14.4175,1,4.8835,1,35.8835,1
2024-07-08 20:00:00,14.4157,1,4.8831,1,35.8831,1
2024-07-08 20:30:00,14.4139,1,4.8828,1,35.8828,1
2024-07-08 21:00:00,14.4122,1,4.8824,1,35.8824,1
2024-07-08 21:30:00,14.4104,1,4.8821,1,35.8821,1
2024-07-08 22:00:00,14.4086,1,4.8817,1,35.8817,1
2024-07-08 22:30:00,14.4068,1,4.8814,1,35.8814,1
2024-07-08 23:00:00,14.4051,1,4.8810,1,35.8810,1
2024-07-08 23:30:00,14.4033,1,4.8807,1,35.8807,1
2024-07-09 00:00:00,14.4015,1,4.8803,1,35.8803,1
2024-07-09 00:30:00,14.3997,1,4.8799,1,35.8799,1
2024-07-09 01:00:00,14.3980,1,4.8796,1,35.8796,1
2024-07-09 01:30:00,14.3962,1,4.8792,1,35.8792,1
2024-07-09 02:00:00,14.3944,1,4.8789,1,35.8789,1
2024-07-09 02:30:00,14.3926,1,4.8785,1,35.8785,1
2024-07-09 03:00:00,14.3909,1,4.8782,1,35.8782,1
2024-07-09 03:30:00,14.3891,1,4.8778,1,35.8778,1
2024-07-09 04:00:00,14.3873,1,4.8775,1,35.8775,1
2024-07-09 04:30:00,14.3855,1,4.8771,1,35.8771,1
2024-07-09 05:00:00,14.3838,1,4.8768,1,35.8768,1
2024-07-09 05:30:00,14.3820,1,4.8764,1,35.8764,1
2024-07-09 06:00:00,14.3802,1,4.8760,1,35.8760,1
2024-07-09 06:30:00,14.3784,1,4.8757,1,35.8757,1
2024-07-09 07:00:00,14.3767,1,4.8753,1,35.8753,1
2024-07-09 07:30:00,14.3749,1,4.8750,1,35.8750,1
2024-07-09 08:00:00,14.3731,1,4.8746,1,35.8746,1
2024-07-09 08:30:00,14.3713,1,4.8743,1,35.8743,1
2024-07-09 09:00:00,14.3696,1,4.8739,1,35.8739,1
2024-07-09 09:30:00,14.3678,1,4.8736,1,35.8736,1
2024-07-09 10:00:00,14.3660,1,4.8732,1,35.8732,1
2024-07-09 10:30:00,14.3643,1,4.8729,1,35.8729,1
2024-07-09 11:00:00,14.3625,1,4.8725,1,35.8725,1
2024-07-09 11:30:00,14.3607,1,4.8721,1,35.8721,1
2024-07-09 12:00:00,14.3589,1,4.8718,1,35.8718,1
2024-07-09 12:30:00,14.3572,1,4.8714,1,35.8714,1
2024-07-09 13:00:00,14.3554,1,4.8711,1,35.8711,1
2024-07-09 13:30:00,14.3536,1,4.8707,1,35.8707,1
2024-07-09 14:00:00,14.3518,1,4.8704,1,35.8704,1
2024-07-09 14:30:00,14.3501,1,4.8700,1,35.8700,1
2024-07-09 15:00:00,14.3483,1,4.8697,1,35.8697,1
2024-07-09 15:30:00,14.3465,1,4.8693,1,35.8693,1
2024-07-09 16:00:00,14.3447,1,4.8689,1,35.8689,1
2024-07-09 16:30:00,14.3430,1,4.8686,1,35.8686,1
2024-07-09 17:00:00,14.3412,1,4.8682,1,35.8682,1
2024-07-09 17:30:00,14.3394,1,4.8679,1,35.8679,1
2024-07-09 18:00:00,14.3377,1,4.8675,1,35.8675,1
2024-07-09 18:30:00,14.3359,1,4.8672,1,35.8672,1
2024-07-09 19:00:00,14.3341,1,4.8668,1,35.8668,1
2024-07-09 19:30:00,14.3323,1,4.8665,1,35.8665,1
2024-07-09 20:00:00,14.3306,1,4.8661,1,35.8661,1
2024-07-09 20:30:00,14.3288,1,4.8658,1,35.8658,1
2024-07-09 21:00:00,14.3270,1,4.8654,1,35.8654,1
2024-07-09 21:30:00,14.3253,1,4.8651,1,35.8651,1
2024-07-09 22:00:00,14.3235,1,4.8647,1,35.8647,1
2024-07-09 22:30:00,14.3217,1,4.8643,1,35.8643,1
2024-07-09 23:00:00,14.3199,1,4.8640,1,35.8640,1
2024-07-09 23:30:00,14.3182,1,4.8636,1,35.8636,1
2024-07-10 00:00:00,14.3164,1,4.8633,1,35.8633,1
2024-07-10 00:30:00,14.3146,1,4.8629,1,35.8629,1
2024-07-10 01:00:00,14.3129,1,4.8626,1,35.8626,1
2024-07-10 01:30:00,14.3111,1,4.8622,1,35.8622,1
2024-07-10 02:00:00,14.3093,1,4.8619,1,35.8619,1
2024-07-10 02:30:00,14.3075,1,4.8615,1,35.8615,1
2024-07-10 03:00:00,14.3058,1,4.8612,1,35.8612,1
2024-07-10 03:30:00,14.3040,1,4.8608,1,35.8608,1
2024-07-10 04:00:00,14.3022,1,4.8604,1,35.8604,1
2024-07-10 04:30:00,14.3005,1,4.8601,1,35.8601,1
2024-07-10 05:00:00,14.2987,1,4.8597,1,35.8597,1
2024-07-10 05:30:00,14.2969,1,4.8594,1,35.8594,1
2024-07-10 06:00:00,14.2951,1,4.8590,1,35.8590,1
2024-07-10 06:30:00,14.2934,1,4.8587,1,35.8587,1
2024-07-10 07:00:00,14.2916,1,4.8583,1,35.8583,1
2024-07-10 07:30:00,14.2898,1,4.8580,1,35.8580,1
2024-07-10 08:00:00,14.2881,1,4.8576,1,35.8576,1
2024-07-10 08:30:00,14.2863,1,4.8573,1,35.8573,1
2024-07-10 09:00:00,14.2845,1,4.8569,1,35.8569,1
2024-07-10 09:30:00,14.2828,1,4.8566,1,35.8566,1
2024-07-10 10:00:00,14.2810,1,4.8562,1,35.8562,1
2024-07-10 10:30:00,14.2792,1,4.8558,1,35.8558,1
2024-07-10 11:00:00,14.2774,1,4.8555,1,35.8555,1
2024-07-10 11:30:00,14.2757,1,4.8551,1,35.8551,1
2024-07-10 12:00:00,14.2739,1,4.8548,1,35.8548,1
2024-07-10 12:30:00,14.2721,1,4.8544,1,35.8544,1
2024-07-10 13:00:00,14.2704,1,4.8541,1,35.8541,1
2024-07-10 13:30:00,14.2686,1,4.8537,1,35.8537,1
2024-07-10 14:00:00,14.2668,1,4.8534,1,35.8534,1
2024-07-10 14:30:00,14.2651,1,4.8530,1,35.8530,1
2024-07-10 15:00:00,14.2633,1,4.8527,1,35.8527,1
2024-07-10 15:30:00,14.2615,1,4.8523,1,35.8523,1
2024-07-10 16:00:00,14.2598,1,4.8520,1,35.8520,1
2024-07-10 16:30:00,14.2580,1,4.8516,1,35.8516,1
2024-07-10 17:00:00,14.2562,1,4.8512,1,35.8512,1
2024-07-10 17:30:00,14.2545,1,4.8509,1,35.8509,1
2024-07-10 18:00:00,14.2527,1,4.8505,1,35.8505,1
2024-07-10 18:30:00,14.2509,1,4.8502,1,35.8502,1
2024-07-10 19:00:00,14.2491,1,4.8498,1,35.8498,1
2024-07-10 19:30:00,14.2474,1,4.8495,1,35.8495,1
2024-07-10 20:00:00,14.2456,1,4.8491,1,35.8491,1
2024-07-10 20:30:00,14.2438,1,4.8488,1,35.8488,1
2024-07-10 21:00:00,14.2421,1,4.8484,1,35.8484,1
2024-07-10 21:30:00,14.2403,1,4.8481,1,35.8481,1
2024-07-10 22:00:00,14.2385,1,4.8477,1,35.8477,1
2024-07-10 22:30:00,14.2368,1,4.8474,1,35.8474,1
2024-07-10 23:00:00,14.2350,1,4.8470,1,35.8470,1
2024-07-10 23:30:00,14.2332,1,4.8466,1,35.8466,1
2024-07-11 00:00:00,14.2315,1,4.8463,1,35.8463,1
2024-07-11 00:30:00,14.2297,1,4.8459,1,35.8459,1
2024-07-11 01:00:00,14.2279,1,4.8456,1,35.8456,1
2024-07-11 01:30:00,14.2262,1,4.8452,1,35.8452,1
2024-07-11 02:00:00,14.2244,1,4.8449,1,35.8449,1
2024-07-11 02:30:00,14.2226,1,4.8445,1,35.8445,1
2024-07-11 03:00:00,14.2209,1,4.8442,1,35.8442,1
2024-07-11 03:30:00,14.2191,1,4.8438,1,35.8438,1
2024-07-11 04:00:00,14.2173,1,4.8435,1,35.8435,1
2024-07-11 04:30:00,14.2156,1,4.8431,1,35.8431,1
2024-07-11 05:00:00,14.2138,1,4.8428,1,35.8428,1
2024-07-11 05:30:00,14.2120,1,4.8424,1,35.8424,1
2024-07-11 06:00:00,14.2103,1,4.8421,1,35.8421,1
2024-07-11 06:30:00,14.2085,1,4.8417,1,35.8417,1
2024-07-11 07:00:00,14.2067,1,4.8413,1,35.8413,1
2024-07-11 07:30:00,14.2050,1,4.8410,1,35.8410,1
2024-07-11 08:00:00,14.2032,1,4.8406,1,35.8406,1
2024-07-11 08:30:00,14.2015,1,4.8403,1,35.8403,1
2024-07-11 09:00:00,14.1997,1,4.8399,1,35.8399,1
2024-07-11 09:30:00,14.1979,1,4.8396,1,35.8396,1
2024-07-11 10:00:00,14.1962,1,4.8392,1,35.8392,1
2024-07-11 10:30:00,14.1944,1,4.8389,1,35.8389,1
2024-07-11 11:00:00,14.1926,1,4.8385,1,35.8385,1
2024-07-11 11:30:00,14.1909,1,4.8382,1,35.8382,1
2024-07-11 12:00:00,14.1891,1,4.8378,1,35.8378,1
2024-07-11 12:30:00,14.1873,1,4.8375,1,35.8375,1
2024-07-11 13:00:00,14.1856,1,4.8371,1,35.8371,1
2024-07-11 13:30:00,14.1838,1,4.8368,1,35.8368,1
2024-07-11 14:00:00,14.1820,1,4.8364,1,35.8364,1
2024-07-11 14:30:00,14.1803,1,4.8361,1,35.8361,1
2024-07-11 15:00:00,14.1785,1,4.8357,1,35.8357,1
2024-07-11 15:30:00,14.1767,1,4.8353,1,35.8353,1
2024-07-11 16:00:00,14.1750,1,4.8350,1,35.8350,1
2024-07-11 16:30:00,14.1732,1,4.8346,1,35.8346,1
2024-07-11 17:00:00,14.1715,1,4.8343,1,35.8343,1
2024-07-11 17:30:00,14.1697,1,4.8339,1,35.8339,1
2024-07-11 18:00:00,14.1679,1,4.8336,1,35.8336,1
2024-07-11 18:30:00,14.1662,1,4.8332,1,35.8332,1
2024-07-11 19:00:00,14.1644,1,4.8329,1,35.8329,1
2024-07-11 19:30:00,14.1626,1,4.8325,1,35.8325,1
2024-07-11 20:00:00,14.1609,1,4.8322,1,35.8322,1
2024-07-11 20:30:00,14.1591,1,4.8318,1,35.8318,1
2024-07-11 21:00:00,14.1574,1,4.8315,1,35.8315,1
2024-07-11 21:30:00,14.1556,1,4.8311,1,35.8311,1
2024-07-11 22:00:00,14.1538,1,4.8308,1,35.8308,1
2024-07-11 22:30:00,14.1521,1,4.8304,1,35.8304,1
2024-07-11 23:00:00,14.1503,1,4.8301,1,35.8301,1
2024-07-11 23:30:00,14.1485,1,4.8297,1,35.8297,1
2024-07-12 00:00:00,14.1468,1,4.8294,1,35.8294,1
2024-07-12 00:30:00,14.1450,1,4.8290,1,35.8290,1
2024-07-12 01:00:00,14.1433,1,4.8287,1,35.8287,1
2024-07-12 01:30:00,14.1415,1,4.8283,1,35.8283,1
2024-07-12 02:00:00,14.1397,1,4.8279,1,35.8279,1
2024-07-12 02:30:00,14.1380,1,4.8276,1,35.8276,1
2024-07-12 03:00:00,14.1362,1,4.8272,1,35.8272,1
2024-07-12 03:30:00,14.1344,1,4.8269,1,35.8269,1
2024-07-12 04:00:00,14.1327,1,4.8265,1,35.8265,1
2024-07-12 04:30:00,14.1309,1,4.8262,1,35.8262,1
2024-07-12 05:00:00,14.1292,1,4.8258,1,35.8258,1
2024-07-12 05:30:00,14.1274,1,4.8255,1,35.8255,1
2024-07-12 06:00:00,14.1256,1,4.8251,1,35.8251,1
2024-07-12 06:30:00,14.1239,1,4.8248,1,35.8248,1
2024-07-12 07:00:00,14.1221,1,4.8244,1,35.8244,1
2024-07-12 07:30:00,14.1204,1,4.8241,1,35.8241,1
2024-07-12 08:00:00,14.1186,1,4.8237,1,35.8237,1
2024-07-12 08:30:00,14.1168,1,4.8234,1,35.8234,1
2024-07-12 09:00:00,14.1151,1,4.8230,1,35.8230,1
2024-07-12 09:30:00,14.1133,1,4.8227,1,35.8227,1
2024-07-12 10:00:00,14.1116,1,4.8223,1,35.8223,1
2024-07-12 10:30:00,14.1098,1,4.8220,1,35.8220,1
2024-07-12 11:00:00,14.1080,1,4.8216,1,35.8216,1
2024-07-12 11:30:00,14.1063,1,4.8213,1,35.8213,1
2024-07-12 12:00:00,14.1045,1,4.8209,1,35.8209,1
2024-07-12 12:30:00,14.1028,1,4.8206,1,35.8206,1
2024-07-12 13:00:00,14.1010,1,4.8202,1,35.8202,1
2024-07-12 13:30:00,14.0992,1,4.8198,1,35.8198,1
2024-07-12 14:00:00,14.0975,1,4.8195,1,35.8195,1
2024-07-12 14:30:00,14.0957,1,4.8191,1,35.8191,1
2024-07-12 15:00:00,14.0940,1,4.8188,1,35.8188,1
2024-07-12 15:30:00,14.0922,1,4.8184,1,35.8184,1
2024-07-12 16:00:00,14.0905,1,4.8181,1,35.8181,1
2024-07-12 16:30:00,14.0887,1,4.8177,1,35.8177,1
2024-07-12 17:00:00,14.0869,1,4.8174,1,35.8174,1
2024-07-12 17:30:00,14.0852,1,4.8170,1,35.8170,1
2024-07-12 18:00:00,14.0834,1,4.8167,1,35.8167,1
2024-07-12 18:30:00,14.0817,1,4.8163,1,35.8163,1
2024-07-12 19:00:00,14.0799,1,4.8160,1,35.8160,1
2024-07-12 19:30:00,14.0782,1,4.8156,1,35.8156,1
2024-07-12 20:00:00,14.0764,1,4.8153,1,35.8153,1
2024-07-12 20:30:00,14.0746,1,4.8149,1,35.8149,1
2024-07-12 21:00:00,14.0729,1,4.8146,1,35.8146,1
2024-07-12 21:30:00,14.0711,1,4.8142,1,35.8142,1
2024-07-12 22:00:00,14.0694,1,4.8139,1,35.8139,1
2024-07-12 22:30:00,14.0676,1,4.8135,1,35.8135,1
2024-07-12 23:00:00,14.0659,1,4.8132,1,35.8132,1
2024-07-12 23:30:00,14.0641,1,4.8128,1,35.8128,1
2024-07-13 00:00:00,14.0623,1,4.8125,1,35.8125,1
2024-07-13 00:30:00,14.0606,1,4.8121,1,35.8121,1
2024-07-13 01:00:00,14.0588,1,4.8118,1,35.8118,1
2024-07-13 01:30:00,14.0571,1,4.8114,1,35.8114,1
2024-07-13 02:00:00,14.0553,1,4.8111,1,35.8111,1
2024-07-13 02:30:00,14.0536,1,4.8107,1,35.8107,1
2024-07-13 03:00:00,14.0518,1,4.8104,1,35.8104,1
2024-07-13 03:30:00,14.0500,1,4.8100,1,35.8100,1
2024-07-13 04:00:00,14.0483,1,4.8097,1,35.8097,1
2024-07-13 04:30:00,14.0465,1,4.8093,1,35.8093,1
2024-07-13 05:00:00,14.0448,1,4.8090,1,35.8090,1
2024-07-13 05:30:00,14.0430,1,4.8086,1,35.8086,1
2024-07-13 06:00:00,14.0413,1,4.8083,1,35.8083,1
2024-07-13 06:30:00,14.0395,1,4.8079,1,35.8079,1
2024-07-13 07:00:00,14.0378,1,4.8076,1,35.8076,1
2024-07-13 07:30:00,14.0360,1,4.8072,1,35.8072,1
2024-07-13 08:00:00,14.0343,1,4.8069,1,35.8069,1
2024-07-13 08:30:00,14.0325,1,4.8065,1,35.8065,1
2024-07-13 09:00:00,14.0307,1,4.8061,1,35.8061,1
2024-07-13 09:30:00,14.0290,1,4.8058,1,35.8058,1
2024-07-13 10:00:00,14.0272,1,4.8054,1,35.8054,1
2024-07-13 10:30:00,14.0255,1,4.8051,1,35.8051,1
2024-07-13 11:00:00,14.0237,1,4.8047,1,35.8047,1
2024-07-13 11:30:00,14.0220,1,4.8044,1,35.8044,1
2024-07-13 12:00:00,14.0202,1,4.8040,1,35.8040,1
2024-07-13 12:30:00,14.0185,1,4.8037,1,35.8037,1
2024-07-13 13:00:00,14.0167,1,4.8033,1,35.8033,1
2024-07-13 13:30:00,14.0150,1,4.8030,1,35.8030,1
2024-07-13 14:00:00,14.0132,1,4.8026,1,35.8026,1
2024-07-13 14:30:00,14.0115,1,4.8023,1,35.8023,1
2024-07-13 15:00:00,14.0097,1,4.8019,1,35.8019,1
2024-07-13 15:30:00,14.0079,1,4.8016,1,35.8016,1
2024-07-13 16:00:00,14.0062,1,4.8012,1,35.8012,1
2024-07-13 16:30:00,14.0044,1,4.8009,1,35.8009,1
2024-07-13 17:00:00,14.0027,1,4.8005,1,35.8005,1
2024-07-13 17:30:00,14.0009,1,4.8002,1,35.8002,1
2024-07-13 18:00:00,13.9992,1,4.7998,1,35.7998,1
2024-07-13 18:30:00,13.9974,1,4.7995,1,35.7995,1
2024-07-13 19:00:00,13.9957,1,4.7991,1,35.7991,1
2024-07-13 19:30:00,13.9939,1,4.7988,1,35.7988,1
2024-07-13 20:00:00,13.9922,1,4.7984,1,35.7984,1
2024-07-13 20:30:00,13.9904,1,4.7981,1,35.7981,1
2024-07-13 21:00:00,13.9887,1,4.7977,1,35.7977,1
2024-07-13 21:30:00,13.9869,1,4.7974,1,35.7974,1
2024-07-13 22:00:00,13.9852,1,4.7970,1,35.7970,1
2024-07-13 22:30:00,13.9834,1,4.7967,1,35.7967,1
2024-07-13 23:00:00,13.9817,1,4.7963,1,35.7963,1
2024-07-13 23:30:00,13.9799,1,4.7960,1,35.7960,1
2024-07-14 00:00:00,13.9782,1,4.7956,1,35.7956,1
2024-07-14 00:30:00,13.9764,1,4.7953,1,35.7953,1
2024-07-14 01:00:00,13.9747,1,4.7949,1,35.7949,1
2024-07-14 01:30:00,13.9729,1,4.7946,1,35.7946,1
2024-07-14 02:00:00,13.9712,1,4.7942,1,35.7942,1
2024-07-14 02:30:00,13.9694,1,4.7939,1,35.7939,1
2024-07-14 03:00:00,13.9677,1,4.7935,1,35.7935,1
2024-07-14 03:30:00,13.9659,1,4.7932,1,35.7932,1
2024-07-14 04:00:00,13.9642,1,4.7928,1,35.7928,1
2024-07-14 04:30:00,13.9624,1,4.7925,1,35.7925,1
2024-07-14 05:00:00,13.9607,1,4.7921,1,35.7921,1
2024-07-14 05:30:00,13.9589,1,4.7918,1,35.7918,1
2024-07-14 06:00:00,13.9572,1,4.7914,1,35.7914,1
2024-07-14 06:30:00,13.9554,1,4.7911,1,35.7911,1
2024-07-14 07:00:00,13.9537,1,4.7907,1,35.7907,1
2024-07-14 07:30:00,13.9519,1,4.7904,1,35.7904,1
2024-07-14 08:00:00,13.9502,1,4.7900,1,35.7900,1
2024-07-14 08:30:00,13.9484,1,4.7897,1,35.7897,1
2024-07-14 09:00:00,13.9467,1,4.7893,1,35.7893,1
2024-07-14 09:30:00,13.9449,1,4.7890,1,35.7890,1
2024-07-14 10:00:00,13.9432,1,4.7886,1,35.7886,1
2024-07-14 10:30:00,13.9414,1,4.7883,1,35.7883,1
2024-07-14 11:00:00,13.9397,1,4.7879,1,35.7879,1
2024-07-14 11:30:00,13.9379,1,4.7876,1,35.7876,1
2024-07-14 12:00:00,13.9362,1,4.7872,1,35.7872,1
2024-07-14 12:30:00,13.9345,1,4.7869,1,35.7869,1
2024-07-14 13:00:00,13.9327,1,4.7865,1,35.7865,1
2024-07-14 13:30:00,13.9310,1,4.7862,1,35.7862,1
2024-07-14 14:00:00,13.9292,1,4.7858,1,35.7858,1
2024-07-14 14:30:00,13.9275,1,4.7855,1,35.7855,1
2024-07-14 15:00:00,13.9257,1,4.7851,1,35.7851,1
2024-07-14 15:30:00,13.9240,1,4.7848,1,35.7848,1
2024-07-14 16:00:00,13.9222,1,4.7844,1,35.7844,1
2024-07-14 16:30:00,13.9205,1,4.7841,1,35.7841,1
2024-07-14 17:00:00,13.9187,1,4.7837,1,35.7837,1
2024-07-14 17:30:00,13.9170,1,4.7834,1,35.7834,1
2024-07-14 18:00:00,13.9152,1,4.7830,1,35.7830,1
2024-07-14 18:30:00,13.9135,1,4.7827,1,35.7827,1
2024-07-14 19:00:00,13.9118,1,4.7824,1,35.7824,1
2024-07-14 19:30:00,13.9100,1,4.7820,1,35.7820,1
2024-07-14 20:00:00,13.9083,1,4.7817,1,35.7817,1
2024-07-14 20:30:00,13.9065,1,4.7813,1,35.7813,1
2024-07-14 21:00:00,13.9048,1,4.7810,1,35.7810,1
2024-07-14 21:30:00,13.9030,1,4.7806,1,35.7806,1
2024-07-14 22:00:00,13.9013,1,4.7803,1,35.7803,1
2024-07-14 22:30:00,13.8995,1,4.7799,1,35.7799,1
2024-07-14 23:00:00,13.8978,1,4.7796,1,35.7796,1
2024-07-14 23:30:00,13.8961,1,4.7792,1,35.7792,1
2024-07-15 00:00:00,13.8943,1,4.7789,1,35.7789,1
2024-07-15 00:30:00,13.8926,1,4.7785,1,35.7785,1
2024-07-15 01:00:00,13.8908,1,4.7782,1,35.7782,1
2024-07-15 01:30:00,13.8891,1,4.7778,1,35.7778,1
2024-07-15 02:00:00,13.8873,1,4.7775,1,35.7775,1
2024-07-15 02:30:00,13.8856,1,4.7771,1,35.7771,1
2024-07-15 03:00:00,13.8838,1,4.7768,1,35.7768,1
2024-07-15 03:30:00,13.8821,1,4.7764,1,35.7764,1
2024-07-15 04:00:00,13.8804,1,4.7761,1,35.7761,1
2024-07-15 04:30:00,13.8786,1,4.7757,1,35.7757,1
2024-07-15 05:00:00,13.8769,1,4.7754,1,35.7754,1
2024-07-15 05:30:00,13.8751,1,4.7750,1,35.7750,1
2024-07-15 06:00:00,13.8734,1,4.7747,1,35.7747,1
2024-07-15 06:30:00,13.8716,1,4.7743,1,35.7743,1
2024-07-15 07:00:00,13.8699,1,4.7740,1,35.7740,1
2024-07-15 07:30:00,13.8682,1,4.7736,1,35.7736,1
2024-07-15 08:00:00,13.8664,1,4.7733,1,35.7733,1
2024-07-15 08:30:00,13.8647,1,4.7729,1,35.7729,1
2024-07-15 09:00:00,13.8629,1,4.7726,1,35.7726,1
2024-07-15 09:30:00,13.8612,1,4.7722,1,35.7722,1
2024-07-15 10:00:00,13.8595,1,4.7719,1,35.7719,1
2024-07-15 10:30:00,13.8577,1,4.7715,1,35.7715,1
2024-07-15 11:00:00,13.8560,1,4.7712,1,35.7712,1
2024-07-15 11:30:00,13.8542,1,4.7708,1,35.7708,1
2024-07-15 12:00:00,13.8525,1,4.7705,1,35.7705,1
2024-07-15 12:30:00,13.8508,1,4.7702,1,35.7702,1
2024-07-15 13:00:00,13.8490,1,4.7698,1,35.7698,1
2024-07-15 13:30:00,13.8473,1,4.7695,1,35.7695,1
2024-07-15 14:00:00,13.8455,1,4.7691,1,35.7691,1
2024-07-15 14:30:00,13.8438,1,4.7688,1,35.7688,1
2024-07-15 15:00:00,13.8421,1,4.7684,1,35.7684,1
2024-07-15 15:30:00,13.8403,1,4.7681,1,35.7681,1
2024-07-15 16:00:00,13.8386,1,4.7677,1,35.7677,1
2024-07-15 16:30:00,13.8368,1,4.7674,1,35.7674,1
2024-07-15 17:00:00,13.8351,1,4.7670,1,35.7670,1
2024-07-15 17:30:00,13.8334,1,4.7667,1,35.7667,1
2024-07-15 18:00:00,13.8316,1,4.7663,1,35.7663,1
2024-07-15 18:30:00,13.8299,1,4.7660,1,35.7660,1
2024-07-15 19:00:00,13.8281,1,4.7656,1,35.7656,1
2024-07-15 19:30:00,13.8264,1,4.7653,1,35.7653,1
2024-07-15 20:00:00,13.8247,1,4.7649,1,35.7649,1
2024-07-15 20:30:00,13.8229,1,4.7646,1,35.7646,1
2024-07-15 21:00:00,13.8212,1,4.7642,1,35.7642,1
2024-07-15 21:30:00,13.8195,1,4.7639,1,35.7639,1
2024-07-15 22:00:00,13.8177,1,4.7635,1,35.7635,1
2024-07-15 22:30:00,13.8160,1,4.7632,1,35.7632,1
2024-07-15 23:00:00,13.8142,1,4.7628,1,35.7628,1
2024-07-15 23:30:00,13.8125,1,4.7625,1,35.7625,1
2024-07-16 00:00:00,13.8108,1,4.7622,1,35.7622,1
2024-07-16 00:30:00,13.8090,1,4.7618,1,35.7618,1
2024-07-16 01:00:00,13.8073,1,4.7615,1,35.7615,1
2024-07-16 01:30:00,13.8056,1,4.7611,1,35.7611,1
2024-07-16 02:00:00,13.8038,1,4.7608,1,35.7608,1
2024-07-16 02:30:00,13.8021,1,4.7604,1,35.7604,1
2024-07-16 03:00:00,13.8004,1,4.7601,1,35.7601,1
2024-07-16 03:30:00,13.7986,1,4.7597,1,35.7597,1
2024-07-16 04:00:00,13.7969,1,4.7594,1,35.7594,1
2024-07-16 04:30:00,13.7951,1,4.7590,1,35.7590,1
2024-07-16 05:00:00,13.7934,1,4.7587,1,35.7587,1
2024-07-16 05:30:00,13.7917,1,4.7583,1,35.7583,1
2024-07-16 06:00:00,13.7899,1,4.7580,1,35.7580,1
2024-07-16 06:30:00,13.7882,1,4.7576,1,35.7576,1
2024-07-16 07:00:00,13.7865,1,4.7573,1,35.7573,1
2024-07-16 07:30:00,13.7847,1,4.7569,1,35.7569,1
2024-07-16 08:00:00,13.7830,1,4.7566,1,35.7566,1
2024-07-16 08:30:00,13.7813,1,4.7563,1,35.7563,1
2024-07-16 09:00:00,13.7795,1,4.7559,1,35.7559,1
2024-07-16 09:30:00,13.7778,1,4.7556,1,35.7556,1
2024-07-16 10:00:00,13.7761,1,4.7552,1,35.7552,1
2024-07-16 10:30:00,13.7743,1,4.7549,1,35.7549,1
2024-07-16 11:00:00,13.7726,1,4.7545,1,35.7545,1
2024-07-16 11:30:00,13.7709,1,4.7542,1,35.7542,1
2024-07-16 12:00:00,13.7691,1,4.7538,1,35.7538,1
2024-07-16 12:30:00,13.7674,1,4.7535,1,35.7535,1
2024-07-16 13:00:00,13.7657,1,4.7531,1,35.7531,1
2024-07-16 13:30:00,13.7639,1,4.7528,1,35.7528,1
2024-07-16 14:00:00,13.7622,1,4.7524,1,35.7524,1
2024-07-16 14:30:00,13.7605,1,4.7521,1,35.7521,1
2024-07-16 15:00:00,13.7587,1,4.7517,1,35.7517,1
2024-07-16 15:30:00,13.7570,1,4.7514,1,35.7514,1
2024-07-16 16:00:00,13.7553,1,4.7511,1,35.7511,1
2024-07-16 16:30:00,13.7535,1,4.7507,1,35.7507,1
2024-07-16 17:00:00,13.7518,1,4.7504,1,35.7504,1
2024-07-16 17:30:00,13.7501,1,4.7500,1,35.7500,1
2024-07-16 18:00:00,13.7483,1,4.7497,1,35.7497,1
2024-07-16 18:30:00,13.7466,1,4.7493,1,35.7493,1
2024-07-16 19:00:00,13.7449,1,4.7490,1,35.7490,1
2024-07-16 19:30:00,13.7431,1,4.7486,1,35.7486,1
2024-07-16 20:00:00,13.7414,1,4.7483,1,35.7483,1
2024-07-16 20:30:00,13.7397,1,4.7479,1,35.7479,1
2024-07-16 21:00:00,13.7380,1,4.7476,1,35.7476,1
2024-07-16 21:30:00,13.7362,1,4.7472,1,35.7472,1
2024-07-16 22:00:00,13.7345,1,4.7469,1,35.7469,1
2024-07-16 22:30:00,13.7328,1,4.7466,1,35.7466,1
2024-07-16 23:00:00,13.7310,1,4.7462,1,35.7462,1
2024-07-16 23:30:00,13.7293,1,4.7459,1,35.7459,1
2024-07-17 00:00:00,13.7276,1,4.7455,1,35.7455,1
2024-07-17 00:30:00,13.7259,1,4.7452,1,35.7452,1
2024-07-17 01:00:00,13.7241,1,4.7448,1,35.7448,1
2024-07-17 01:30:00,13.7224,1,4.7445,1,35.7445,1
2024-07-17 02:00:00,13.7207,1,4.7441,1,35.7441,1
2024-07-17 02:30:00,13.7189,1,4.7438,1,35.7438,1
2024-07-17 03:00:00,13.7172,1,4.7434,1,35.7434,1
2024-07-17 03:30:00,13.7155,1,4.7431,1,35.7431,1
2024-07-17 04:00:00,13.7138,1,4.7428,1,35.7428,1
2024-07-17 04:30:00,13.7120,1,4.7424,1,35.7424,1
2024-07-17 05:00:00,13.7103,1,4.7421,1,35.7421,1
2024-07-17 05:30:00,13.7086,1,4.7417,1,35.7417,1
2024-07-17 06:00:00,13.7068,1,4.7414,1,35.7414,1
2024-07-17 06:30:00,13.7051,1,4.7410,1,35.7410,1
2024-07-17 07:00:00,13.7034,1,4.7407,1,35.7407,1
2024-07-17 07:30:00,13.7017,1,4.7403,1,35.7403,1
2024-07-17 08:00:00,13.6999,1,4.7400,1,35.7400,1
2024-07-17 08:30:00,13.6982,1,4.7396,1,35.7396,1
2024-07-17 09:00:00,13.6965,1,4.7393,1,35.7393,1
2024-07-17 09:30:00,13.6948,1,4.7390,1,35.7390,1
2024-07-17 10:00:00,13.6930,1,4.7386,1,35.7386,1
2024-07-17 10:30:00,13.6913,1,4.7383,1,35.7383,1
2024-07-17 11:00:00,13.6896,1,4.7379,1,35.7379,1
2024-07-17 11:30:00,13.6879,1,4.7376,1,35.7376,1
2024-07-17 12:00:00,13.6861,1,4.7372,1,35.7372,1
2024-07-17 12:30:00,13.6844,1,4.7369,1,35.7369,1
2024-07-17 13:00:00,13.6827,1,4.7365,1,35.7365,1
2024-07-17 13:30:00,13.6809,1,4.7362,1,35.7362,1
2024-07-17 14:00:00,13.6792,1,4.7358,1,35.7358,1
2024-07-17 14:30:00,13.6775,1,4.7355,1,35.7355,1
2024-07-17 15:00:00,13.6758,1,4.7352,1,35.7352,1
2024-07-17 15:30:00,13.6741,1,4.7348,1,35.7348,1
2024-07-17 16:00:00,13.6723,1,4.7345,1,35.7345,1
2024-07-17 16:30:00,13.6706,1,4.7341,1,35.7341,1
2024-07-17 17:00:00,13.6689,1,4.7338,1,35.7338,1
2024-07-17 17:30:00,13.6672,1,4.7334,1,35.7334,1
2024-07-17 18:00:00,13.6654,1,4.7331,1,35.7331,1
2024-07-17 18:30:00,13.6637,1,4.7327,1,35.7327,1
2024-07-17 19:00:00,13.6620,1,4.7324,1,35.7324,1
2024-07-17 19:30:00,13.6603,1,4.7321,1,35.7321,1
2024-07-17 20:00:00,13.6585,1,4.7317,1,35.7317,1
2024-07-17 20:30:00,13.6568,1,4.7314,1,35.7314,1
2024-07-17 21:00:00,13.6551,1,4.7310,1,35.7310,1
2024-07-17 21:30:00,13.6534,1,4.7307,1,35.7307,1
2024-07-17 22:00:00,13.6517,1,4.7303,1,35.7303,1
2024-07-17 22:30:00,13.6499,1,4.7300,1,35.7300,1
2024-07-17 23:00:00,13.6482,1,4.7296,1,35.7296,1
2024-07-17 23:30:00,13.6465,1,4.7293,1,35.7293,1
2024-07-18 00:00:00,13.6448,1,4.7290,1,35.7290,1
2024-07-18 00:30:00,13.6430,1,4.7286,1,35.7286,1
2024-07-18 01:00:00,13.6413,1,4.7283,1,35.7283,1
2024-07-18 01:30:00,13.6396,1,4.7279,1,35.7279,1
2024-07-18 02:00:00,13.6379,1,4.7276,1,35.7276,1
2024-07-18 02:30:00,13.6362,1,4.7272,1,35.7272,1
2024-07-18 03:00:00,13.6344,1,4.7269,1,35.7269,1
2024-07-18 03:30:00,13.6327,1,4.7265,1,35.7265,1
2024-07-18 04:00:00,13.6310,1,4.7262,1,35.7262,1
2024-07-18 04:30:00,13.6293,1,4.7259,1,35.7259,1
2024-07-18 05:00:00,13.6276,1,4.7255,1,35.7255,1
2024-07-18 05:30:00,13.6258,1,4.7252,1,35.7252,1
2024-07-18 06:00:00,13.6241,1,4.7248,1,35.7248,1
2024-07-18 06:30:00,13.6224,1,4.7245,1,35.7245,1
2024-07-18 07:00:00,13.6207,1,4.7241,1,35.7241,1
2024-07-18 07:30:00,13.6190,1,4.7238,1,35.7238,1
2024-07-18 08:00:00,13.6172,1,4.7234,1,35.7234,1
2024-07-18 08:30:00,13.6155,1,4.7231,1,35.7231,1
2024-07-18 09:00:00,13.6138,1,4.7228,1,35.7228,1
2024-07-18 09:30:00,13.6121,1,4.7224,1,35.7224,1
2024-07-18 10:00:00,13.6104,1,4.7221,1,35.7221,1
2024-07-18 10:30:00,13.6087,1,4.7217,1,35.7217,1
2024-07-18 11:00:00,13.6069,1,4.7214,1,35.7214,1
2024-07-18 11:30:00,13.6052,1,4.7210,1,35.7210,1
2024-07-18 12:00:00,13.6035,1,4.7207,1,35.7207,1
2024-07-18 12:30:00,13.6018,1,4.7204,1,35.7204,1
2024-07-18 13:00:00,13.6001,1,4.7200,1,35.7200,1
2024-07-18 13:30:00,13.5984,1,4.7197,1,35.7197,1
2024-07-18 14:00:00,13.5966,1,4.7193,1,35.7193,1
2024-07-18 14:30:00,13.5949,1,4.7190,1,35.7190,1
2024-07-18 15:00:00,13.5932,1,4.7186,1,35.7186,1
2024-07-18 15:30:00,13.5915,1,4.7183,1,35.7183,1
2024-07-18 16:00:00,13.5898,1,4.7180,1,35.7180,1
2024-07-18 16:30:00,13.5881,1,4.7176,1,35.7176,1
2024-07-18 17:00:00,13.5863,1,4.7173,1,35.7173,1
2024-07-18 17:30:00,13.5846,1,4.7169,1,35.7169,1
2024-07-18 18:00:00,13.5829,1,4.7166,1,35.7166,1
2024-07-18 18:30:00,13.5812,1,4.7162,1,35.7162,1
2024-07-18 19:00:00,13.5795,1,4.7159,1,35.7159,1
2024-07-18 19:30:00,13.5778,1,4.7156,1,35.7156,1
2024-07-18 20:00:00,13.5761,1,4.7152,1,35.7152,1
2024-07-18 20:30:00,13.5743,1,4.7149,1,35.7149,1
2024-07-18 21:00:00,13.5726,1,4.7145,1,35.7145,1
2024-07-18 21:30:00,13.5709,1,4.7142,1,35.7142,1
2024-07-18 22:00:00,13.5692,1,4.7138,1,35.7138,1
2024-07-18 22:30:00,13.5675,1,4.7135,1,35.7135,1
2024-07-18 23:00:00,13.5658,1,4.7132,1,35.7132,1
2024-07-18 23:30:00,13.5641,1,4.7128,1,35.7128,1
2024-07-19 00:00:00,13.5624,1,4.7125,1,35.7125,1
2024-07-19 00:30:00,13.5606,1,4.7121,1,35.7121,1
2024-07-19 01:00:00,13.5589,1,4.7118,1,35.7118,1
2024-07-19 01:30:00,13.5572,1,4.7114,1,35.7114,1
2024-07-19 02:00:00,13.5555,1,4.7111,1,35.7111,1
2024-07-19 02:30:00,13.5538,1,4.7108,1,35.7108,1
2024-07-19 03:00:00,13.5521,1,4.7104,1,35.7104,1
2024-07-19 03:30:00,13.5504,1,4.7101,1,35.7101,1
2024-07-19 04:00:00,13.5487,1,4.7097,1,35.7097,1
2024-07-19 04:30:00,13.5469,1,4.7094,1,35.7094,1
2024-07-19 05:00:00,13.5452,1,4.7090,1,35.7090,1
2024-07-19 05:30:00,13.5435,1,4.7087,1,35.7087,1
2024-07-19 06:00:00,13.5418,1,4.7084,1,35.7084,1
2024-07-19 06:30:00,13.5401,1,4.7080,1,35.7080,1
2024-07-19 07:00:00,13.5384,1,4.7077,1,35.7077,1
2024-07-19 07:30:00,13.5367,1,4.7073,1,35.7073,1
2024-07-19 08:00:00,13.5350,1,4.7070,1,35.7070,1
2024-07-19 08:30:00,13.5333,1,4.7067,1,35.7067,1
2024-07-19 09:00:00,13.5316,1,4.7063,1,35.7063,1
2024-07-19 09:30:00,13.5298,1,4.7060,1,35.7060,1
2024-07-19 10:00:00,13.5281,1,4.7056,1,35.7056,1
2024-07-19 10:30:00,13.5264,1,4.7053,1,35.7053,1
2024-07-19 11:00:00,13.5247,1,4.7049,1,35.7049,1
2024-07-19 11:30:00,13.5230,1,4.7046,1,35.7046,1
2024-07-19 12:00:00,13.5213,1,4.7043,1,35.7043,1
2024-07-19 12:30:00,13.5196,1,4.7039,1,35.7039,1
2024-07-19 13:00:00,13.5179,1,4.7036,1,35.7036,1
2024-07-19 13:30:00,13.5162,1,4.7032,1,35.7032,1
2024-07-19 14:00:00,13.5145,1,4.7029,1,35.7029,1
2024-07-19 14:30:00,13.5128,1,4.7026,1,35.7026,1
2024-07-19 15:00:00,13.5111,1,4.7022,1,35.7022,1
2024-07-19 15:30:00,13.5093,1,4.7019,1,35.7019,1
2024-07-19 16:00:00,13.5076,1,4.7015,1,35.7015,1
2024-07-19 16:30:00,13.5059,1,4.7012,1,35.7012,1
2024-07-19 17:00:00,13.5042,1,4.7008,1,35.7008,1
2024-07-19 17:30:00,13.5025,1,4.7005,1,35.7005,1
2024-07-19 18:00:00,13.5008,1,4.7002,1,35.7002,1
2024-07-19 18:30:00,13.4991,1,4.6998,1,35.6998,1
2024-07-19 19:00:00,13.4974,1,4.6995,1,35.6995,1
2024-07-19 19:30:00,13.4957,1,4.6991,1,35.6991,1
2024-07-19 20:00:00,13.4940,1,4.6988,1,35.6988,1
2024-07-19 20:30:00,13.4923,1,4.6985,1,35.6985,1
2024-07-19 21:00:00,13.4906,1,4.6981,1,35.6981,1
2024-07-19 21:30:00,13.4889,1,4.6978,1,35.6978,1
2024-07-19 22:00:00,13.4872,1,4.6974,1,35.6974,1
2024-07-19 22:30:00,13.4855,1,4.6971,1,35.6971,1
2024-07-19 23:00:00,13.4838,1,4.6968,1,35.6968,1
2024-07-19 23:30:00,13.4821,1,4.6964,1,35.6964,1
2024-07-20 00:00:00,13.4804,1,4.6961,1,35.6961,1
2024-07-20 00:30:00,13.4787,1,4.6957,1,35.6957,1
2024-07-20 01:00:00,13.4770,1,4.6954,1,35.6954,1
2024-07-20 01:30:00,13.4753,1,4.6951,1,35.6951,1
2024-07-20 02:00:00,13.4735,1,4.6947,1,35.6947,1
2024-07-20 02:30:00,13.4718,1,4.6944,1,35.6944,1
2024-07-20 03:00:00,13.4701,1,4.6940,1,35.6940,1
2024-07-20 03:30:00,13.4684,1,4.6937,1,35.6937,1
2024-07-20 04:00:00,13.4667,1,4.6933,1,35.6933,1
2024-07-20 04:30:00,13.4650,1,4.6930,1,35.6930,1
2024-07-20 05:00:00,13.4633,1,4.6927,1,35.6927,1
2024-07-20 05:30:00,13.4616,1,4.6923,1,35.6923,1
2024-07-20 06:00:00,13.4599,1,4.6920,1,35.6920,1
2024-07-20 06:30:00,13.4582,1,4.6916,1,35.6916,1
2024-07-20 07:00:00,13.4565,1,4.6913,1,35.6913,1
2024-07-20 07:30:00,13.4548,1,4.6910,1,35.6910,1
2024-07-20 08:00:00,13.4531,1,4.6906,1,35.6906,1
2024-07-20 08:30:00,13.4514,1,4.6903,1,35.6903,1
2024-07-20 09:00:00,13.4497,1,4.6899,1,35.6899,1
2024-07-20 09:30:00,13.4480,1,4.6896,1,35.6896,1
2024-07-20 10:00:00,13.4463,1,4.6893,1,35.6893,1
2024-07-20 10:30:00,13.4446,1,4.6889,1,35.6889,1
2024-07-20 11:00:00,13.4429,1,4.6886,1,35.6886,1
2024-07-20 11:30:00,13.4412,1,4.6882,1,35.6882,1
2024-07-20 12:00:00,13.4395,1,4.6879,1,35.6879,1
2024-07-20 12:30:00,13.4378,1,4.6876,1,35.6876,1
2024-07-20 13:00:00,13.4361,1,4.6872,1,35.6872,1
2024-07-20 13:30:00,13.4344,1,4.6869,1,35.6869,1
2024-07-20 14:00:00,13.4327,1,4.6865,1,35.6865,1
2024-07-20 14:30:00,13.4310,1,4.6862,1,35.6862,1
2024-07-20 15:00:00,13.4293,1,4.6859,1,35.6859,1
2024-07-20 15:30:00,13.4276,1,4.6855,1,35.6855,1
2024-07-20 16:00:00,13.4259,1,4.6852,1,35.6852,1
2024-07-20 16:30:00,13.4243,1,4.6849,1,35.6849,1
2024-07-20 17:00:00,13.4226,1,4.6845,1,35.6845,1
2024-07-20 17:30:00,13.4209,1,4.6842,1,35.6842,1
2024-07-20 18:00:00,13.4192,1,4.6838,1,35.6838,1
2024-07-20 18:30:00,13.4175,1,4.6835,1,35.6835,1
2024-07-20 19:00:00,13.4158,1,4.6832,1,35.6832,1
2024-07-20 19:30:00,13.4141,1,4.6828,1,35.6828,1
2024-07-20 20:00:00,13.4124,1,4.6825,1,35.6825,1
2024-07-20 20:30:00,13.4107,1,4.6821,1,35.6821,1
2024-07-20 21:00:00,13.4090,1,4.6818,1,35.6818,1
2024-07-20 21:30:00,13.4073,1,4.6815,1,35.6815,1
2024-07-20 22:00:00,13.4056,1,4.6811,1,35.6811,1
2024-07-20 22:30:00,13.4039,1,4.6808,1,35.6808,1
2024-07-20 23:00:00,13.4022,1,4.6804,1,35.6804,1
2024-07-20 23:30:00,13.4005,1,4.6801,1,35.6801,1
2024-07-21 00:00:00,13.3988,1,4.6798,1,35.6798,1
2024-07-21 00:30:00,13.3971,1,4.6794,1,35.6794,1
2024-07-21 01:00:00,13.3954,1,4.6791,1,35.6791,1
2024-07-21 01:30:00,13.3937,1,4.6787,1,35.6787,1
2024-07-21 02:00:00,13.3920,1,4.6784,1,35.6784,1
2024-07-21 02:30:00,13.3904,1,4.6781,1,35.6781,1
2024-07-21 03:00:00,13.3887,1,4.6777,1,35.6777,1
2024-07-21 03:30:00,13.3870,1,4.6774,1,35.6774,1
2024-07-21 04:00:00,13.3853,1,4.6771,1,35.6771,1
2024-07-21 04:30:00,13.3836,1,4.6767,1,35.6767,1
2024-07-21 05:00:00,13.3819,1,4.6764,1,35.6764,1
2024-07-21 05:30:00,13.3802,1,4.6760,1,35.6760,1
2024-07-21 06:00:00,13.3785,1,4.6757,1,35.6757,1
2024-07-21 06:30:00,13.3768,1,4.6754,1,35.6754,1
2024-07-21 07:00:00,13.3751,1,4.6750,1,35.6750,1
2024-07-21 07:30:00,13.3734,1,4.6747,1,35.6747,1
2024-07-21 08:00:00,13.3717,1,4.6743,1,35.6743,1
2024-07-21 08:30:00,13.3701,1,4.6740,1,35.6740,1
2024-07-21 09:00:00,13.3684,1,4.6737,1,35.6737,1
2024-07-21 09:30:00,13.3667,1,4.6733,1,35.6733,1
2024-07-21 10:00:00,13.3650,1,4.6730,1,35.6730,1
2024-07-21 10:30:00,13.3633,1,4.6727,1,35.6727,1
2024-07-21 11:00:00,13.3616,1,4.6723,1,35.6723,1
2024-07-21 11:30:00,13.3599,1,4.6720,1,35.6720,1
2024-07-21 12:00:00,13.3582,1,4.6716,1,35.6716,1
2024-07-21 12:30:00,13.3565,1,4.6713,1,35.6713,1
2024-07-21 13:00:00,13.3548,1,4.6710,1,35.6710,1
2024-07-21 13:30:00,13.3532,1,4.6706,1,35.6706,1
2024-07-21 14:00:00,13.3515,1,4.6703,1,35.6703,1
2024-07-21 14:30:00,13.3498,1,4.6700,1,35.6700,1
2024-07-21 15:00:00,13.3481,1,4.6696,1,35.6696,1
2024-07-21 15:30:00,13.3464,1,4.6693,1,35.6693,1
2024-07-21 16:00:00,13.3447,1,4.6689,1,35.6689,1
2024-07-21 16:30:00,13.3430,1,4.6686,1,35.6686,1
2024-07-21 17:00:00,13.3413,1,4.6683,1,35.6683,1
2024-07-21 17:30:00,13.3397,1,4.6679,1,35.6679,1
2024-07-21 18:00:00,13.3380,1,4.6676,1,35.6676,1
2024-07-21 18:30:00,13.3363,1,4.6673,1,35.6673,1
2024-07-21 19:00:00,13.3346,1,4.6669,1,35.6669,1
2024-07-21 19:30:00,13.3329,1,4.6666,1,35.6666,1
2024-07-21 20:00:00,13.3312,1,4.6662,1,35.6662,1
2024-07-21 20:30:00,13.3295,1,4.6659,1,35.6659,1
2024-07-21 21:00:00,13.3279,1,4.6656,1,35.6656,1
2024-07-21 21:30:00,13.3262,1,4.6652,1,35.6652,1
2024-07-21 22:00:00,13.3245,1,4.6649,1,35.6649,1
2024-07-21 22:30:00,13.3228,1,4.6646,1,35.6646,1
2024-07-21 23:00:00,13.3211,1,4.6642,1,35.6642,1
2024-07-21 23:30:00,13.3194,1,4.6639,1,35.6639,1
2024-07-22 00:00:00,13.3177,1,4.6635,1,35.6635,1
2024-07-22 00:30:00,13.3161,1,4.6632,1,35.6632,1
2024-07-22 01:00:00,13.3144,1,4.6629,1,35.6629,1
2024-07-22 01:30:00,13.3127,1,4.6625,1,35.6625,1
2024-07-22 02:00:00,13.3110,1,4.6622,1,35.6622,1
2024-07-22 02:30:00,13.3093,1,4.6619,1,35.6619,1
2024-07-22 03:00:00,13.3076,1,4.6615,1,35.6615,1
2024-07-22 03:30:00,13.3060,1,4.6612,1,35.6612,1
2024-07-22 04:00:00,13.3043,1,4.6609,1,35.6609,1
2024-07-22 04:30:00,13.3026,1,4.6605,1,35.6605,1
2024-07-22 05:00:00,13.3009,1,4.6602,1,35.6602,1
2024-07-22 05:30:00,13.2992,1,4.6598,1,35.6598,1
2024-07-22 06:00:00,13.2976,1,4.6595,1,35.6595,1
2024-07-22 06:30:00,13.2959,1,4.6592,1,35.6592,1
2024-07-22 07:00:00,13.2942,1,4.6588,1,35.6588,1
2024-07-22 07:30:00,13.2925,1,4.6585,1,35.6585,1
2024-07-22 08:00:00,13.2908,1,4.6582,1,35.6582,1
2024-07-22 08:30:00,13.2892,1,4.6578,1,35.6578,1
2024-07-22 09:00:00,13.2875,1,4.6575,1,35.6575,1
2024-07-22 09:30:00,13.2858,1,4.6572,1,35.6572,1
2024-07-22 10:00:00,13.2841,1,4.6568,1,35.6568,1
2024-07-22 10:30:00,13.2824,1,4.6565,1,35.6565,1
2024-07-22 11:00:00,13.2808,1,4.6562,1,35.6562,1
2024-07-22 11:30:00,13.2791,1,4.6558,1,35.6558,1
2024-07-22 12:00:00,13.2774,1,4.6555,1,35.6555,1
2024-07-22 12:30:00,13.2757,1,4.6551,1,35.6551,1
2024-07-22 13:00:00,13.2740,1,4.6548,1,35.6548,1
2024-07-22 13:30:00,13.2724,1,4.6545,1,35.6545,1
2024-07-22 14:00:00,13.2707,1,4.6541,1,35.6541,1
2024-07-22 14:30:00,13.2690,1,4.6538,1,35.6538,1
2024-07-22 15:00:00,13.2673,1,4.6535,1,35.6535,1
2024-07-22 15:30:00,13.2657,1,4.6531,1,35.6531,1
2024-07-22 16:00:00,13.2640,1,4.6528,1,35.6528,1
2024-07-22 16:30:00,13.2623,1,4.6525,1,35.6525,1
2024-07-22 17:00:00,13.2606,1,4.6521,1,35.6521,1
2024-07-22 17:30:00,13.2589,1,4.6518,1,35.6518,1
2024-07-22 18:00:00,13.2573,1,4.6515,1,35.6515,1
2024-07-22 18:30:00,13.2556,1,4.6511,1,35.6511,1
2024-07-22 19:00:00,13.2539,1,4.6508,1,35.6508,1
2024-07-22 19:30:00,13.2522,1,4.6504,1,35.6504,1
2024-07-22 20:00:00,13.2506,1,4.6501,1,35.6501,1
2024-07-22 20:30:00,13.2489,1,4.6498,1,35.6498,1
2024-07-22 21:00:00,13.2472,1,4.6494,1,35.6494,1
2024-07-22 21:30:00,13.2455,1,4.6491,1,35.6491,1
2024-07-22 22:00:00,13.2439,1,4.6488,1,35.6488,1
2024-07-22 22:30:00,13.2422,1,4.6484,1,35.6484,1
2024-07-22 23:00:00,13.2405,1,4.6481,1,35.6481,1
2024-07-22 23:30:00,13.2388,1,4.6478,1,35.6478,1
2024-07-23 00:00:00,13.2372,1,4.6474,1,35.6474,1
2024-07-23 00:30:00,13.2355,1,4.6471,1,35.6471,1
2024-07-23 01:00:00,13.2338,1,4.6468,1,35.6468,1
2024-07-23 01:30:00,13.2322,1,4.6464,1,35.6464,1
2024-07-23 02:00:00,13.2305,1,4.6461,1,35.6461,1
2024-07-23 02:30:00,13.2288,1,4.6458,1,35.6458,1
2024-07-23 03:00:00,13.2271,1,4.6454,1,35.6454,1
2024-07-23 03:30:00,13.2255,1,4.6451,1,35.6451,1
2024-07-23 04:00:00,13.2238,1,4.6448,1,35.6448,1
2024-07-23 04:30:00,13.2221,1,4.6444,1,35.6444,1
2024-07-23 05:00:00,13.2205,1,4.6441,1,35.6441,1
2024-07-23 05:30:00,13.2188,1,4.6438,1,35.6438,1
2024-07-23 06:00:00,13.2171,1,4.6434,1,35.6434,1
2024-07-23 06:30:00,13.2154,1,4.6431,1,35.6431,1
2024-07-23 07:00:00,13.2138,1,4.6428,1,35.6428,1
2024-07-23 07:30:00,13.2121,1,4.6424,1,35.6424,1
2024-07-23 08:00:00,13.2104,1,4.6421,1,35.6421,1
2024-07-23 08:30:00,13.2088,1,4.6418,1,35.6418,1
2024-07-23 09:00:00,13.2071,1,4.6414,1,35.6414,1
2024-07-23 09:30:00,13.2054,1,4.6411,1,35.6411,1
2024-07-23 10:00:00,13.2038,1,4.6408,1,35.6408,1
2024-07-23 10:30:00,13.2021,1,4.6404,1,35.6404,1
2024-07-23 11:00:00,13.2004,1,4.6401,1,35.6401,1
2024-07-23 11:30:00,13.1987,1,4.6397,1,35.6397,1
2024-07-23 12:00:00,13.1971,1,4.6394,1,35.6394,1
2024-07-23 12:30:00,13.1954,1,4.6391,1,35.6391,1
2024-07-23 13:00:00,13.1937,1,4.6387,1,35.6387,1
2024-07-23 13:30:00,13.1921,1,4.6384,1,35.6384,1
2024-07-23 14:00:00,13.1904,1,4.6381,1,35.6381,1
2024-07-23 14:30:00,13.1887,1,4.6377,1,35.6377,1
2024-07-23 15:00:00,13.1871,1,4.6374,1,35.6374,1
2024-07-23 15:30:00,13.1854,1,4.6371,1,35.6371,1
2024-07-23 16:00:00,13.1837,1,4.6367,1,35.6367,1
2024-07-23 16:30:00,13.1821,1,4.6364,1,35.6364,1
2024-07-23 17:00:00,13.1804,1,4.6361,1,35.6361,1
2024-07-23 17:30:00,13.1787,1,4.6357,1,35.6357,1
2024-07-23 18:00:00,13.1771,1,4.6354,1,35.6354,1
2024-07-23 18:30:00,13.1754,1,4.6351,1,35.6351,1
2024-07-23 19:00:00,13.1738,1,4.6348,1,35.6348,1
2024-07-23 19:30:00,13.1721,1,4.6344,1,35.6344,1
2024-07-23 20:00:00,13.1704,1,4.6341,1,35.6341,1
2024-07-23 20:30:00,13.1688,1,4.6338,1,35.6338,1
2024-07-23 21:00:00,13.1671,1,4.6334,1,35.6334,1
2024-07-23 21:30:00,13.1654,1,4.6331,1,35.6331,1
2024-07-23 22:00:00,13.1638,1,4.6328,1,35.6328,1
2024-07-23 22:30:00,13.1621,1,4.6324,1,35.6324,1
2024-07-23 23:00:00,13.1604,1,4.6321,1,35.6321,1
2024-07-23 23:30:00,13.1588,1,4.6318,1,35.6318,1
2024-07-24 00:00:00,13.1571,1,4.6314,1,35.6314,1
2024-07-24 00:30:00,13.1555,1,4.6311,1,35.6311,1
2024-07-24 01:00:00,13.1538,1,4.6308,1,35.6308,1
2024-07-24 01:30:00,13.1521,1,4.6304,1,35.6304,1
2024-07-24 02:00:00,13.1505,1,4.6301,1,35.6301,1
2024-07-24 02:30:00,13.1488,1,4.6298,1,35.6298,1
2024-07-24 03:00:00,13.1471,1,4.6294,1,35.6294,1
2024-07-24 03:30:00,13.1455,1,4.6291,1,35.6291,1
2024-07-24 04:00:00,13.1438,1,4.6288,1,35.6288,1
2024-07-24 04:30:00,13.1422,1,4.6284,1,35.6284,1
2024-07-24 05:00:00,13.1405,1,4.6281,1,35.6281,1
2024-07-24 05:30:00,13.1388,1,4.6278,1,35.6278,1
2024-07-24 06:00:00,13.1372,1,4.6274,1,35.6274,1
2024-07-24 06:30:00,13.1355,1,4.6271,1,35.6271,1
2024-07-24 07:00:00,13.1339,1,4.6268,1,35.6268,1
2024-07-24 07:30:00,13.1322,1,4.6264,1,35.6264,1
2024-07-24 08:00:00,13.1306,1,4.6261,1,35.6261,1
2024-07-24 08:30:00,13.1289,1,4.6258,1,35.6258,1
2024-07-24 09:00:00,13.1272,1,4.6254,1,35.6254,1
2024-07-24 09:30:00,13.1256,1,4.6251,1,35.6251,1
2024-07-24 10:00:00,13.1239,1,4.6248,1,35.6248,1
2024-07-24 10:30:00,13.1223,1,4.6245,1,35.6245,1
2024-07-24 11:00:00,13.1206,1,4.6241,1,35.6241,1
2024-07-24 11:30:00,13.1189,1,4.6238,1,35.6238,1
2024-07-24 12:00:00,13.1173,1,4.6235,1,35.6235,1
2024-07-24 12:30:00,13.1156,1,4.6231,1,35.6231,1
2024-07-24 13:00:00,13.1140,1,4.6228,1,35.6228,1
2024-07-24 13:30:00,13.1123,1,4.6225,1,35.6225,1
2024-07-24 14:00:00,13.1107,1,4.6221,1,35.6221,1
2024-07-24 14:30:00,13.1090,1,4.6218,1,35.6218,1
2024-07-24 15:00:00,13.1074,1,4.6215,1,35.6215,1
2024-07-24 15:30:00,13.1057,1,4.6211,1,35.6211,1
2024-07-24 16:00:00,13.1040,1,4.6208,1,35.6208,1
2024-07-24 16:30:00,13.1024,1,4.6205,1,35.6205,1
2024-07-24 17:00:00,13.1007,1,4.6201,1,35.6201,1
2024-07-24 17:30:00,13.0991,1,4.6198,1,35.6198,1
2024-07-24 18:00:00,13.0974,1,4.6195,1,35.6195,1
2024-07-24 18:30:00,13.0958,1,4.6192,1,35.6192,1
2024-07-24 19:00:00,13.0941,1,4.6188,1,35.6188,1
2024-07-24 19:30:00,13.0925,1,4.6185,1,35.6185,1
2024-07-24 20:00:00,13.0908,1,4.6182,1,35.6182,1
2024-07-24 20:30:00,13.0892,1,4.6178,1,35.6178,1
2024-07-24 21:00:00,13.0875,1,4.6175,1,35.6175,1
2024-07-24 21:30:00,13.0859,1,4.6172,1,35.6172,1
2024-07-24 22:00:00,13.0842,1,4.6168,1,35.6168,1
2024-07-24 22:30:00,13.0826,1,4.6165,1,35.6165,1
2024-07-24 23:00:00,13.0809,1,4.6162,1,35.6162,1
2024-07-24 23:30:00,13.0793,1,4.6159,1,35.6159,1
2024-07-25 00:00:00,13.0776,1,4.6155,1,35.6155,1
2024-07-25 00:30:00,13.0760,1,4.6152,1,35.6152,1
2024-07-25 01:00:00,13.0743,1,4.6149,1,35.6149,1
2024-07-25 01:30:00,13.0727,1,4.6145,1,35.6145,1
2024-07-25 02:00:00,13.0710,1,4.6142,1,35.6142,1
2024-07-25 02:30:00,13.0694,1,4.6139,1,35.6139,1
2024-07-25 03:00:00,13.0677,1,4.6135,1,35.6135,1
2024-07-25 03:30:00,13.0661,1,4.6132,1,35.6132,1
2024-07-25 04:00:00,13.0644,1,4.6129,1,35.6129,1
2024-07-25 04:30:00,13.0628,1,4.6126,1,35.6126,1
2024-07-25 05:00:00,13.0611,1,4.6122,1,35.6122,1
2024-07-25 05:30:00,13.0595,1,4.6119,1,35.6119,1
2024-07-25 06:00:00,13.0578,1,4.6116,1,35.6116,1
2024-07-25 06:30:00,13.0562,1,4.6112,1,35.6112,1
2024-07-25 07:00:00,13.0545,1,4.6109,1,35.6109,1
2024-07-25 07:30:00,13.0529,1,4.6106,1,35.6106,1
2024-07-25 08:00:00,13.0512,1,4.6102,1,35.6102,1
2024-07-25 08:30:00,13.0496,1,4.6099,1,35.6099,1
2024-07-25 09:00:00,13.0479,1,4.6096,1,35.6096,1
2024-07-25 09:30:00,13.0463,1,4.6093,1,35.6093,1
2024-07-25 10:00:00,13.0446,1,4.6089,1,35.6089,1
2024-07-25 10:30:00,13.0430,1,4.6086,1,35.6086,1
2024-07-25 11:00:00,13.0413,1,4.6083,1,35.6083,1
2024-07-25 11:30:00,13.0397,1,4.6079,1,35.6079,1
2024-07-25 12:00:00,13.0381,1,4.6076,1,35.6076,1
2024-07-25 12:30:00,13.0364,1,4.6073,1,35.6073,1
2024-07-25 13:00:00,13.0348,1,4.6070,1,35.6070,1
2024-07-25 13:30:00,13.0331,1,4.6066,1,35.6066,1
2024-07-25 14:00:00,13.0315,1,4.6063,1,35.6063,1
2024-07-25 14:30:00,13.0298,1,4.6060,1,35.6060,1
2024-07-25 15:00:00,13.0282,1,4.6056,1,35.6056,1
2024-07-25 15:30:00,13.0266,1,4.6053,1,35.6053,1
2024-07-25 16:00:00,13.0249,1,4.6050,1,35.6050,1
2024-07-25 16:30:00,13.0233,1,4.6047,1,35.6047,1
2024-07-25 17:00:00,13.0216,1,4.6043,1,35.6043,1
2024-07-25 17:30:00,13.0200,1,4.6040,1,35.6040,1
2024-07-25 18:00:00,13.0183,1,4.6037,1,35.6037,1
2024-07-25 18:30:00,13.0167,1,4.6033,1,35.6033,1
2024-07-25 19:00:00,13.0151,1,4.6030,1,35.6030,1
2024-07-25 19:30:00,13.0134,1,4.6027,1,35.6027,1
2024-07-25 20:00:00,13.0118,1,4.6024,1,35.6024,1
2024-07-25 20:30:00,13.0101,1,4.6020,1,35.6020,1
2024-07-25 21:00:00,13.0085,1,4.6017,1,35.6017,1
2024-07-25 21:30:00,13.0069,1,4.6014,1,35.6014,1
2024-07-25 22:00:00,13.0052,1,4.6010,1,35.6010,1
2024-07-25 22:30:00,13.0036,1,4.6007,1,35.6007,1
2024-07-25 23:00:00,13.0019,1,4.6004,1,35.6004,1
2024-07-25 23:30:00,13.0003,1,4.6001,1,35.6001,1
2024-07-26 00:00:00,12.9987,1,4.5997,1,35.5997,1
2024-07-26 00:30:00,12.9970,1,4.5994,1,35.5994,1
2024-07-26 01:00:00,12.9954,1,4.5991,1,35.5991,1
2024-07-26 01:30:00,12.9937,1,4.5987,1,35.5987,1
2024-07-26 02:00:00,12.9921,1,4.5984,1,35.5984,1
2024-07-26 02:30:00,12.9905,1,4.5981,1,35.5981,1
2024-07-26 03:00:00,12.9888,1,4.5978,1,35.5978,1
2024-07-26 03:30:00,12.9872,1,4.5974,1,35.5974,1
2024-07-26 04:00:00,12.9856,1,4.5971,1,35.5971,1
2024-07-26 04:30:00,12.9839,1,4.5968,1,35.5968,1
2024-07-26 05:00:00,12.9823,1,4.5965,1,35.5965,1
2024-07-26 05:30:00,12.9806,1,4.5961,1,35.5961,1
2024-07-26 06:00:00,12.9790,1,4.5958,1,35.5958,1
2024-07-26 06:30:00,12.9774,1,4.5955,1,35.5955,1
2024-07-26 07:00:00,12.9757,1,4.5951,1,35.5951,1
2024-07-26 07:30:00,12.9741,1,4.5948,1,35.5948,1
2024-07-26 08:00:00,12.9725,1,4.5945,1,35.5945,1
2024-07-26 08:30:00,12.9708,1,4.5942,1,35.5942,1
2024-07-26 09:00:00,12.9692,1,4.5938,1,35.5938,1
2024-07-26 09:30:00,12.9676,1,4.5935,1,35.5935,1
2024-07-26 10:00:00,12.9659,1,4.5932,1,35.5932,1
2024-07-26 10:30:00,12.9643,1,4.5929,1,35.5929,1
2024-07-26 11:00:00,12.9627,1,4.5925,1,35.5925,1
2024-07-26 11:30:00,12.9610,1,4.5922,1,35.5922,1
2024-07-26 12:00:00,12.9594,1,4.5919,1,35.5919,1
2024-07-26 12:30:00,12.9578,1,4.5916,1,35.5916,1
2024-07-26 13:00:00,12.9561,1,4.5912,1,35.5912,1
2024-07-26 13:30:00,12.9545,1,4.5909,1,35.5909,1
2024-07-26 14:00:00,12.9529,1,4.5906,1,35.5906,1
2024-07-26 14:30:00,12.9512,1,4.5902,1,35.5902,1
2024-07-26 15:00:00,12.9496,1,4.5899,1,35.5899,1
2024-07-26 15:30:00,12.9480,1,4.5896,1,35.5896,1
2024-07-26 16:00:00,12.9464,1,4.5893,1,35.5893,1
2024-07-26 16:30:00,12.9447,1,4.5889,1,35.5889,1
2024-07-26 17:00:00,12.9431,1,4.5886,1,35.5886,1
2024-07-26 17:30:00,12.9415,1,4.5883,1,35.5883,1
2024-07-26 18:00:00,12.9398,1,4.5880,1,35.5880,1
2024-07-26 18:30:00,12.9382,1,4.5876,1,35.5876,1
2024-07-26 19:00:00,12.9366,1,4.5873,1,35.5873,1
2024-07-26 19:30:00,12.9349,1,4.5870,1,35.5870,1
2024-07-26 20:00:00,12.9333,1,4.5867,1,35.5867,1
2024-07-26 20:30:00,12.9317,1,4.5863,1,35.5863,1
2024-07-26 21:00:00,12.9301,1,4.5860,1,35.5860,1
2024-07-26 21:30:00,12.9284,1,4.5857,1,35.5857,1
2024-07-26 22:00:00,12.9268,1,4.5854,1,35.5854,1
2024-07-26 22:30:00,12.9252,1,4.5850,1,35.5850,1
2024-07-26 23:00:00,12.9236,1,4.5847,1,35.5847,1
2024-07-26 23:30:00,12.9219,1,4.5844,1,35.5844,1
2024-07-27 00:00:00,12.9203,1,4.5841,1,35.5841,1
2024-07-27 00:30:00,12.9187,1,4.5837,1,35.5837,1
2024-07-27 01:00:00,12.9170,1,4.5834,1,35.5834,1
2024-07-27 01:30:00,12.9154,1,4.5831,1,35.5831,1
2024-07-27 02:00:00,12.9138,1,4.5828,1,35.5828,1
2024-07-27 02:30:00,12.9122,1,4.5824,1,35.5824,1
2024-07-27 03:00:00,12.9105,1,4.5821,1,35.5821,1
2024-07-27 03:30:00,12.9089,1,4.5818,1,35.5818,1
2024-07-27 04:00:00,12.9073,1,4.5815,1,35.5815,1
2024-07-27 04:30:00,12.9057,1,4.5811,1,35.5811,1
2024-07-27 05:00:00,12.9041,1,4.5808,1,35.5808,1
2024-07-27 05:30:00,12.9024,1,4.5805,1,35.5805,1
2024-07-27 06:00:00,12.9008,1,4.5802,1,35.5802,1
2024-07-27 06:30:00,12.8992,1,4.5798,1,35.5798,1
2024-07-27 07:00:00,12.8976,1,4.5795,1,35.5795,1
2024-07-27 07:30:00,12.8959,1,4.5792,1,35.5792,1
2024-07-27 08:00:00,12.8943,1,4.5789,1,35.5789,1
2024-07-27 08:30:00,12.8927,1,4.5785,1,35.5785,1
2024-07-27 09:00:00,12.8911,1,4.5782,1,35.5782,1
2024-07-27 09:30:00,12.8895,1,4.5779,1,35.5779,1
2024-07-27 10:00:00,12.8878,1,4.5776,1,35.5776,1
2024-07-27 10:30:00,12.8862,1,4.5772,1,35.5772,1
2024-07-27 11:00:00,12.8846,1,4.5769,1,35.5769,1
2024-07-27 11:30:00,12.8830,1,4.5766,1,35.5766,1
2024-07-27 12:00:00,12.8814,1,4.5763,1,35.5763,1
2024-07-27 12:30:00,12.8797,1,4.5759,1,35.5759,1
2024-07-27 13:00:00,12.8781,1,4.5756,1,35.5756,1
2024-07-27 13:30:00,12.8765,1,4.5753,1,35.5753,1
2024-07-27 14:00:00,12.8749,1,4.5750,1,35.5750,1
2024-07-27 14:30:00,12.8733,1,4.5747,1,35.5747,1
2024-07-27 15:00:00,12.8716,1,4.5743,1,35.5743,1
2024-07-27 15:30:00,12.8700,1,4.5740,1,35.5740,1
2024-07-27 16:00:00,12.8684,1,4.5737,1,35.5737,1
2024-07-27 16:30:00,12.8668,1,4.5734,1,35.5734,1
2024-07-27 17:00:00,12.8652,1,4.5730,1,35.5730,1
2024-07-27 17:30:00,12.8636,1,4.5727,1,35.5727,1
2024-07-27 18:00:00,12.8619,1,4.5724,1,35.5724,1
2024-07-27 18:30:00,12.8603,1,4.5721,1,35.5721,1
2024-07-27 19:00:00,12.8587,1,4.5717,1,35.5717,1
2024-07-27 19:30:00,12.8571,1,4.5714,1,35.5714,1
2024-07-27 20:00:00,12.8555,1,4.5711,1,35.5711,1
2024-07-27 20:30:00,12.8539,1,4.5708,1,35.5708,1
2024-07-27 21:00:00,12.8522,1,4.5704,1,35.5704,1
2024-07-27 21:30:00,12.8506,1,4.5701,1,35.5701,1
2024-07-27 22:00:00,12.8490,1,4.5698,1,35.5698,1
2024-07-27 22:30:00,12.8474,1,4.5695,1,35.5695,1
2024-07-27 23:00:00,12.8458,1,4.5692,1,35.5692,1
2024-07-27 23:30:00,12.8442,1,4.5688,1,35.5688,1
2024-07-28 00:00:00,12.8426,1,4.5685,1,35.5685,1
2024-07-28 00:30:00,12.8409,1,4.5682,1,35.5682,1
2024-07-28 01:00:00,12.8393,1,4.5679,1,35.5679,1
2024-07-28 01:30:00,12.8377,1,4.5675,1,35.5675,1
2024-07-28 02:00:00,12.8361,1,4.5672,1,35.5672,1
2024-07-28 02:30:00,12.8345,1,4.5669,1,35.5669,1
2024-07-28 03:00:00,12.8329,1,4.5666,1,35.5666,1
2024-07-28 03:30:00,12.8313,1,4.5663,1,35.5663,1
2024-07-28 04:00:00,12.8297,1,4.5659,1,35.5659,1
2024-07-28 04:30:00,12.8280,1,4.5656,1,35.5656,1
2024-07-28 05:00:00,12.8264,1,4.5653,1,35.5653,1
2024-07-28 05:30:00,12.8248,1,4.5650,1,35.5650,1
2024-07-28 06:00:00,12.8232,1,4.5646,1,35.5646,1
2024-07-28 06:30:00,12.8216,1,4.5643,1,35.5643,1
2024-07-28 07:00:00,12.8200,1,4.5640,1,35.5640,1
2024-07-28 07:30:00,12.8184,1,4.5637,1,35.5637,1
2024-07-28 08:00:00,12.8168,1,4.5634,1,35.5634,1
2024-07-28 08:30:00,12.8152,1,4.5630,1,35.5630,1
2024-07-28 09:00:00,12.8136,1,4.5627,1,35.5627,1
2024-07-28 09:30:00,12.8120,1,4.5624,1,35.5624,1
2024-07-28 10:00:00,12.8103,1,4.5621,1,35.5621,1
2024-07-28 10:30:00,12.8087,1,4.5617,1,35.5617,1
2024-07-28 11:00:00,12.8071,1,4.5614,1,35.5614,1
2024-07-28 11:30:00,12.8055,1,4.5611,1,35.5611,1
2024-07-28 12:00:00,12.8039,1,4.5608,1,35.5608,1
2024-07-28 12:30:00,12.8023,1,4.5605,1,35.5605,1
2024-07-28 13:00:00,12.8007,1,4.5601,1,35.5601,1
2024-07-28 13:30:00,12.7991,1,4.5598,1,35.5598,1
2024-07-28 14:00:00,12.7975,1,4.5595,1,35.5595,1
2024-07-28 14:30:00,12.7959,1,4.5592,1,35.5592,1
2024-07-28 15:00:00,12.7943,1,4.5589,1,35.5589,1
2024-07-28 15:30:00,12.7927,1,4.5585,1,35.5585,1
2024-07-28 16:00:00,12.7911,1,4.5582,1,35.5582,1
2024-07-28 16:30:00,12.7895,1,4.5579,1,35.5579,1
2024-07-28 17:00:00,12.7879,1,4.5576,1,35.5576,1
2024-07-28 17:30:00,12.7863,1,4.5573,1,35.5573,1
2024-07-28 18:00:00,12.7847,1,4.5569,1,35.5569,1
2024-07-28 18:30:00,12.7831,1,4.5566,1,35.5566,1
2024-07-28 19:00:00,12.7815,1,4.5563,1,35.5563,1
2024-07-28 19:30:00,12.7799,1,4.5560,1,35.5560,1
2024-07-28 20:00:00,12.7783,1,4.5557,1,35.5557,1
2024-07-28 20:30:00,12.7767,1,4.5553,1,35.5553,1
2024-07-28 21:00:00,12.7751,1,4.5550,1,35.5550,1
2024-07-28 21:30:00,12.7735,1,4.5547,1,35.5547,1
2024-07-28 22:00:00,12.7718,1,4.5544,1,35.5544,1
2024-07-28 22:30:00,12.7702,1,4.5540,1,35.5540,1
2024-07-28 23:00:00,12.7686,1,4.5537,1,35.5537,1
2024-07-28 23:30:00,12.7670,1,4.5534,1,35.5534,1
2024-07-29 00:00:00,12.7654,1,4.5531,1,35.5531,1
2024-07-29 00:30:00,12.7638,1,4.5528,1,35.5528,1
2024-07-29 01:00:00,12.7623,1,4.5525,1,35.5525,1
2024-07-29 01:30:00,12.7607,1,4.5521,1,35.5521,1
2024-07-29 02:00:00,12.7591,1,4.5518,1,35.5518,1
2024-07-29 02:30:00,12.7575,1,4.5515,1,35.5515,1
2024-07-29 03:00:00,12.7559,1,4.5512,1,35.5512,1
2024-07-29 03:30:00,12.7543,1,4.5509,1,35.5509,1
2024-07-29 04:00:00,12.7527,1,4.5505,1,35.5505,1
2024-07-29 04:30:00,12.7511,1,4.5502,1,35.5502,1
2024-07-29 05:00:00,12.7495,1,4.5499,1,35.5499,1
2024-07-29 05:30:00,12.7479,1,4.5496,1,35.5496,1
2024-07-29 06:00:00,12.7463,1,4.5493,1,35.5493,1
2024-07-29 06:30:00,12.7447,1,4.5489,1,35.5489,1
2024-07-29 07:00:00,12.7431,1,4.5486,1,35.5486,1
2024-07-29 07:30:00,12.7415,1,4.5483,1,35.5483,1
2024-07-29 08:00:00,12.7399,1,4.5480,1,35.5480,1
2024-07-29 08:30:00,12.7383,1,4.5477,1,35.5477,1
2024-07-29 09:00:00,12.7367,1,4.5473,1,35.5473,1
2024-07-29 09:30:00,12.7351,1,4.5470,1,35.5470,1
2024-07-29 10:00:00,12.7335,1,4.5467,1,35.5467,1
2024-07-29 10:30:00,12.7319,1,4.5464,1,35.5464,1
2024-07-29 11:00:00,12.7303,1,4.5461,1,35.5461,1
2024-07-29 11:30:00,12.7287,1,4.5457,1,35.5457,1
2024-07-29 12:00:00,12.7271,1,4.5454,1,35.5454,1
2024-07-29 12:30:00,12.7255,1,4.5451,1,35.5451,1
2024-07-29 13:00:00,12.7240,1,4.5448,1,35.5448,1
2024-07-29 13:30:00,12.7224,1,4.5445,1,35.5445,1
2024-07-29 14:00:00,12.7208,1,4.5442,1,35.5442,1
2024-07-29 14:30:00,12.7192,1,4.5438,1,35.5438,1
2024-07-29 15:00:00,12.7176,1,4.5435,1,35.5435,1
2024-07-29 15:30:00,12.7160,1,4.5432,1,35.5432,1
2024-07-29 16:00:00,12.7144,1,4.5429,1,35.5429,1
2024-07-29 16:30:00,12.7128,1,4.5426,1,35.5426,1
2024-07-29 17:00:00,12.7112,1,4.5422,1,35.5422,1
2024-07-29 17:30:00,12.7096,1,4.5419,1,35.5419,1
2024-07-29 18:00:00,12.7080,1,4.5416,1,35.5416,1
2024-07-29 18:30:00,12.7065,1,4.5413,1,35.5413,1
2024-07-29 19:00:00,12.7049,1,4.5410,1,35.5410,1
2024-07-29 19:30:00,12.7033,1,4.5407,1,35.5407,1
2024-07-29 20:00:00,12.7017,1,4.5403,1,35.5403,1
2024-07-29 20:30:00,12.7001,1,4.5400,1,35.5400,1
2024-07-29 21:00:00,12.6985,1,4.5397,1,35.5397,1
2024-07-29 21:30:00,12.6969,1,4.5394,1,35.5394,1
2024-07-29 22:00:00,12.6953,1,4.5391,1,35.5391,1
2024-07-29 22:30:00,12.6938,1,4.5388,1,35.5388,1
2024-07-29 23:00:00,12.6922,1,4.5384,1,35.5384,1
2024-07-29 23:30:00,12.6906,1,4.5381,1,35.5381,1
2024-07-30 00:00:00,12.6890,1,4.5378,1,35.5378,1
2024-07-30 00:30:00,12.6874,1,4.5375,1,35.5375,1
2024-07-30 01:00:00,12.6858,1,4.5372,1,35.5372,1
2024-07-30 01:30:00,12.6842,1,4.5368,1,35.5368,1
2024-07-30 02:00:00,12.6827,1,4.5365,1,35.5365,1
2024-07-30 02:30:00,12.6811,1,4.5362,1,35.5362,1
2024-07-30 03:00:00,12.6795,1,4.5359,1,35.5359,1
2024-07-30 03:30:00,12.6779,1,4.5356,1,35.5356,1
2024-07-30 04:00:00,12.6763,1,4.5353,1,35.5353,1
2024-07-30 04:30:00,12.6747,1,4.5349,1,35.5349,1
2024-07-30 05:00:00,12.6732,1,4.5346,1,35.5346,1
2024-07-30 05:30:00,12.6716,1,4.5343,1,35.5343,1
2024-07-30 06:00:00,12.6700,1,4.5340,1,35.5340,1
2024-07-30 06:30:00,12.6684,1,4.5337,1,35.5337,1
2024-07-30 07:00:00,12.6668,1,4.5334,1,35.5334,1
2024-07-30 07:30:00,12.6652,1,4.5330,1,35.5330,1
2024-07-30 08:00:00,12.6637,1,4.5327,1,35.5327,1
2024-07-30 08:30:00,12.6621,1,4.5324,1,35.5324,1
2024-07-30 09:00:00,12.6605,1,4.5321,1,35.5321,1
2024-07-30 09:30:00,12.6589,1,4.5318,1,35.5318,1
2024-07-30 10:00:00,12.6573,1,4.5315,1,35.5315,1
2024-07-30 10:30:00,12.6558,1,4.5312,1,35.5312,1
2024-07-30 11:00:00,12.6542,1,4.5308,1,35.5308,1
2024-07-30 11:30:00,12.6526,1,4.5305,1,35.5305,1
2024-07-30 12:00:00,12.6510,1,4.5302,1,35.5302,1
2024-07-30 12:30:00,12.6495,1,4.5299,1,35.5299,1
2024-07-30 13:00:00,12.6479,1,4.5296,1,35.5296,1
2024-07-30 13:30:00,12.6463,1,4.5293,1,35.5293,1
2024-07-30 14:00:00,12.6447,1,4.5289,1,35.5289,1
2024-07-30 14:30:00,12.6431,1,4.5286,1,35.5286,1
2024-07-30 15:00:00,12.6416,1,4.5283,1,35.5283,1
2024-07-30 15:30:00,12.6400,1,4.5280,1,35.5280,1
2024-07-30 16:00:00,12.6384,1,4.5277,1,35.5277,1
2024-07-30 16:30:00,12.6368,1,4.5274,1,35.5274,1
2024-07-30 17:00:00,12.6353,1,4.5271,1,35.5271,1
2024-07-30 17:30:00,12.6337,1,4.5267,1,35.5267,1
2024-07-30 18:00:00,12.6321,1,4.5264,1,35.5264,1
2024-07-30 18:30:00,12.6305,1,4.5261,1,35.5261,1
2024-07-30 19:00:00,12.6290,1,4.5258,1,35.5258,1
2024-07-30 19:30:00,12.6274,1,4.5255,1,35.5255,1
2024-07-30 20:00:00,12.6258,1,4.5252,1,35.5252,1
2024-07-30 20:30:00,12.6242,1,4.5248,1,35.5248,1
2024-07-30 21:00:00,12.6227,1,4.5245,1,35.5245,1
2024-07-30 21:30:00,12.6211,1,4.5242,1,35.5242,1
2024-07-30 22:00:00,12.6195,1,4.5239,1,35.5239,1
2024-07-30 22:30:00,12.6179,1,4.5236,1,35.5236,1
2024-07-30 23:00:00,12.6164,1,4.5233,1,35.5233,1
2024-07-30 23:30:00,12.6148,1,4.5230,1,35.5230,1
2024-07-31 00:00:00,12.6132,1,4.5226,1,35.5226,1
2024-07-31 00:30:00,12.6117,1,4.5223,1,35.5223,1
2024-07-31 01:00:00,12.6101,1,4.5220,1,35.5220,1
2024-07-31 01:30:00,12.6085,1,4.5217,1,35.5217,1
2024-07-31 02:00:00,12.6069,1,4.5214,1,35.5214,1
2024-07-31 02:30:00,12.6054,1,4.5211,1,35.5211,1
2024-07-31 03:00:00,12.6038,1,4.5208,1,35.5208,1
2024-07-31 03:30:00,12.6022,1,4.5204,1,35.5204,1
2024-07-31 04:00:00,12.6007,1,4.5201,1,35.5201,1
2024-07-31 04:30:00,12.5991,1,4.5198,1,35.5198,1
2024-07-31 05:00:00,12.5975,1,4.5195,1,35.5195,1
2024-07-31 05:30:00,12.5960,1,4.5192,1,35.5192,1
2024-07-31 06:00:00,12.5944,1,4.5189,1,35.5189,1
2024-07-31 06:30:00,12.5928,1,4.5186,1,35.5186,1
2024-07-31 07:00:00,12.5913,1,4.5183,1,35.5183,1
2024-07-31 07:30:00,12.5897,1,4.5179,1,35.5179,1
2024-07-31 08:00:00,12.5881,1,4.5176,1,35.5176,1
2024-07-31 08:30:00,12.5866,1,4.5173,1,35.5173,1
2024-07-31 09:00:00,12.5850,1,4.5170,1,35.5170,1
2024-07-31 09:30:00,12.5834,1,4.5167,1,35.5167,1
2024-07-31 10:00:00,12.5819,1,4.5164,1,35.5164,1
2024-07-31 10:30:00,12.5803,1,4.5161,1,35.5161,1
2024-07-31 11:00:00,12.5787,1,4.5157,1,35.5157,1
2024-07-31 11:30:00,12.5772,1,4.5154,1,35.5154,1
2024-07-31 12:00:00,12.5756,1,4.5151,1,35.5151,1
2024-07-31 12:30:00,12.5740,1,4.5148,1,35.5148,1
2024-07-31 13:00:00,12.5725,1,4.5145,1,35.5145,1
2024-07-31 13:30:00,12.5709,1,4.5142,1,35.5142,1
2024-07-31 14:00:00,12.5694,1,4.5139,1,35.5139,1
2024-07-31 14:30:00,12.5678,1,4.5136,1,35.5136,1
2024-07-31 15:00:00,12.5662,1,4.5132,1,35.5132,1
2024-07-31 15:30:00,12.5647,1,4.5129,1,35.5129,1
2024-07-31 16:00:00,12.5631,1,4.5126,1,35.5126,1
2024-07-31 16:30:00,12.5615,1,4.5123,1,35.5123,1
2024-07-31 17:00:00,12.5600,1,4.5120,1,35.5120,1
2024-07-31 17:30:00,12.5584,1,4.5117,1,35.5117,1
2024-07-31 18:00:00,12.5569,1,4.5114,1,35.5114,1
2024-07-31 18:30:00,12.5553,1,4.5111,1,35.5111,1
2024-07-31 19:00:00,12.5537,1,4.5107,1,35.5107,1
2024-07-31 19:30:00,12.5522,1,4.5104,1,35.5104,1
2024-07-31 20:00:00,12.5506,1,4.5101,1,35.5101,1
2024-07-31 20:30:00,12.5491,1,4.5098,1,35.5098,1
2024-07-31 21:00:00,12.5475,1,4.5095,1,35.5095,1
2024-07-31 21:30:00,12.5460,1,4.5092,1,35.5092,1
2024-07-31 22:00:00,12.5444,1,4.5089,1,35.5089,1
2024-07-31 22:30:00,12.5428,1,4.5086,1,35.5086,1
2024-07-31 23:00:00,12.5413,1,4.5083,1,35.5083,1
2024-07-31 23:30:00,12.5397,1,4.5079,1,35.5079,1
2024-08-01 00:00:00,12.5382,1,4.5076,1,35.5076,1
2024-08-01 00:30:00,12.5366,1,4.5073,1,35.5073,1
2024-08-01 01:00:00,12.5351,1,4.5070,1,35.5070,1
2024-08-01 01:30:00,12.5335,1,4.5067,1,35.5067,1
2024-08-01 02:00:00,12.5319,1,4.5064,1,35.5064,1
2024-08-01 02:30:00,12.5304,1,4.5061,1,35.5061,1
2024-08-01 03:00:00,12.5288,1,4.5058,1,35.5058,1
2024-08-01 03:30:00,12.5273,1,4.5055,1,35.5055,1
2024-08-01 04:00:00,12.5257,1,4.5051,1,35.5051,1
2024-08-01 04:30:00,12.5242,1,4.5048,1,35.5048,1
2024-08-01 05:00:00,12.5226,1,4.5045,1,35.5045,1
2024-08-01 05:30:00,12.5211,1,4.5042,1,35.5042,1
2024-08-01 06:00:00,12.5195,1,4.5039,1,35.5039,1
2024-08-01 06:30:00,12.5180,1,4.5036,1,35.5036,1
2024-08-01 07:00:00,12.5164,1,4.5033,1,35.5033,1
2024-08-01 07:30:00,12.5149,1,4.5030,1,35.5030,1
2024-08-01 08:00:00,12.5133,1,4.5027,1,35.5027,1
2024-08-01 08:30:00,12.5118,1,4.5024,1,35.5024,1
2024-08-01 09:00:00,12.5102,1,4.5020,1,35.5020,1
2024-08-01 09:30:00,12.5087,1,4.5017,1,35.5017,1
2024-08-01 10:00:00,12.5071,1,4.5014,1,35.5014,1
2024-08-01 10:30:00,12.5056,1,4.5011,1,35.5011,1
2024-08-01 11:00:00,12.5040,1,4.5008,1,35.5008,1
2024-08-01 11:30:00,12.5025,1,4.5005,1,35.5005,1
2024-08-01 12:00:00,12.5009,1,4.5002,1,35.5002,1
2024-08-01 12:30:00,12.4994,1,4.4999,1,35.4999,1
2024-08-01 13:00:00,12.4978,1,4.4996,1,35.4996,1
2024-08-01 13:30:00,12.4963,1,4.4993,1,35.4993,1
2024-08-01 14:00:00,12.4947,1,4.4989,1,35.4989,1
2024-08-01 14:30:00,12.4932,1,4.4986,1,35.4986,1
2024-08-01 15:00:00,12.4916,1,4.4983,1,35.4983,1
2024-08-01 15:30:00,12.4901,1,4.4980,1,35.4980,1
2024-08-01 16:00:00,12.4885,1,4.4977,1,35.4977,1
2024-08-01 16:30:00,12.4870,1,4.4974,1,35.4974,1
2024-08-01 17:00:00,12.4854,1,4.4971,1,35.4971,1
2024-08-01 17:30:00,12.4839,1,4.4968,1,35.4968,1
2024-08-01 18:00:00,12.4823,1,4.4965,1,35.4965,1
2024-08-01 18:30:00,12.4808,1,4.4962,1,35.4962,1
2024-08-01 19:00:00,12.4793,1,4.4959,1,35.4959,1
2024-08-01 19:30:00,12.4777,1,4.4955,1,35.4955,1
2024-08-01 20:00:00,12.4762,1,4.4952,1,35.4952,1
2024-08-01 20:30:00,12.4746,1,4.4949,1,35.4949,1
2024-08-01 21:00:00,12.4731,1,4.4946,1,35.4946,1
2024-08-01 21:30:00,12.4715,1,4.4943,1,35.4943,1
2024-08-01 22:00:00,12.4700,1,4.4940,1,35.4940,1
2024-08-01 22:30:00,12.4685,1,4.4937,1,35.4937,1
2024-08-01 23:00:00,12.4669,1,4.4934,1,35.4934,1
2024-08-01 23:30:00,12.4654,1,4.4931,1,35.4931,1
2024-08-02 00:00:00,12.4638,1,4.4928,1,35.4928,1
2024-08-02 00:30:00,12.4623,1,4.4925,1,35.4925,1
2024-08-02 01:00:00,12.4607,1,4.4921,1,35.4921,1
2024-08-02 01:30:00,12.4592,1,4.4918,1,35.4918,1
2024-08-02 02:00:00,12.4577,1,4.4915,1,35.4915,1
2024-08-02 02:30:00,12.4561,1,4.4912,1,35.4912,1
2024-08-02 03:00:00,12.4546,1,4.4909,1,35.4909,1
2024-08-02 03:30:00,12.4530,1,4.4906,1,35.4906,1
2024-08-02 04:00:00,12.4515,1,4.4903,1,35.4903,1
2024-08-02 04:30:00,12.4500,1,4.4900,1,35.4900,1
2024-08-02 05:00:00,12.4484,1,4.4897,1,35.4897,1
2024-08-02 05:30:00,12.4469,1,4.4894,1,35.4894,1
2024-08-02 06:00:00,12.4454,1,4.4891,1,35.4891,1
2024-08-02 06:30:00,12.4438,1,4.4888,1,35.4888,1
2024-08-02 07:00:00,12.4423,1,4.4885,1,35.4885,1
2024-08-02 07:30:00,12.4407,1,4.4881,1,35.4881,1
2024-08-02 08:00:00,12.4392,1,4.4878,1,35.4878,1
2024-08-02 08:30:00,12.4377,1,4.4875,1,35.4875,1
2024-08-02 09:00:00,12.4361,1,4.4872,1,35.4872,1
2024-08-02 09:30:00,12.4346,1,4.4869,1,35.4869,1
2024-08-02 10:00:00,12.4331,1,4.4866,1,35.4866,1
2024-08-02 10:30:00,12.4315,1,4.4863,1,35.4863,1
2024-08-02 11:00:00,12.4300,1,4.4860,1,35.4860,1
2024-08-02 11:30:00,12.4285,1,4.4857,1,35.4857,1
2024-08-02 12:00:00,12.4269,1,4.4854,1,35.4854,1
2024-08-02 12:30:00,12.4254,1,4.4851,1,35.4851,1
2024-08-02 13:00:00,12.4239,1,4.4848,1,35.4848,1
2024-08-02 13:30:00,12.4223,1,4.4845,1,35.4845,1
2024-08-02 14:00:00,12.4208,1,4.4842,1,35.4842,1
2024-08-02 14:30:00,12.4193,1,4.4839,1,35.4839,1
2024-08-02 15:00:00,12.4177,1,4.4835,1,35.4835,1
2024-08-02 15:30:00,12.4162,1,4.4832,1,35.4832,1
2024-08-02 16:00:00,12.4147,1,4.4829,1,35.4829,1
2024-08-02 16:30:00,12.4131,1,4.4826,1,35.4826,1
2024-08-02 17:00:00,12.4116,1,4.4823,1,35.4823,1
2024-08-02 17:30:00,12.4101,1,4.4820,1,35.4820,1
2024-08-02 18:00:00,12.4086,1,4.4817,1,35.4817,1
2024-08-02 18:30:00,12.4070,1,4.4814,1,35.4814,1
2024-08-02 19:00:00,12.4055,1,4.4811,1,35.4811,1
2024-08-02 19:30:00,12.4040,1,4.4808,1,35.4808,1
2024-08-02 20:00:00,12.4024,1,4.4805,1,35.4805,1
2024-08-02 20:30:00,12.4009,1,4.4802,1,35.4802,1
2024-08-02 21:00:00,12.3994,1,4.4799,1,35.4799,1
2024-08-02 21:30:00,12.3979,1,4.4796,1,35.4796,1
2024-08-02 22:00:00,12.3963,1,4.4793,1,35.4793,1
2024-08-02 22:30:00,12.3948,1,4.4790,1,35.4790,1
2024-08-02 23:00:00,12.3933,1,4.4787,1,35.4787,1
2024-08-02 23:30:00,12.3918,1,4.4784,1,35.4784,1
2024-08-03 00:00:00,12.3902,1,4.4780,1,35.4780,1
2024-08-03 00:30:00,12.3887,1,4.4777,1,35.4777,1
2024-08-03 01:00:00,12.3872,1,4.4774,1,35.4774,1
2024-08-03 01:30:00,12.3857,1,4.4771,1,35.4771,1
2024-08-03 02:00:00,12.3841,1,4.4768,1,35.4768,1
2024-08-03 02:30:00,12.3826,1,4.4765,1,35.4765,1
2024-08-03 03:00:00,12.3811,1,4.4762,1,35.4762,1
2024-08-03 03:30:00,12.3796,1,4.4759,1,35.4759,1
2024-08-03 04:00:00,12.3780,1,4.4756,1,35.4756,1
2024-08-03 04:30:00,12.3765,1,4.4753,1,35.4753,1
2024-08-03 05:00:00,12.3750,1,4.4750,1,35.4750,1
2024-08-03 05:30:00,12.3735,1,4.4747,1,35.4747,1
2024-08-03 06:00:00,12.3720,1,4.4744,1,35.4744,1
2024-08-03 06:30:00,12.3704,1,4.4741,1,35.4741,1
2024-08-03 07:00:00,12.3689,1,4.4738,1,35.4738,1
2024-08-03 07:30:00,12.3674,1,4.4735,1,35.4735,1
2024-08-03 08:00:00,12.3659,1,4.4732,1,35.4732,1
2024-08-03 08:30:00,12.3644,1,4.4729,1,35.4729,1
2024-08-03 09:00:00,12.3628,1,4.4726,1,35.4726,1
2024-08-03 09:30:00,12.3613,1,4.4723,1,35.4723,1
2024-08-03 10:00:00,12.3598,1,4.4720,1,35.4720,1
2024-08-03 10:30:00,12.3583,1,4.4717,1,35.4717,1
2024-08-03 11:00:00,12.3568,1,4.4714,1,35.4714,1
2024-08-03 11:30:00,12.3552,1,4.4710,1,35.4710,1
2024-08-03 12:00:00,12.3537,1,4.4707,1,35.4707,1
2024-08-03 12:30:00,12.3522,1,4.4704,1,35.4704,1
2024-08-03 13:00:00,12.3507,1,4.4701,1,35.4701,1
2024-08-03 13:30:00,12.3492,1,4.4698,1,35.4698,1
2024-08-03 14:00:00,12.3477,1,4.4695,1,35.4695,1
2024-08-03 14:30:00,12.3461,1,4.4692,1,35.4692,1
2024-08-03 15:00:00,12.3446,1,4.4689,1,35.4689,1
2024-08-03 15:30:00,12.3431,1,4.4686,1,35.4686,1
2024-08-03 16:00:00,12.3416,1,4.4683,1,35.4683,1
2024-08-03 16:30:00,12.3401,1,4.4680,1,35.4680,1
2024-08-03 17:00:00,12.3386,1,4.4677,1,35.4677,1
2024-08-03 17:30:00,12.3371,1,4.4674,1,35.4674,1
2024-08-03 18:00:00,12.3355,1,4.4671,1,35.4671,1
2024-08-03 18:30:00,12.3340,1,4.4668,1,35.4668,1
2024-08-03 19:00:00,12.3325,1,4.4665,1,35.4665,1
2024-08-03 19:30:00,12.3310,1,4.4662,1,35.4662,1
2024-08-03 20:00:00,12.3295,1,4.4659,1,35.4659,1
2024-08-03 20:30:00,12.3280,1,4.4656,1,35.4656,1
2024-08-03 21:00:00,12.3265,1,4.4653,1,35.4653,1
2024-08-03 21:30:00,12.3250,1,4.4650,1,35.4650,1
2024-08-03 22:00:00,12.3234,1,4.4647,1,35.4647,1
2024-08-03 22:30:00,12.3219,1,4.4644,1,35.4644,1
2024-08-03 23:00:00,12.3204,1,4.4641,1,35.4641,1
2024-08-03 23:30:00,12.3189,1,4.4638,1,35.4638,1
2024-08-04 00:00:00,12.3174,1,4.4635,1,35.4635,1
2024-08-04 00:30:00,12.3159,1,4.4632,1,35.4632,1
2024-08-04 01:00:00,12.3144,1,4.4629,1,35.4629,1
2024-08-04 01:30:00,12.3129,1,4.4626,1,35.4626,1
2024-08-04 02:00:00,12.3114,1,4.4623,1,35.4623,1
2024-08-04 02:30:00,12.3099,1,4.4620,1,35.4620,1
2024-08-04 03:00:00,12.3084,1,4.4617,1,35.4617,1
2024-08-04 03:30:00,12.3069,1,4.4614,1,35.4614,1
2024-08-04 04:00:00,12.3053,1,4.4611,1,35.4611,1
2024-08-04 04:30:00,12.3038,1,4.4608,1,35.4608,1
2024-08-04 05:00:00,12.3023,1,4.4605,1,35.4605,1
2024-08-04 05:30:00,12.3008,1,4.4602,1,35.4602,1
2024-08-04 06:00:00,12.2993,1,4.4599,1,35.4599,1
2024-08-04 06:30:00,12.2978,1,4.4596,1,35.4596,1
2024-08-04 07:00:00,12.2963,1,4.4593,1,35.4593,1
2024-08-04 07:30:00,12.2948,1,4.4590,1,35.4590,1
2024-08-04 08:00:00,12.2933,1,4.4587,1,35.4587,1
2024-08-04 08:30:00,12.2918,1,4.4584,1,35.4584,1
2024-08-04 09:00:00,12.2903,1,4.4581,1,35.4581,1
2024-08-04 09:30:00,12.2888,1,4.4578,1,35.4578,1
2024-08-04 10:00:00,12.2873,1,4.4575,1,35.4575,1
2024-08-04 10:30:00,12.2858,1,4.4572,1,35.4572,1
2024-08-04 11:00:00,12.2843,1,4.4569,1,35.4569,1
2024-08-04 11:30:00,12.2828,1,4.4566,1,35.4566,1
2024-08-04 12:00:00,12.2813,1,4.4563,1,35.4563,1
2024-08-04 12:30:00,12.2798,1,4.4560,1,35.4560,1
2024-08-04 13:00:00,12.2783,1,4.4557,1,35.4557,1
2024-08-04 13:30:00,12.2768,1,4.4554,1,35.4554,1
2024-08-04 14:00:00,12.2753,1,4.4551,1,35.4551,1
2024-08-04 14:30:00,12.2738,1,4.4548,1,35.4548,1
2024-08-04 15:00:00,12.2723,1,4.4545,1,35.4545,1
2024-08-04 15:30:00,12.2708,1,4.4542,1,35.4542,1
2024-08-04 16:00:00,12.2693,1,4.4539,1,35.4539,1
2024-08-04 16:30:00,12.2678,1,4.4536,1,35.4536,1
2024-08-04 17:00:00,12.2663,1,4.4533,1,35.4533,1
2024-08-04 17:30:00,12.2648,1,4.4530,1,35.4530,1
2024-08-04 18:00:00,12.2633,1,4.4527,1,35.4527,1
2024-08-04 18:30:00,12.2618,1,4.4524,1,35.4524,1
2024-08-04 19:00:00,12.2603,1,4.4521,1,35.4521,1
2024-08-04 19:30:00,12.2588,1,4.4518,1,35.4518,1
2024-08-04 20:00:00,12.2573,1,4.4515,1,35.4515,1
2024-08-04 20:30:00,12.2558,1,4.4512,1,35.4512,1
2024-08-04 21:00:00,12.2543,1,4.4509,1,35.4509,1
2024-08-04 21:30:00,12.2528,1,4.4506,1,35.4506,1
2024-08-04 22:00:00,12.2513,1,4.4503,1,35.4503,1
2024-08-04 22:30:00,12.2499,1,4.4500,1,35.4500,1
2024-08-04 23:00:00,12.2484,1,4.4497,1,35.4497,1
2024-08-04 23:30:00,12.2469,1,4.4494,1,35.4494,1
2024-08-05 00:00:00,12.2454,1,4.4491,1,35.4491,1
2024-08-05 00:30:00,12.2439,1,4.4488,1,35.4488,1
2024-08-05 01:00:00,12.2424,1,4.4485,1,35.4485,1
2024-08-05 01:30:00,12.2409,1,4.4482,1,35.4482,1
2024-08-05 02:00:00,12.2394,1,4.4479,1,35.4479,1
2024-08-05 02:30:00,12.2379,1,4.4476,1,35.4476,1
2024-08-05 03:00:00,12.2364,1,4.4473,1,35.4473,1
2024-08-05 03:30:00,12.2349,1,4.4470,1,35.4470,1
2024-08-05 04:00:00,12.2334,1,4.4467,1,35.4467,1
2024-08-05 04:30:00,12.2320,1,4.4464,1,35.4464,1
2024-08-05 05:00:00,12.2305,1,4.4461,1,35.4461,1
2024-08-05 05:30:00,12.2290,1,4.4458,1,35.4458,1
2024-08-05 06:00:00,12.2275,1,4.4455,1,35.4455,1
2024-08-05 06:30:00,12.2260,1,4.4452,1,35.4452,1
2024-08-05 07:00:00,12.2245,1,4.4449,1,35.4449,1
2024-08-05 07:30:00,12.2230,1,4.4446,1,35.4446,1
2024-08-05 08:00:00,12.2215,1,4.4443,1,35.4443,1
2024-08-05 08:30:00,12.2201,1,4.4440,1,35.4440,1
2024-08-05 09:00:00,12.2186,1,4.4437,1,35.4437,1
2024-08-05 09:30:00,12.2171,1,4.4434,1,35.4434,1
2024-08-05 10:00:00,12.2156,1,4.4431,1,35.4431,1
2024-08-05 10:30:00,12.2141,1,4.4428,1,35.4428,1
2024-08-05 11:00:00,12.2126,1,4.4425,1,35.4425,1
2024-08-05 11:30:00,12.2111,1,4.4422,1,35.4422,1
2024-08-05 12:00:00,12.2097,1,4.4419,1,35.4419,1
2024-08-05 12:30:00,12.2082,1,4.4416,1,35.4416,1
2024-08-05 13:00:00,12.2067,1,4.4413,1,35.4413,1
2024-08-05 13:30:00,12.2052,1,4.4410,1,35.4410,1
2024-08-05 14:00:00,12.2037,1,4.4407,1,35.4407,1
2024-08-05 14:30:00,12.2022,1,4.4404,1,35.4404,1
2024-08-05 15:00:00,12.2008,1,4.4402,1,35.4402,1
2024-08-05 15:30:00,12.1993,1,4.4399,1,35.4399,1
2024-08-05 16:00:00,12.1978,1,4.4396,1,35.4396,1
2024-08-05 16:30:00,12.1963,1,4.4393,1,35.4393,1
2024-08-05 17:00:00,12.1948,1,4.4390,1,35.4390,1
2024-08-05 17:30:00,12.1934,1,4.4387,1,35.4387,1
2024-08-05 18:00:00,12.1919,1,4.4384,1,35.4384,1
2024-08-05 18:30:00,12.1904,1,4.4381,1,35.4381,1
2024-08-05 19:00:00,12.1889,1,4.4378,1,35.4378,1
2024-08-05 19:30:00,12.1874,1,4.4375,1,35.4375,1
2024-08-05 20:00:00,12.1860,1,4.4372,1,35.4372,1
2024-08-05 20:30:00,12.1845,1,4.4369,1,35.4369,1
2024-08-05 21:00:00,12.1830,1,4.4366,1,35.4366,1
2024-08-05 21:30:00,12.1815,1,4.4363,1,35.4363,1
2024-08-05 22:00:00,12.1801,1,4.4360,1,35.4360,1
2024-08-05 22:30:00,12.1786,1,4.4357,1,35.4357,1
2024-08-05 23:00:00,12.1771,1,4.4354,1,35.4354,1
2024-08-05 23:30:00,12.1756,1,4.4351,1,35.4351,1
2024-08-06 00:00:00,12.1742,1,4.4348,1,35.4348,1
2024-08-06 00:30:00,12.1727,1,4.4345,1,35.4345,1
2024-08-06 01:00:00,12.1712,1,4.4342,1,35.4342,1
2024-08-06 01:30:00,12.1697,1,4.4339,1,35.4339,1
2024-08-06 02:00:00,12.1683,1,4.4337,1,35.4337,1
2024-08-06 02:30:00,12.1668,1,4.4334,1,35.4334,1
2024-08-06 03:00:00,12.1653,1,4.4331,1,35.4331,1
2024-08-06 03:30:00,12.1638,1,4.4328,1,35.4328,1
2024-08-06 04:00:00,12.1624,1,4.4325,1,35.4325,1
2024-08-06 04:30:00,12.1609,1,4.4322,1,35.4322,1
2024-08-06 05:00:00,12.1594,1,4.4319,1,35.4319,1
2024-08-06 05:30:00,12.1580,1,4.4316,1,35.4316,1
2024-08-06 06:00:00,12.1565,1,4.4313,1,35.4313,1
2024-08-06 06:30:00,12.1550,1,4.4310,1,35.4310,1
2024-08-06 07:00:00,12.1535,1,4.4307,1,35.4307,1
2024-08-06 07:30:00,12.1521,1,4.4304,1,35.4304,1
2024-08-06 08:00:00,12.1506,1,4.4301,1,35.4301,1
2024-08-06 08:30:00,12.1491,1,4.4298,1,35.4298,1
2024-08-06 09:00:00,12.1477,1,4.4295,1,35.4295,1
2024-08-06 09:30:00,12.1462,1,4.4292,1,35.4292,1
2024-08-06 10:00:00,12.1447,1,4.4289,1,35.4289,1
2024-08-06 10:30:00,12.1433,1,4.4287,1,35.4287,1
2024-08-06 11:00:00,12.1418,1,4.4284,1,35.4284,1
2024-08-06 11:30:00,12.1403,1,4.4281,1,35.4281,1
2024-08-06 12:00:00,12.1389,1,4.4278,1,35.4278,1
2024-08-06 12:30:00,12.1374,1,4.4275,1,35.4275,1
2024-08-06 13:00:00,12.1359,1,4.4272,1,35.4272,1
2024-08-06 13:30:00,12.1345,1,4.4269,1,35.4269,1
2024-08-06 14:00:00,12.1330,1,4.4266,1,35.4266,1
2024-08-06 14:30:00,12.1315,1,4.4263,1,35.4263,1
2024-08-06 15:00:00,12.1301,1,4.4260,1,35.4260,1
2024-08-06 15:30:00,12.1286,1,4.4257,1,35.4257,1
2024-08-06 16:00:00,12.1271,1,4.4254,1,35.4254,1
2024-08-06 16:30:00,12.1257,1,4.4251,1,35.4251,1
2024-08-06 17:00:00,12.1242,1,4.4248,1,35.4248,1
2024-08-06 17:30:00,12.1227,1,4.4245,1,35.4245,1
2024-08-06 18:00:00,12.1213,1,4.4243,1,35.4243,1
2024-08-06 18:30:00,12.1198,1,4.4240,1,35.4240,1
2024-08-06 19:00:00,12.1184,1,4.4237,1,35.4237,1
2024-08-06 19:30:00,12.1169,1,4.4234,1,35.4234,1
2024-08-06 20:00:00,12.1154,1,4.4231,1,35.4231,1
2024-08-06 20:30:00,12.1140,1,4.4228,1,35.4228,1
2024-08-06 21:00:00,12.1125,1,4.4225,1,35.4225,1
2024-08-06 21:30:00,12.1111,1,4.4222,1,35.4222,1
2024-08-06 22:00:00,12.1096,1,4.4219,1,35.4219,1
2024-08-06 22:30:00,12.1081,1,4.4216,1,35.4216,1
2024-08-06 23:00:00,12.1067,1,4.4213,1,35.4213,1
2024-08-06 23:30:00,12.1052,1,4.4210,1,35.4210,1
2024-08-07 00:00:00,12.1038,1,4.4208,1,35.4208,1
2024-08-07 00:30:00,12.1023,1,4.4205,1,35.4205,1
2024-08-07 01:00:00,12.1009,1,4.4202,1,35.4202,1
2024-08-07 01:30:00,12.0994,1,4.4199,1,35.4199,1
2024-08-07 02:00:00,12.0979,1,4.4196,1,35.4196,1
2024-08-07 02:30:00,12.0965,1,4.4193,1,35.4193,1
2024-08-07 03:00:00,12.0950,1,4.4190,1,35.4190,1
2024-08-07 03:30:00,12.0936,1,4.4187,1,35.4187,1
2024-08-07 04:00:00,12.0921,1,4.4184,1,35.4184,1
2024-08-07 04:30:00,12.0907,1,4.4181,1,35.4181,1
2024-08-07 05:00:00,12.0892,1,4.4178,1,35.4178,1
2024-08-07 05:30:00,12.0878,1,4.4176,1,35.4176,1
2024-08-07 06:00:00,12.0863,1,4.4173,1,35.4173,1
2024-08-07 06:30:00,12.0848,1,4.4170,1,35.4170,1
2024-08-07 07:00:00,12.0834,1,4.4167,1,35.4167,1
2024-08-07 07:30:00,12.0819,1,4.4164,1,35.4164,1
2024-08-07 08:00:00,12.0805,1,4.4161,1,35.4161,1
2024-08-07 08:30:00,12.0790,1,4.4158,1,35.4158,1
2024-08-07 09:00:00,12.0776,1,4.4155,1,35.4155,1
2024-08-07 09:30:00,12.0761,1,4.4152,1,35.4152,1
2024-08-07 10:00:00,12.0747,1,4.4149,1,35.4149,1
2024-08-07 10:30:00,12.0732,1,4.4146,1,35.4146,1
2024-08-07 11:00:00,12.0718,1,4.4144,1,35.4144,1
2024-08-07 11:30:00,12.0703,1,4.4141,1,35.4141,1
2024-08-07 12:00:00,12.0689,1,4.4138,1,35.4138,1
2024-08-07 12:30:00,12.0674,1,4.4135,1,35.4135,1
2024-08-07 13:00:00,12.0660,1,4.4132,1,35.4132,1
2024-08-07 13:30:00,12.0645,1,4.4129,1,35.4129,1
2024-08-07 14:00:00,12.0631,1,4.4126,1,35.4126,1
2024-08-07 14:30:00,12.0617,1,4.4123,1,35.4123,1
2024-08-07 15:00:00,12.0602,1,4.4120,1,35.4120,1
2024-08-07 15:30:00,12.0588,1,4.4118,1,35.4118,1
2024-08-07 16:00:00,12.0573,1,4.4115,1,35.4115,1
2024-08-07 16:30:00,12.0559,1,4.4112,1,35.4112,1
2024-08-07 17:00:00,12.0544,1,4.4109,1,35.4109,1
2024-08-07 17:30:00,12.0530,1,4.4106,1,35.4106,1
2024-08-07 18:00:00,12.0515,1,4.4103,1,35.4103,1
2024-08-07 18:30:00,12.0501,1,4.4100,1,35.4100,1
2024-08-07 19:00:00,12.0486,1,4.4097,1,35.4097,1
2024-08-07 19:30:00,12.0472,1,4.4094,1,35.4094,1
2024-08-07 20:00:00,12.0458,1,4.4092,1,35.4092,1
2024-08-07 20:30:00,12.0443,1,4.4089,1,35.4089,1
2024-08-07 21:00:00,12.0429,1,4.4086,1,35.4086,1
2024-08-07 21:30:00,12.0414,1,4.4083,1,35.4083,1
2024-08-07 22:00:00,12.0400,1,4.4080,1,35.4080,1
2024-08-07 22:30:00,12.0386,1,4.4077,1,35.4077,1
2024-08-07 23:00:00,12.0371,1,4.4074,1,35.4074,1
2024-08-07 23:30:00,12.0357,1,4.4071,1,35.4071,1
2024-08-08 00:00:00,12.0342,1,4.4068,1,35.4068,1
2024-08-08 00:30:00,12.0328,1,4.4066,1,35.4066,1
2024-08-08 01:00:00,12.0314,1,4.4063,1,35.4063,1
2024-08-08 01:30:00,12.0299,1,4.4060,1,35.4060,1
2024-08-08 02:00:00,12.0285,1,4.4057,1,35.4057,1
2024-08-08 02:30:00,12.0270,1,4.4054,1,35.4054,1
2024-08-08 03:00:00,12.0256,1,4.4051,1,35.4051,1
2024-08-08 03:30:00,12.0242,1,4.4048,1,35.4048,1
2024-08-08 04:00:00,12.0227,1,4.4045,1,35.4045,1
2024-08-08 04:30:00,12.0213,1,4.4043,1,35.4043,1
2024-08-08 05:00:00,12.0199,1,4.4040,1,35.4040,1
2024-08-08 05:30:00,12.0184,1,4.4037,1,35.4037,1
2024-08-08 06:00:00,12.0170,1,4.4034,1,35.4034,1
2024-08-08 06:30:00,12.0155,1,4.4031,1,35.4031,1
2024-08-08 07:00:00,12.0141,1,4.4028,1,35.4028,1
2024-08-08 07:30:00,12.0127,1,4.4025,1,35.4025,1
2024-08-08 08:00:00,12.0112,1,4.4022,1,35.4022,1
2024-08-08 08:30:00,12.0098,1,4.4020,1,35.4020,1
2024-08-08 09:00:00,12.0084,1,4.4017,1,35.4017,1
2024-08-08 09:30:00,12.0069,1,4.4014,1,35.4014,1
2024-08-08 10:00:00,12.0055,1,4.4011,1,35.4011,1
2024-08-08 10:30:00,12.0041,1,4.4008,1,35.4008,1
2024-08-08 11:00:00,12.0027,1,4.4005,1,35.4005,1
2024-08-08 11:30:00,12.0012,1,4.4002,1,35.4002,1
2024-08-08 12:00:00,11.9998,1,4.4000,1,35.4000,1
2024-08-08 12:30:00,11.9984,1,4.3997,1,35.3997,1
2024-08-08 13:00:00,11.9969,1,4.3994,1,35.3994,1
2024-08-08 13:30:00,11.9955,1,4.3991,1,35.3991,1
2024-08-08 14:00:00,11.9941,1,4.3988,1,35.3988,1
2024-08-08 14:30:00,11.9926,1,4.3985,1,35.3985,1
2024-08-08 15:00:00,11.9912,1,4.3982,1,35.3982,1
2024-08-08 15:30:00,11.9898,1,4.3980,1,35.3980,1
2024-08-08 16:00:00,11.9884,1,4.3977,1,35.3977,1
2024-08-08 16:30:00,11.9869,1,4.3974,1,35.3974,1
2024-08-08 17:00:00,11.9855,1,4.3971,1,35.3971,1
2024-08-08 17:30:00,11.9841,1,4.3968,1,35.3968,1
2024-08-08 18:00:00,11.9827,1,4.3965,1,35.3965,1
2024-08-08 18:30:00,11.9812,1,4.3962,1,35.3962,1
2024-08-08 19:00:00,11.9798,1,4.3960,1,35.3960,1
2024-08-08 19:30:00,11.9784,1,4.3957,1,35.3957,1
2024-08-08 20:00:00,11.9770,1,4.3954,1,35.3954,1
2024-08-08 20:30:00,11.9755,1,4.3951,1,35.3951,1
2024-08-08 21:00:00,11.9741,1,4.3948,1,35.3948,1
2024-08-08 21:30:00,11.9727,1,4.3945,1,35.3945,1
2024-08-08 22:00:00,11.9713,1,4.3943,1,35.3943,1
2024-08-08 22:30:00,11.9698,1,4.3940,1,35.3940,1
2024-08-08 23:00:00,11.9684,1,4.3937,1,35.3937,1
2024-08-08 23:30:00,11.9670,1,4.3934,1,35.3934,1
2024-08-09 00:00:00,11.9656,1,4.3931,1,35.3931,1
2024-08-09 00:30:00,11.9641,1,4.3928,1,35.3928,1
2024-08-09 01:00:00,11.9627,1,4.3925,1,35.3925,1
2024-08-09 01:30:00,11.9613,1,4.3923,1,35.3923,1
2024-08-09 02:00:00,11.9599,1,4.3920,1,35.3920,1
2024-08-09 02:30:00,11.9585,1,4.3917,1,35.3917,1
2024-08-09 03:00:00,11.9571,1,4.3914,1,35.3914,1
2024-08-09 03:30:00,11.9556,1,4.3911,1,35.3911,1
2024-08-09 04:00:00,11.9542,1,4.3908,1,35.3908,1
2024-08-09 04:30:00,11.9528,1,4.3906,1,35.3906,1
2024-08-09 05:00:00,11.9514,1,4.3903,1,35.3903,1
2024-08-09 05:30:00,11.9500,1,4.3900,1,35.3900,1
2024-08-09 06:00:00,11.9485,1,4.3897,1,35.3897,1
2024-08-09 06:30:00,11.9471,1,4.3894,1,35.3894,1
2024-08-09 07:00:00,11.9457,1,4.3891,1,35.3891,1
2024-08-09 07:30:00,11.9443,1,4.3889,1,35.3889,1
2024-08-09 08:00:00,11.9429,1,4.3886,1,35.3886,1
2024-08-09 08:30:00,11.9415,1,4.3883,1,35.3883,1
2024-08-09 09:00:00,11.9401,1,4.3880,1,35.3880,1
2024-08-09 09:30:00,11.9386,1,4.3877,1,35.3877,1
2024-08-09 10:00:00,11.9372,1,4.3874,1,35.3874,1
2024-08-09 10:30:00,11.9358,1,4.3872,1,35.3872,1
2024-08-09 11:00:00,11.9344,1,4.3869,1,35.3869,1
2024-08-09 11:30:00,11.9330,1,4.3866,1,35.3866,1
2024-08-09 12:00:00,11.9316,1,4.3863,1,35.3863,1
2024-08-09 12:30:00,11.9302,1,4.3860,1,35.3860,1
2024-08-09 13:00:00,11.9288,1,4.3858,1,35.3858,1
2024-08-09 13:30:00,11.9273,1,4.3855,1,35.3855,1
2024-08-09 14:00:00,11.9259,1,4.3852,1,35.3852,1
2024-08-09 14:30:00,11.9245,1,4.3849,1,35.3849,1
2024-08-09 15:00:00,11.9231,1,4.3846,1,35.3846,1
2024-08-09 15:30:00,11.9217,1,4.3843,1,35.3843,1
2024-08-09 16:00:00,11.9203,1,4.3841,1,35.3841,1
2024-08-09 16:30:00,11.9189,1,4.3838,1,35.3838,1
2024-08-09 17:00:00,11.9175,1,4.3835,1,35.3835,1
2024-08-09 17:30:00,11.9161,1,4.3832,1,35.3832,1
2024-08-09 18:00:00,11.9147,1,4.3829,1,35.3829,1
2024-08-09 18:30:00,11.9133,1,4.3827,1,35.3827,1
2024-08-09 19:00:00,11.9118,1,4.3824,1,35.3824,1
2024-08-09 19:30:00,11.9104,1,4.3821,1,35.3821,1
2024-08-09 20:00:00,11.9090,1,4.3818,1,35.3818,1
2024-08-09 20:30:00,11.9076,1,4.3815,1,35.3815,1
2024-08-09 21:00:00,11.9062,1,4.3812,1,35.3812,1
2024-08-09 21:30:00,11.9048,1,4.3810,1,35.3810,1
2024-08-09 22:00:00,11.9034,1,4.3807,1,35.3807,1
2024-08-09 22:30:00,11.9020,1,4.3804,1,35.3804,1
2024-08-09 23:00:00,11.9006,1,4.3801,1,35.3801,1
2024-08-09 23:30:00,11.8992,1,4.3798,1,35.3798,1
2024-08-10 00:00:00,11.8978,1,4.3796,1,35.3796,1
2024-08-10 00:30:00,11.8964,1,4.3793,1,35.3793,1
2024-08-10 01:00:00,11.8950,1,4.3790,1,35.3790,1
2024-08-10 01:30:00,11.8936,1,4.3787,1,35.3787,1
2024-08-10 02:00:00,11.8922,1,4.3784,1,35.3784,1
2024-08-10 02:30:00,11.8908,1,4.3782,1,35.3782,1
2024-08-10 03:00:00,11.8894,1,4.3779,1,35.3779,1
2024-08-10 03:30:00,11.8880,1,4.3776,1,35.3776,1
2024-08-10 04:00:00,11.8866,1,4.3773,1,35.3773,1
2024-08-10 04:30:00,11.8852,1,4.3770,1,35.3770,1
2024-08-10 05:00:00,11.8838,1,4.3768,1,35.3768,1
2024-08-10 05:30:00,11.8824,1,4.3765,1,35.3765,1
2024-08-10 06:00:00,11.8810,1,4.3762,1,35.3762,1
2024-08-10 06:30:00,11.8796,1,4.3759,1,35.3759,1
2024-08-10 07:00:00,11.8782,1,4.3756,1,35.3756,1
2024-08-10 07:30:00,11.8768,1,4.3754,1,35.3754,1
2024-08-10 08:00:00,11.8754,1,4.3751,1,35.3751,1
2024-08-10 08:30:00,11.8740,1,4.3748,1,35.3748,1
2024-08-10 09:00:00,11.8726,1,4.3745,1,35.3745,1
2024-08-10 09:30:00,11.8712,1,4.3742,1,35.3742,1
2024-08-10 10:00:00,11.8698,1,4.3740,1,35.3740,1
2024-08-10 10:30:00,11.8684,1,4.3737,1,35.3737,1
2024-08-10 11:00:00,11.8670,1,4.3734,1,35.3734,1
2024-08-10 11:30:00,11.8657,1,4.3731,1,35.3731,1
2024-08-10 12:00:00,11.8643,1,4.3729,1,35.3729,1
2024-08-10 12:30:00,11.8629,1,4.3726,1,35.3726,1
2024-08-10 13:00:00,11.8615,1,4.3723,1,35.3723,1
2024-08-10 13:30:00,11.8601,1,4.3720,1,35.3720,1
2024-08-10 14:00:00,11.8587,1,4.3717,1,35.3717,1
2024-08-10 14:30:00,11.8573,1,4.3715,1,35.3715,1
2024-08-10 15:00:00,11.8559,1,4.3712,1,35.3712,1
2024-08-10 15:30:00,11.8545,1,4.3709,1,35.3709,1
2024-08-10 16:00:00,11.8531,1,4.3706,1,35.3706,1
2024-08-10 16:30:00,11.8517,1,4.3703,1,35.3703,1
2024-08-10 17:00:00,11.8504,1,4.3701,1,35.3701,1
2024-08-10 17:30:00,11.8490,1,4.3698,1,35.3698,1
2024-08-10 18:00:00,11.8476,1,4.3695,1,35.3695,1
2024-08-10 18:30:00,11.8462,1,4.3692,1,35.3692,1
2024-08-10 19:00:00,11.8448,1,4.3690,1,35.3690,1
2024-08-10 19:30:00,11.8434,1,4.3687,1,35.3687,1
2024-08-10 20:00:00,11.8420,1,4.3684,1,35.3684,1
2024-08-10 20:30:00,11.8406,1,4.3681,1,35.3681,1
2024-08-10 21:00:00,11.8393,1,4.3679,1,35.3679,1
2024-08-10 21:30:00,11.8379,1,4.3676,1,35.3676,1
2024-08-10 22:00:00,11.8365,1,4.3673,1,35.3673,1
2024-08-10 22:30:00,11.8351,1,4.3670,1,35.3670,1
2024-08-10 23:00:00,11.8337,1,4.3667,1,35.3667,1
2024-08-10 23:30:00,11.8323,1,4.3665,1,35.3665,1
2024-08-11 00:00:00,11.8310,1,4.3662,1,35.3662,1
2024-08-11 00:30:00,11.8296,1,4.3659,1,35.3659,1
2024-08-11 01:00:00,11.8282,1,4.3656,1,35.3656,1
2024-08-11 01:30:00,11.8268,1,4.3654,1,35.3654,1
2024-08-11 02:00:00,11.8254,1,4.3651,1,35.3651,1
2024-08-11 02:30:00,11.8240,1,4.3648,1,35.3648,1
2024-08-11 03:00:00,11.8227,1,4.3645,1,35.3645,1
2024-08-11 03:30:00,11.8213,1,4.3643,1,35.3643,1
2024-08-11 04:00:00,11.8199,1,4.3640,1,35.3640,1
2024-08-11 04:30:00,11.8185,1,4.3637,1,35.3637,1
2024-08-11 05:00:00,11.8171,1,4.3634,1,35.3634,1
2024-08-11 05:30:00,11.8158,1,4.3632,1,35.3632,1
2024-08-11 06:00:00,11.8144,1,4.3629,1,35.3629,1
2024-08-11 06:30:00,11.8130,1,4.3626,1,35.3626,1
2024-08-11 07:00:00,11.8116,1,4.3623,1,35.3623,1
2024-08-11 07:30:00,11.8102,1,4.3620,1,35.3620,1
2024-08-11 08:00:00,11.8089,1,4.3618,1,35.3618,1
2024-08-11 08:30:00,11.8075,1,4.3615,1,35.3615,1
2024-08-11 09:00:00,11.8061,1,4.3612,1,35.3612,1
2024-08-11 09:30:00,11.8047,1,4.3609,1,35.3609,1
2024-08-11 10:00:00,11.8034,1,4.3607,1,35.3607,1
2024-08-11 10:30:00,11.8020,1,4.3604,1,35.3604,1
2024-08-11 11:00:00,11.8006,1,4.3601,1,35.3601,1
2024-08-11 11:30:00,11.7992,1,4.3598,1,35.3598,1
2024-08-11 12:00:00,11.7979,1,4.3596,1,35.3596,1
2024-08-11 12:30:00,11.7965,1,4.3593,1,35.3593,1
2024-08-11 13:00:00,11.7951,1,4.3590,1,35.3590,1
2024-08-11 13:30:00,11.7938,1,4.3588,1,35.3588,1
2024-08-11 14:00:00,11.7924,1,4.3585,1,35.3585,1
2024-08-11 14:30:00,11.7910,1,4.3582,1,35.3582,1
2024-08-11 15:00:00,11.7896,1,4.3579,1,35.3579,1
2024-08-11 15:30:00,11.7883,1,4.3577,1,35.3577,1
2024-08-11 16:00:00,11.7869,1,4.3574,1,35.3574,1
2024-08-11 16:30:00,11.7855,1,4.3571,1,35.3571,1
2024-08-11 17:00:00,11.7842,1,4.3568,1,35.3568,1
2024-08-11 17:30:00,11.7828,1,4.3566,1,35.3566,1
2024-08-11 18:00:00,11.7814,1,4.3563,1,35.3563,1
2024-08-11 18:30:00,11.7801,1,4.3560,1,35.3560,1
2024-08-11 19:00:00,11.7787,1,4.3557,1,35.3557,1
2024-08-11 19:30:00,11.7773,1,4.3555,1,35.3555,1
2024-08-11 20:00:00,11.7760,1,4.3552,1,35.3552,1
2024-08-11 20:30:00,11.7746,1,4.3549,1,35.3549,1
2024-08-11 21:00:00,11.7732,1,4.3546,1,35.3546,1
2024-08-11 21:30:00,11.7719,1,4.3544,1,35.3544,1
2024-08-11 22:00:00,11.7705,1,4.3541,1,35.3541,1
2024-08-11 22:30:00,11.7691,1,4.3538,1,35.3538,1
2024-08-11 23:00:00,11.7678,1,4.3536,1,35.3536,1
2024-08-11 23:30:00,11.7664,1,4.3533,1,35.3533,1
2024-08-12 00:00:00,11.7650,1,4.3530,1,35.3530,1
2024-08-12 00:30:00,11.7637,1,4.3527,1,35.3527,1
2024-08-12 01:00:00,11.7623,1,4.3525,1,35.3525,1
2024-08-12 01:30:00,11.7609,1,4.3522,1,35.3522,1
2024-08-12 02:00:00,11.7596,1,4.3519,1,35.3519,1
2024-08-12 02:30:00,11.7582,1,4.3516,1,35.3516,1
2024-08-12 03:00:00,11.7569,1,4.3514,1,35.3514,1
2024-08-12 03:30:00,11.7555,1,4.3511,1,35.3511,1
2024-08-12 04:00:00,11.7541,1,4.3508,1,35.3508,1
2024-08-12 04:30:00,11.7528,1,4.3506,1,35.3506,1
2024-08-12 05:00:00,11.7514,1,4.3503,1,35.3503,1
2024-08-12 05:30:00,11.7501,1,4.3500,1,35.3500,1
2024-08-12 06:00:00,11.7487,1,4.3497,1,35.3497,1
2024-08-12 06:30:00,11.7473,1,4.3495,1,35.3495,1
2024-08-12 07:00:00,11.7460,1,4.3492,1,35.3492,1
2024-08-12 07:30:00,11.7446,1,4.3489,1,35.3489,1
2024-08-12 08:00:00,11.7433,1,4.3487,1,35.3487,1
2024-08-12 08:30:00,11.7419,1,4.3484,1,35.3484,1
2024-08-12 09:00:00,11.7406,1,4.3481,1,35.3481,1
2024-08-12 09:30:00,11.7392,1,4.3478,1,35.3478,1
2024-08-12 10:00:00,11.7378,1,4.3476,1,35.3476,1
2024-08-12 10:30:00,11.7365,1,4.3473,1,35.3473,1
2024-08-12 11:00:00,11.7351,1,4.3470,1,35.3470,1
2024-08-12 11:30:00,11.7338,1,4.3468,1,35.3468,1
2024-08-12 12:00:00,11.7324,1,4.3465,1,35.3465,1
2024-08-12 12:30:00,11.7311,1,4.3462,1,35.3462,1
2024-08-12 13:00:00,11.7297,1,4.3459,1,35.3459,1
2024-08-12 13:30:00,11.7284,1,4.3457,1,35.3457,1
2024-08-12 14:00:00,11.7270,1,4.3454,1,35.3454,1
2024-08-12 14:30:00,11.7257,1,4.3451,1,35.3451,1
2024-08-12 15:00:00,11.7243,1,4.3449,1,35.3449,1
2024-08-12 15:30:00,11.7230,1,4.3446,1,35.3446,1
2024-08-12 16:00:00,11.7216,1,4.3443,1,35.3443,1
2024-08-12 16:30:00,11.7203,1,4.3441,1,35.3441,1
2024-08-12 17:00:00,11.7189,1,4.3438,1,35.3438,1
2024-08-12 17:30:00,11.7176,1,4.3435,1,35.3435,1
2024-08-12 18:00:00,11.7162,1,4.3432,1,35.3432,1
2024-08-12 18:30:00,11.7149,1,4.3430,1,35.3430,1
2024-08-12 19:00:00,11.7135,1,4.3427,1,35.3427,1
2024-08-12 19:30:00,11.7122,1,4.3424,1,35.3424,1
2024-08-12 20:00:00,11.7108,1,4.3422,1,35.3422,1
2024-08-12 20:30:00,11.7095,1,4.3419,1,35.3419,1
2024-08-12 21:00:00,11.7081,1,4.3416,1,35.3416,1
2024-08-12 21:30:00,11.7068,1,4.3414,1,35.3414,1
2024-08-12 22:00:00,11.7054,1,4.3411,1,35.3411,1
2024-08-12 22:30:00,11.7041,1,4.3408,1,35.3408,1
2024-08-12 23:00:00,11.7028,1,4.3406,1,35.3406,1
2024-08-12 23:30:00,11.7014,1,4.3403,1,35.3403,1
2024-08-13 00:00:00,11.7001,1,4.3400,1,35.3400,1
2024-08-13 00:30:00,11.6987,1,4.3397,1,35.3397,1
2024-08-13 01:00:00,11.6974,1,4.3395,1,35.3395,1
2024-08-13 01:30:00,11.6960,1,4.3392,1,35.3392,1
2024-08-13 02:00:00,11.6947,1,4.3389,1,35.3389,1
2024-08-13 02:30:00,11.6934,1,4.3387,1,35.3387,1
2024-08-13 03:00:00,11.6920,1,4.3384,1,35.3384,1
2024-08-13 03:30:00,11.6907,1,4.3381,1,35.3381,1
2024-08-13 04:00:00,11.6893,1,4.3379,1,35.3379,1
2024-08-13 04:30:00,11.6880,1,4.3376,1,35.3376,1
2024-08-13 05:00:00,11.6867,1,4.3373,1,35.3373,1
2024-08-13 05:30:00,11.6853,1,4.3371,1,35.3371,1
2024-08-13 06:00:00,11.6840,1,4.3368,1,35.3368,1
2024-08-13 06:30:00,11.6826,1,4.3365,1,35.3365,1
2024-08-13 07:00:00,11.6813,1,4.3363,1,35.3363,1
2024-08-13 07:30:00,11.6800,1,4.3360,1,35.3360,1
2024-08-13 08:00:00,11.6786,1,4.3357,1,35.3357,1
2024-08-13 08:30:00,11.6773,1,4.3355,1,35.3355,1
2024-08-13 09:00:00,11.6760,1,4.3352,1,35.3352,1
2024-08-13 09:30:00,11.6746,1,4.3349,1,35.3349,1
2024-08-13 10:00:00,11.6733,1,4.3347,1,35.3347,1
2024-08-13 10:30:00,11.6719,1,4.3344,1,35.3344,1
2024-08-13 11:00:00,11.6706,1,4.3341,1,35.3341,1
2024-08-13 11:30:00,11.6693,1,4.3339,1,35.3339,1
2024-08-13 12:00:00,11.6679,1,4.3336,1,35.3336,1
2024-08-13 12:30:00,11.6666,1,4.3333,1,35.3333,1
2024-08-13 13:00:00,11.6653,1,4.3331,1,35.3331,1
2024-08-13 13:30:00,11.6639,1,4.3328,1,35.3328,1
2024-08-13 14:00:00,11.6626,1,4.3325,1,35.3325,1
2024-08-13 14:30:00,11.6613,1,4.3323,1,35.3323,1
2024-08-13 15:00:00,11.6600,1,4.3320,1,35.3320,1
2024-08-13 15:30:00,11.6586,1,4.3317,1,35.3317,1
2024-08-13 16:00:00,11.6573,1,4.3315,1,35.3315,1
2024-08-13 16:30:00,11.6560,1,4.3312,1,35.3312,1
2024-08-13 17:00:00,11.6546,1,4.3309,1,35.3309,1
2024-08-13 17:30:00,11.6533,1,4.3307,1,35.3307,1
2024-08-13 18:00:00,11.6520,1,4.3304,1,35.3304,1
2024-08-13 18:30:00,11.6506,1,4.3301,1,35.3301,1
2024-08-13 19:00:00,11.6493,1,4.3299,1,35.3299,1
2024-08-13 19:30:00,11.6480,1,4.3296,1,35.3296,1
2024-08-13 20:00:00,11.6467,1,4.3293,1,35.3293,1
2024-08-13 20:30:00,11.6453,1,4.3291,1,35.3291,1
2024-08-13 21:00:00,11.6440,1,4.3288,1,35.3288,1
2024-08-13 21:30:00,11.6427,1,4.3285,1,35.3285,1
2024-08-13 22:00:00,11.6414,1,4.3283,1,35.3283,1
2024-08-13 22:30:00,11.6400,1,4.3280,1,35.3280,1
2024-08-13 23:00:00,11.6387,1,4.3277,1,35.3277,1
2024-08-13 23:30:00,11.6374,1,4.3275,1,35.3275,1
2024-08-14 00:00:00,11.6361,1,4.3272,1,35.3272,1
2024-08-14 00:30:00,11.6347,1,4.3269,1,35.3269,1
2024-08-14 01:00:00,11.6334,1,4.3267,1,35.3267,1
2024-08-14 01:30:00,11.6321,1,4.3264,1,35.3264,1
2024-08-14 02:00:00,11.6308,1,4.3262,1,35.3262,1
2024-08-14 02:30:00,11.6295,1,4.3259,1,35.3259,1
2024-08-14 03:00:00,11.6281,1,4.3256,1,35.3256,1
2024-08-14 03:30:00,11.6268,1,4.3254,1,35.3254,1
2024-08-14 04:00:00,11.6255,1,4.3251,1,35.3251,1
2024-08-14 04:30:00,11.6242,1,4.3248,1,35.3248,1
2024-08-14 05:00:00,11.6229,1,4.3246,1,35.3246,1
2024-08-14 05:30:00,11.6215,1,4.3243,1,35.3243,1
2024-08-14 06:00:00,11.6202,1,4.3240,1,35.3240,1
2024-08-14 06:30:00,11.6189,1,4.3238,1,35.3238,1
2024-08-14 07:00:00,11.6176,1,4.3235,1,35.3235,1
2024-08-14 07:30:00,11.6163,1,4.3233,1,35.3233,1
2024-08-14 08:00:00,11.6150,1,4.3230,1,35.3230,1
2024-08-14 08:30:00,11.6136,1,4.3227,1,35.3227,1
2024-08-14 09:00:00,11.6123,1,4.3225,1,35.3225,1
2024-08-14 09:30:00,11.6110,1,4.3222,1,35.3222,1
2024-08-14 10:00:00,11.6097,1,4.3219,1,35.3219,1
2024-08-14 10:30:00,11.6084,1,4.3217,1,35.3217,1
2024-08-14 11:00:00,11.6071,1,4.3214,1,35.3214,1
2024-08-14 11:30:00,11.6058,1,4.3212,1,35.3212,1
2024-08-14 12:00:00,11.6044,1,4.3209,1,35.3209,1
2024-08-14 12:30:00,11.6031,1,4.3206,1,35.3206,1
2024-08-14 13:00:00,11.6018,1,4.3204,1,35.3204,1
2024-08-14 13:30:00,11.6005,1,4.3201,1,35.3201,1
2024-08-14 14:00:00,11.5992,1,4.3198,1,35.3198,1
2024-08-14 14:30:00,11.5979,1,4.3196,1,35.3196,1
2024-08-14 15:00:00,11.5966,1,4.3193,1,35.3193,1
2024-08-14 15:30:00,11.5953,1,4.3191,1,35.3191,1
2024-08-14 16:00:00,11.5940,1,4.3188,1,35.3188,1
2024-08-14 16:30:00,11.5927,1,4.3185,1,35.3185,1
2024-08-14 17:00:00,11.5913,1,4.3183,1,35.3183,1
2024-08-14 17:30:00,11.5900,1,4.3180,1,35.3180,1
2024-08-14 18:00:00,11.5887,1,4.3177,1,35.3177,1
2024-08-14 18:30:00,11.5874,1,4.3175,1,35.3175,1
2024-08-14 19:00:00,11.5861,1,4.3172,1,35.3172,1
2024-08-14 19:30:00,11.5848,1,4.3170,1,35.3170,1
2024-08-14 20:00:00,11.5835,1,4.3167,1,35.3167,1
2024-08-14 20:30:00,11.5822,1,4.3164,1,35.3164,1
2024-08-14 21:00:00,11.5809,1,4.3162,1,35.3162,1
2024-08-14 21:30:00,11.5796,1,4.3159,1,35.3159,1
2024-08-14 22:00:00,11.5783,1,4.3157,1,35.3157,1
2024-08-14 22:30:00,11.5770,1,4.3154,1,35.3154,1
2024-08-14 23:00:00,11.5757,1,4.3151,1,35.3151,1
2024-08-14 23:30:00,11.5744,1,4.3149,1,35.3149,1
2024-08-15 00:00:00,11.5731,1,4.3146,1,35.3146,1
2024-08-15 00:30:00,11.5718,1,4.3144,1,35.3144,1
2024-08-15 01:00:00,11.5705,1,4.3141,1,35.3141,1
2024-08-15 01:30:00,11.5692,1,4.3138,1,35.3138,1
2024-08-15 02:00:00,11.5679,1,4.3136,1,35.3136,1
2024-08-15 02:30:00,11.5666,1,4.3133,1,35.3133,1
2024-08-15 03:00:00,11.5653,1,4.3131,1,35.3131,1
2024-08-15 03:30:00,11.5640,1,4.3128,1,35.3128,1
2024-08-15 04:00:00,11.5627,1,4.3125,1,35.3125,1
2024-08-15 04:30:00,11.5614,1,4.3123,1,35.3123,1
2024-08-15 05:00:00,11.5601,1,4.3120,1,35.3120,1
2024-08-15 05:30:00,11.5588,1,4.3118,1,35.3118,1
2024-08-15 06:00:00,11.5575,1,4.3115,1,35.3115,1
2024-08-15 06:30:00,11.5562,1,4.3112,1,35.3112,1
2024-08-15 07:00:00,11.5549,1,4.3110,1,35.3110,1
2024-08-15 07:30:00,11.5536,1,4.3107,1,35.3107,1
2024-08-15 08:00:00,11.5523,1,4.3105,1,35.3105,1
2024-08-15 08:30:00,11.5510,1,4.3102,1,35.3102,1
2024-08-15 09:00:00,11.5497,1,4.3099,1,35.3099,1
2024-08-15 09:30:00,11.5484,1,4.3097,1,35.3097,1
2024-08-15 10:00:00,11.5471,1,4.3094,1,35.3094,1
2024-08-15 10:30:00,11.5458,1,4.3092,1,35.3092,1
2024-08-15 11:00:00,11.5445,1,4.3089,1,35.3089,1
2024-08-15 11:30:00,11.5432,1,4.3086,1,35.3086,1
2024-08-15 12:00:00,11.5419,1,4.3084,1,35.3084,1
2024-08-15 12:30:00,11.5407,1,4.3081,1,35.3081,1
2024-08-15 13:00:00,11.5394,1,4.3079,1,35.3079,1
2024-08-15 13:30:00,11.5381,1,4.3076,1,35.3076,1
2024-08-15 14:00:00,11.5368,1,4.3074,1,35.3074,1
2024-08-15 14:30:00,11.5355,1,4.3071,1,35.3071,1
2024-08-15 15:00:00,11.5342,1,4.3068,1,35.3068,1
2024-08-15 15:30:00,11.5329,1,4.3066,1,35.3066,1
2024-08-15 16:00:00,11.5316,1,4.3063,1,35.3063,1
2024-08-15 16:30:00,11.5303,1,4.3061,1,35.3061,1
2024-08-15 17:00:00,11.5291,1,4.3058,1,35.3058,1
2024-08-15 17:30:00,11.5278,1,4.3056,1,35.3056,1
2024-08-15 18:00:00,11.5265,1,4.3053,1,35.3053,1
2024-08-15 18:30:00,11.5252,1,4.3050,1,35.3050,1
2024-08-15 19:00:00,11.5239,1,4.3048,1,35.3048,1
2024-08-15 19:30:00,11.5226,1,4.3045,1,35.3045,1
2024-08-15 20:00:00,11.5213,1,4.3043,1,35.3043,1
2024-08-15 20:30:00,11.5201,1,4.3040,1,35.3040,1
2024-08-15 21:00:00,11.5188,1,4.3038,1,35.3038,1
2024-08-15 21:30:00,11.5175,1,4.3035,1,35.3035,1
2024-08-15 22:00:00,11.5162,1,4.3032,1,35.3032,1
2024-08-15 22:30:00,11.5149,1,4.3030,1,35.3030,1
2024-08-15 23:00:00,11.5136,1,4.3027,1,35.3027,1
2024-08-15 23:30:00,11.5124,1,4.3025,1,35.3025,1
2024-08-16 00:00:00,11.5111,1,4.3022,1,35.3022,1
2024-08-16 00:30:00,11.5098,1,4.3020,1,35.3020,1
2024-08-16 01:00:00,11.5085,1,4.3017,1,35.3017,1
2024-08-16 01:30:00,11.5072,1,4.3014,1,35.3014,1
2024-08-16 02:00:00,11.5060,1,4.3012,1,35.3012,1
2024-08-16 02:30:00,11.5047,1,4.3009,1,35.3009,1
2024-08-16 03:00:00,11.5034,1,4.3007,1,35.3007,1
2024-08-16 03:30:00,11.5021,1,4.3004,1,35.3004,1
2024-08-16 04:00:00,11.5008,1,4.3002,1,35.3002,1
2024-08-16 04:30:00,11.4996,1,4.2999,1,35.2999,1
2024-08-16 05:00:00,11.4983,1,4.2997,1,35.2997,1
2024-08-16 05:30:00,11.4970,1,4.2994,1,35.2994,1
2024-08-16 06:00:00,11.4957,1,4.2991,1,35.2991,1
2024-08-16 06:30:00,11.4945,1,4.2989,1,35.2989,1
2024-08-16 07:00:00,11.4932,1,4.2986,1,35.2986,1
2024-08-16 07:30:00,11.4919,1,4.2984,1,35.2984,1
2024-08-16 08:00:00,11.4906,1,4.2981,1,35.2981,1
2024-08-16 08:30:00,11.4894,1,4.2979,1,35.2979,1
2024-08-16 09:00:00,11.4881,1,4.2976,1,35.2976,1
2024-08-16 09:30:00,11.4868,1,4.2974,1,35.2974,1
2024-08-16 10:00:00,11.4855,1,4.2971,1,35.2971,1
2024-08-16 10:30:00,11.4843,1,4.2969,1,35.2969,1
2024-08-16 11:00:00,11.4830,1,4.2966,1,35.2966,1
2024-08-16 11:30:00,11.4817,1,4.2963,1,35.2963,1
2024-08-16 12:00:00,11.4805,1,4.2961,1,35.2961,1
2024-08-16 12:30:00,11.4792,1,4.2958,1,35.2958,1
2024-08-16 13:00:00,11.4779,1,4.2956,1,35.2956,1
2024-08-16 13:30:00,11.4767,1,4.2953,1,35.2953,1
2024-08-16 14:00:00,11.4754,1,4.2951,1,35.2951,1
2024-08-16 14:30:00,11.4741,1,4.2948,1,35.2948,1
2024-08-16 15:00:00,11.4729,1,4.2946,1,35.2946,1
2024-08-16 15:30:00,11.4716,1,4.2943,1,35.2943,1
2024-08-16 16:00:00,11.4703,1,4.2941,1,35.2941,1
2024-08-16 16:30:00,11.4691,1,4.2938,1,35.2938,1
2024-08-16 17:00:00,11.4678,1,4.2936,1,35.2936,1
2024-08-16 17:30:00,11.4665,1,4.2933,1,35.2933,1
2024-08-16 18:00:00,11.4653,1,4.2931,1,35.2931,1
2024-08-16 18:30:00,11.4640,1,4.2928,1,35.2928,1
2024-08-16 19:00:00,11.4627,1,4.2925,1,35.2925,1
2024-08-16 19:30:00,11.4615,1,4.2923,1,35.2923,1
2024-08-16 20:00:00,11.4602,1,4.2920,1,35.2920,1
2024-08-16 20:30:00,11.4589,1,4.2918,1,35.2918,1
2024-08-16 21:00:00,11.4577,1,4.2915,1,35.2915,1
2024-08-16 21:30:00,11.4564,1,4.2913,1,35.2913,1
2024-08-16 22:00:00,11.4552,1,4.2910,1,35.2910,1
2024-08-16 22:30:00,11.4539,1,4.2908,1,35.2908,1
2024-08-16 23:00:00,11.4526,1,4.2905,1,35.2905,1
2024-08-16 23:30:00,11.4514,1,4.2903,1,35.2903,1
2024-08-17 00:00:00,11.4501,1,4.2900,1,35.2900,1
2024-08-17 00:30:00,11.4489,1,4.2898,1,35.2898,1
2024-08-17 01:00:00,11.4476,1,4.2895,1,35.2895,1
2024-08-17 01:30:00,11.4463,1,4.2893,1,35.2893,1
2024-08-17 02:00:00,11.4451,1,4.2890,1,35.2890,1
2024-08-17 02:30:00,11.4438,1,4.2888,1,35.2888,1
2024-08-17 03:00:00,11.4426,1,4.2885,1,35.2885,1
2024-08-17 03:30:00,11.4413,1,4.2883,1,35.2883,1
2024-08-17 04:00:00,11.4401,1,4.2880,1,35.2880,1
2024-08-17 04:30:00,11.4388,1,4.2878,1,35.2878,1
2024-08-17 05:00:00,11.4375,1,4.2875,1,35.2875,1
2024-08-17 05:30:00,11.4363,1,4.2873,1,35.2873,1
2024-08-17 06:00:00,11.4350,1,4.2870,1,35.2870,1
2024-08-17 06:30:00,11.4338,1,4.2868,1,35.2868,1
2024-08-17 07:00:00,11.4325,1,4.2865,1,35.2865,1
2024-08-17 07:30:00,11.4313,1,4.2863,1,35.2863,1
2024-08-17 08:00:00,11.4300,1,4.2860,1,35.2860,1
2024-08-17 08:30:00,11.4288,1,4.2858,1,35.2858,1
2024-08-17 09:00:00,11.4275,1,4.2855,1,35.2855,1
2024-08-17 09:30:00,11.4263,1,4.2853,1,35.2853,1
2024-08-17 10:00:00,11.4250,1,4.2850,1,35.2850,1
2024-08-17 10:30:00,11.4238,1,4.2848,1,35.2848,1
2024-08-17 11:00:00,11.4225,1,4.2845,1,35.2845,1
2024-08-17 11:30:00,11.4213,1,4.2843,1,35.2843,1
2024-08-17 12:00:00,11.4200,1,4.2840,1,35.2840,1
2024-08-17 12:30:00,11.4188,1,4.2838,1,35.2838,1
2024-08-17 13:00:00,11.4175,1,4.2835,1,35.2835,1
2024-08-17 13:30:00,11.4163,1,4.2833,1,35.2833,1
2024-08-17 14:00:00,11.4150,1,4.2830,1,35.2830,1
2024-08-17 14:30:00,11.4138,1,4.2828,1,35.2828,1
2024-08-17 15:00:00,11.4125,1,4.2825,1,35.2825,1
2024-08-17 15:30:00,11.4113,1,4.2823,1,35.2823,1
2024-08-17 16:00:00,11.4100,1,4.2820,1,35.2820,1
2024-08-17 16:30:00,11.4088,1,4.2818,1,35.2818,1
2024-08-17 17:00:00,11.4076,1,4.2815,1,35.2815,1
2024-08-17 17:30:00,11.4063,1,4.2813,1,35.2813,1
2024-08-17 18:00:00,11.4051,1,4.2810,1,35.2810,1
2024-08-17 18:30:00,11.4038,1,4.2808,1,35.2808,1
2024-08-17 19:00:00,11.4026,1,4.2805,1,35.2805,1
2024-08-17 19:30:00,11.4013,1,4.2803,1,35.2803,1
2024-08-17 20:00:00,11.4001,1,4.2800,1,35.2800,1
2024-08-17 20:30:00,11.3989,1,4.2798,1,35.2798,1
2024-08-17 21:00:00,11.3976,1,4.2795,1,35.2795,1
2024-08-17 21:30:00,11.3964,1,4.2793,1,35.2793,1
2024-08-17 22:00:00,11.3951,1,4.2790,1,35.2790,1
2024-08-17 22:30:00,11.3939,1,4.2788,1,35.2788,1
2024-08-17 23:00:00,11.3927,1,4.2785,1,35.2785,1
2024-08-17 23:30:00,11.3914,1,4.2783,1,35.2783,1
2024-08-18 00:00:00,11.3902,1,4.2780,1,35.2780,1
2024-08-18 00:30:00,11.3890,1,4.2778,1,35.2778,1
2024-08-18 01:00:00,11.3877,1,4.2775,1,35.2775,1
2024-08-18 01:30:00,11.3865,1,4.2773,1,35.2773,1
2024-08-18 02:00:00,11.3852,1,4.2770,1,35.2770,1
2024-08-18 02:30:00,11.3840,1,4.2768,1,35.2768,1
2024-08-18 03:00:00,11.3828,1,4.2766,1,35.2766,1
2024-08-18 03:30:00,11.3815,1,4.2763,1,35.2763,1
2024-08-18 04:00:00,11.3803,1,4.2761,1,35.2761,1
2024-08-18 04:30:00,11.3791,1,4.2758,1,35.2758,1
2024-08-18 05:00:00,11.3778,1,4.2756,1,35.2756,1
2024-08-18 05:30:00,11.3766,1,4.2753,1,35.2753,1
2024-08-18 06:00:00,11.3754,1,4.2751,1,35.2751,1
2024-08-18 06:30:00,11.3741,1,4.2748,1,35.2748,1
2024-08-18 07:00:00,11.3729,1,4.2746,1,35.2746,1
2024-08-18 07:30:00,11.3717,1,4.2743,1,35.2743,1
2024-08-18 08:00:00,11.3705,1,4.2741,1,35.2741,1
2024-08-18 08:30:00,11.3692,1,4.2738,1,35.2738,1
2024-08-18 09:00:00,11.3680,1,4.2736,1,35.2736,1
2024-08-18 09:30:00,11.3668,1,4.2734,1,35.2734,1
2024-08-18 10:00:00,11.3655,1,4.2731,1,35.2731,1
2024-08-18 10:30:00,11.3643,1,4.2729,1,35.2729,1
2024-08-18 11:00:00,11.3631,1,4.2726,1,35.2726,1
2024-08-18 11:30:00,11.3619,1,4.2724,1,35.2724,1
2024-08-18 12:00:00,11.3606,1,4.2721,1,35.2721,1
2024-08-18 12:30:00,11.3594,1,4.2719,1,35.2719,1
2024-08-18 13:00:00,11.3582,1,4.2716,1,35.2716,1
2024-08-18 13:30:00,11.3570,1,4.2714,1,35.2714,1
2024-08-18 14:00:00,11.3557,1,4.2711,1,35.2711,1
2024-08-18 14:30:00,11.3545,1,4.2709,1,35.2709,1
2024-08-18 15:00:00,11.3533,1,4.2707,1,35.2707,1
2024-08-18 15:30:00,11.3521,1,4.2704,1,35.2704,1
2024-08-18 16:00:00,11.3508,1,4.2702,1,35.2702,1
2024-08-18 16:30:00,11.3496,1,4.2699,1,35.2699,1
2024-08-18 17:00:00,11.3484,1,4.2697,1,35.2697,1
2024-08-18 17:30:00,11.3472,1,4.2694,1,35.2694,1
2024-08-18 18:00:00,11.3460,1,4.2692,1,35.2692,1
2024-08-18 18:30:00,11.3447,1,4.2689,1,35.2689,1
2024-08-18 19:00:00,11.3435,1,4.2687,1,35.2687,1
2024-08-18 19:30:00,11.3423,1,4.2685,1,35.2685,1
2024-08-18 20:00:00,11.3411,1,4.2682,1,35.2682,1
2024-08-18 20:30:00,11.3399,1,4.2680,1,35.2680,1
2024-08-18 21:00:00,11.3386,1,4.2677,1,35.2677,1
2024-08-18 21:30:00,11.3374,1,4.2675,1,35.2675,1
2024-08-18 22:00:00,11.3362,1,4.2672,1,35.2672,1
2024-08-18 22:30:00,11.3350,1,4.2670,1,35.2670,1
2024-08-18 23:00:00,11.3338,1,4.2668,1,35.2668,1
2024-08-18 23:30:00,11.3326,1,4.2665,1,35.2665,1
2024-08-19 00:00:00,11.3313,1,4.2663,1,35.2663,1
2024-08-19 00:30:00,11.3301,1,4.2660,1,35.2660,1
2024-08-19 01:00:00,11.3289,1,4.2658,1,35.2658,1
2024-08-19 01:30:00,11.3277,1,4.2655,1,35.2655,1
2024-08-19 02:00:00,11.3265,1,4.2653,1,35.2653,1
2024-08-19 02:30:00,11.3253,1,4.2651,1,35.2651,1
2024-08-19 03:00:00,11.3241,1,4.2648,1,35.2648,1
2024-08-19 03:30:00,11.3228,1,4.2646,1,35.2646,1
2024-08-19 04:00:00,11.3216,1,4.2643,1,35.2643,1
2024-08-19 04:30:00,11.3204,1,4.2641,1,35.2641,1
2024-08-19 05:00:00,11.3192,1,4.2638,1,35.2638,1
2024-08-19 05:30:00,11.3180,1,4.2636,1,35.2636,1
2024-08-19 06:00:00,11.3168,1,4.2634,1,35.2634,1
2024-08-19 06:30:00,11.3156,1,4.2631,1,35.2631,1
2024-08-19 07:00:00,11.3144,1,4.2629,1,35.2629,1
2024-08-19 07:30:00,11.3132,1,4.2626,1,35.2626,1
2024-08-19 08:00:00,11.3120,1,4.2624,1,35.2624,1
2024-08-19 08:30:00,11.3108,1,4.2622,1,35.2622,1
2024-08-19 09:00:00,11.3095,1,4.2619,1,35.2619,1
2024-08-19 09:30:00,11.3083,1,4.2617,1,35.2617,1
2024-08-19 10:00:00,11.3071,1,4.2614,1,35.2614,1
2024-08-19 10:30:00,11.3059,1,4.2612,1,35.2612,1
2024-08-19 11:00:00,11.3047,1,4.2609,1,35.2609,1
2024-08-19 11:30:00,11.3035,1,4.2607,1,35.2607,1
2024-08-19 12:00:00,11.3023,1,4.2605,1,35.2605,1
2024-08-19 12:30:00,11.3011,1,4.2602,1,35.2602,1
2024-08-19 13:00:00,11.2999,1,4.2600,1,35.2600,1
2024-08-19 13:30:00,11.2987,1,4.2597,1,35.2597,1
2024-08-19 14:00:00,11.2975,1,4.2595,1,35.2595,1
2024-08-19 14:30:00,11.2963,1,4.2593,1,35.2593,1
2024-08-19 15:00:00,11.2951,1,4.2590,1,35.2590,1
2024-08-19 15:30:00,11.2939,1,4.2588,1,35.2588,1
2024-08-19 16:00:00,11.2927,1,4.2585,1,35.2585,1
2024-08-19 16:30:00,11.2915,1,4.2583,1,35.2583,1
2024-08-19 17:00:00,11.2903,1,4.2581,1,35.2581,1
2024-08-19 17:30:00,11.2891,1,4.2578,1,35.2578,1
2024-08-19 18:00:00,11.2879,1,4.2576,1,35.2576,1
2024-08-19 18:30:00,11.2867,1,4.2573,1,35.2573,1
2024-08-19 19:00:00,11.2855,1,4.2571,1,35.2571,1
2024-08-19 19:30:00,11.2843,1,4.2569,1,35.2569,1
2024-08-19 20:00:00,11.2831,1,4.2566,1,35.2566,1
2024-08-19 20:30:00,11.2819,1,4.2564,1,35.2564,1
2024-08-19 21:00:00,11.2807,1,4.2561,1,35.2561,1
2024-08-19 21:30:00,11.2795,1,4.2559,1,35.2559,1
2024-08-19 22:00:00,11.2783,1,4.2557,1,35.2557,1
2024-08-19 22:30:00,11.2771,1,4.2554,1,35.2554,1
2024-08-19 23:00:00,11.2760,1,4.2552,1,35.2552,1
2024-08-19 23:30:00,11.2748,1,4.2550,1,35.2550,1
2024-08-20 00:00:00,11.2736,1,4.2547,1,35.2547,1
2024-08-20 00:30:00,11.2724,1,4.2545,1,35.2545,1
2024-08-20 01:00:00,11.2712,1,4.2542,1,35.2542,1
2024-08-20 01:30:00,11.2700,1,4.2540,1,35.2540,1
2024-08-20 02:00:00,11.2688,1,4.2538,1,35.2538,1
2024-08-20 02:30:00,11.2676,1,4.2535,1,35.2535,1
2024-08-20 03:00:00,11.2664,1,4.2533,1,35.2533,1
2024-08-20 03:30:00,11.2652,1,4.2530,1,35.2530,1
2024-08-20 04:00:00,11.2640,1,4.2528,1,35.2528,1
2024-08-20 04:30:00,11.2629,1,4.2526,1,35.2526,1
2024-08-20 05:00:00,11.2617,1,4.2523,1,35.2523,1
2024-08-20 05:30:00,11.2605,1,4.2521,1,35.2521,1
2024-08-20 06:00:00,11.2593,1,4.2519,1,35.2519,1
2024-08-20 06:30:00,11.2581,1,4.2516,1,35.2516,1
2024-08-20 07:00:00,11.2569,1,4.2514,1,35.2514,1
2024-08-20 07:30:00,11.2557,1,4.2511,1,35.2511,1
2024-08-20 08:00:00,11.2546,1,4.2509,1,35.2509,1
2024-08-20 08:30:00,11.2534,1,4.2507,1,35.2507,1
2024-08-20 09:00:00,11.2522,1,4.2504,1,35.2504,1
2024-08-20 09:30:00,11.2510,1,4.2502,1,35.2502,1
2024-08-20 10:00:00,11.2498,1,4.2500,1,35.2500,1
2024-08-20 10:30:00,11.2486,1,4.2497,1,35.2497,1
2024-08-20 11:00:00,11.2475,1,4.2495,1,35.2495,1
2024-08-20 11:30:00,11.2463,1,4.2493,1,35.2493,1
2024-08-20 12:00:00,11.2451,1,4.2490,1,35.2490,1
2024-08-20 12:30:00,11.2439,1,4.2488,1,35.2488,1
2024-08-20 13:00:00,11.2427,1,4.2485,1,35.2485,1
2024-08-20 13:30:00,11.2416,1,4.2483,1,35.2483,1
2024-08-20 14:00:00,11.2404,1,4.2481,1,35.2481,1
2024-08-20 14:30:00,11.2392,1,4.2478,1,35.2478,1
2024-08-20 15:00:00,11.2380,1,4.2476,1,35.2476,1
2024-08-20 15:30:00,11.2368,1,4.2474,1,35.2474,1
2024-08-20 16:00:00,11.2357,1,4.2471,1,35.2471,1
2024-08-20 16:30:00,11.2345,1,4.2469,1,35.2469,1
2024-08-20 17:00:00,11.2333,1,4.2467,1,35.2467,1
2024-08-20 17:30:00,11.2321,1,4.2464,1,35.2464,1
2024-08-20 18:00:00,11.2310,1,4.2462,1,35.2462,1
2024-08-20 18:30:00,11.2298,1,4.2460,1,35.2460,1
2024-08-20 19:00:00,11.2286,1,4.2457,1,35.2457,1
2024-08-20 19:30:00,11.2274,1,4.2455,1,35.2455,1
2024-08-20 20:00:00,11.2263,1,4.2453,1,35.2453,1
2024-08-20 20:30:00,11.2251,1,4.2450,1,35.2450,1
2024-08-20 21:00:00,11.2239,1,4.2448,1,35.2448,1
2024-08-20 21:30:00,11.2227,1,4.2445,1,35.2445,1
2024-08-20 22:00:00,11.2216,1,4.2443,1,35.2443,1
2024-08-20 22:30:00,11.2204,1,4.2441,1,35.2441,1
2024-08-20 23:00:00,11.2192,1,4.2438,1,35.2438,1
2024-08-20 23:30:00,11.2181,1,4.2436,1,35.2436,1
2024-08-21 00:00:00,11.2169,1,4.2434,1,35.2434,1
2024-08-21 00:30:00,11.2157,1,4.2431,1,35.2431,1
2024-08-21 01:00:00,11.2146,1,4.2429,1,35.2429,1
2024-08-21 01:30:00,11.2134,1,4.2427,1,35.2427,1
2024-08-21 02:00:00,11.2122,1,4.2424,1,35.2424,1
2024-08-21 02:30:00,11.2111,1,4.2422,1,35.2422,1
2024-08-21 03:00:00,11.2099,1,4.2420,1,35.2420,1
2024-08-21 03:30:00,11.2087,1,4.2417,1,35.2417,1
2024-08-21 04:00:00,11.2076,1,4.2415,1,35.2415,1
2024-08-21 04:30:00,11.2064,1,4.2413,1,35.2413,1
2024-08-21 05:00:00,11.2052,1,4.2410,1,35.2410,1
2024-08-21 05:30:00,11.2041,1,4.2408,1,35.2408,1
2024-08-21 06:00:00,11.2029,1,4.2406,1,35.2406,1
2024-08-21 06:30:00,11.2017,1,4.2403,1,35.2403,1
2024-08-21 07:00:00,11.2006,1,4.2401,1,35.2401,1
2024-08-21 07:30:00,11.1994,1,4.2399,1,35.2399,1
2024-08-21 08:00:00,11.1982,1,4.2396,1,35.2396,1
2024-08-21 08:30:00,11.1971,1,4.2394,1,35.2394,1
2024-08-21 09:00:00,11.1959,1,4.2392,1,35.2392,1
2024-08-21 09:30:00,11.1948,1,4.2390,1,35.2390,1
2024-08-21 10:00:00,11.1936,1,4.2387,1,35.2387,1
2024-08-21 10:30:00,11.1924,1,4.2385,1,35.2385,1
2024-08-21 11:00:00,11.1913,1,4.2383,1,35.2383,1
2024-08-21 11:30:00,11.1901,1,4.2380,1,35.2380,1
2024-08-21 12:00:00,11.1890,1,4.2378,1,35.2378,1
2024-08-21 12:30:00,11.1878,1,4.2376,1,35.2376,1
2024-08-21 13:00:00,11.1867,1,4.2373,1,35.2373,1
2024-08-21 13:30:00,11.1855,1,4.2371,1,35.2371,1
2024-08-21 14:00:00,11.1843,1,4.2369,1,35.2369,1
2024-08-21 14:30:00,11.1832,1,4.2366,1,35.2366,1
2024-08-21 15:00:00,11.1820,1,4.2364,1,35.2364,1
2024-08-21 15:30:00,11.1809,1,4.2362,1,35.2362,1
2024-08-21 16:00:00,11.1797,1,4.2359,1,35.2359,1
2024-08-21 16:30:00,11.1786,1,4.2357,1,35.2357,1
2024-08-21 17:00:00,11.1774,1,4.2355,1,35.2355,1
2024-08-21 17:30:00,11.1763,1,4.2353,1,35.2353,1
2024-08-21 18:00:00,11.1751,1,4.2350,1,35.2350,1
2024-08-21 18:30:00,11.1740,1,4.2348,1,35.2348,1
2024-08-21 19:00:00,11.1728,1,4.2346,1,35.2346,1
2024-08-21 19:30:00,11.1717,1,4.2343,1,35.2343,1
2024-08-21 20:00:00,11.1705,1,4.2341,1,35.2341,1
2024-08-21 20:30:00,11.1694,1,4.2339,1,35.2339,1
2024-08-21 21:00:00,11.1682,1,4.2336,1,35.2336,1
2024-08-21 21:30:00,11.1671,1,4.2334,1,35.2334,1
2024-08-21 22:00:00,11.1659,1,4.2332,1,35.2332,1
2024-08-21 22:30:00,11.1648,1,4.2330,1,35.2330,1
2024-08-21 23:00:00,11.1636,1,4.2327,1,35.2327,1
2024-08-21 23:30:00,11.1625,1,4.2325,1,35.2325,1
2024-08-22 00:00:00,11.1613,1,4.2323,1,35.2323,1
2024-08-22 00:30:00,11.1602,1,4.2320,1,35.2320,1
2024-08-22 01:00:00,11.1590,1,4.2318,1,35.2318,1
2024-08-22 01:30:00,11.1579,1,4.2316,1,35.2316,1
2024-08-22 02:00:00,11.1568,1,4.2314,1,35.2314,1
2024-08-22 02:30:00,11.1556,1,4.2311,1,35.2311,1
2024-08-22 03:00:00,11.1545,1,4.2309,1,35.2309,1
2024-08-22 03:30:00,11.1533,1,4.2307,1,35.2307,1
2024-08-22 04:00:00,11.1522,1,4.2304,1,35.2304,1
2024-08-22 04:30:00,11.1510,1,4.2302,1,35.2302,1
2024-08-22 05:00:00,11.1499,1,4.2300,1,35.2300,1
2024-08-22 05:30:00,11.1488,1,4.2298,1,35.2298,1
2024-08-22 06:00:00,11.1476,1,4.2295,1,35.2295,1
2024-08-22 06:30:00,11.1465,1,4.2293,1,35.2293,1
2024-08-22 07:00:00,11.1453,1,4.2291,1,35.2291,1
2024-08-22 07:30:00,11.1442,1,4.2288,1,35.2288,1
2024-08-22 08:00:00,11.1431,1,4.2286,1,35.2286,1
2024-08-22 08:30:00,11.1419,1,4.2284,1,35.2284,1
2024-08-22 09:00:00,11.1408,1,4.2282,1,35.2282,1
2024-08-22 09:30:00,11.1396,1,4.2279,1,35.2279,1
2024-08-22 10:00:00,11.1385,1,4.2277,1,35.2277,1
2024-08-22 10:30:00,11.1374,1,4.2275,1,35.2275,1
2024-08-22 11:00:00,11.1362,1,4.2272,1,35.2272,1
2024-08-22 11:30:00,11.1351,1,4.2270,1,35.2270,1
2024-08-22 12:00:00,11.1340,1,4.2268,1,35.2268,1
2024-08-22 12:30:00,11.1328,1,4.2266,1,35.2266,1
2024-08-22 13:00:00,11.1317,1,4.2263,1,35.2263,1
2024-08-22 13:30:00,11.1306,1,4.2261,1,35.2261,1
2024-08-22 14:00:00,11.1294,1,4.2259,1,35.2259,1
2024-08-22 14:30:00,11.1283,1,4.2257,1,35.2257,1
2024-08-22 15:00:00,11.1272,1,4.2254,1,35.2254,1
2024-08-22 15:30:00,11.1260,1,4.2252,1,35.2252,1
2024-08-22 16:00:00,11.1249,1,4.2250,1,35.2250,1
2024-08-22 16:30:00,11.1238,1,4.2248,1,35.2248,1
2024-08-22 17:00:00,11.1227,1,4.2245,1,35.2245,1
2024-08-22 17:30:00,11.1215,1,4.2243,1,35.2243,1
2024-08-22 18:00:00,11.1204,1,4.2241,1,35.2241,1
2024-08-22 18:30:00,11.1193,1,4.2239,1,35.2239,1
2024-08-22 19:00:00,11.1181,1,4.2236,1,35.2236,1
2024-08-22 19:30:00,11.1170,1,4.2234,1,35.2234,1
2024-08-22 20:00:00,11.1159,1,4.2232,1,35.2232,1
2024-08-22 20:30:00,11.1148,1,4.2230,1,35.2230,1
2024-08-22 21:00:00,11.1136,1,4.2227,1,35.2227,1
2024-08-22 21:30:00,11.1125,1,4.2225,1,35.2225,1
2024-08-22 22:00:00,11.1114,1,4.2223,1,35.2223,1
2024-08-22 22:30:00,11.1103,1,4.2221,1,35.2221,1
2024-08-22 23:00:00,11.1091,1,4.2218,1,35.2218,1
2024-08-22 23:30:00,11.1080,1,4.2216,1,35.2216,1
2024-08-23 00:00:00,11.1069,1,4.2214,1,35.2214,1
2024-08-23 00:30:00,11.1058,1,4.2212,1,35.2212,1
2024-08-23 01:00:00,11.1047,1,4.2209,1,35.2209,1
2024-08-23 01:30:00,11.1035,1,4.2207,1,35.2207,1
2024-08-23 02:00:00,11.1024,1,4.2205,1,35.2205,1
2024-08-23 02:30:00,11.1013,1,4.2203,1,35.2203,1
2024-08-23 03:00:00,11.1002,1,4.2200,1,35.2200,1
2024-08-23 03:30:00,11.0991,1,4.2198,1,35.2198,1
2024-08-23 04:00:00,11.0979,1,4.2196,1,35.2196,1
2024-08-23 04:30:00,11.0968,1,4.2194,1,35.2194,1
2024-08-23 05:00:00,11.0957,1,4.2191,1,35.2191,1
2024-08-23 05:30:00,11.0946,1,4.2189,1,35.2189,1
2024-08-23 06:00:00,11.0935,1,4.2187,1,35.2187,1
2024-08-23 06:30:00,11.0924,1,4.2185,1,35.2185,1
2024-08-23 07:00:00,11.0912,1,4.2182,1,35.2182,1
2024-08-23 07:30:00,11.0901,1,4.2180,1,35.2180,1
2024-08-23 08:00:00,11.0890,1,4.2178,1,35.2178,1
2024-08-23 08:30:00,11.0879,1,4.2176,1,35.2176,1
2024-08-23 09:00:00,11.0868,1,4.2174,1,35.2174,1
2024-08-23 09:30:00,11.0857,1,4.2171,1,35.2171,1
2024-08-23 10:00:00,11.0846,1,4.2169,1,35.2169,1
2024-08-23 10:30:00,11.0834,1,4.2167,1,35.2167,1
2024-08-23 11:00:00,11.0823,1,4.2165,1,35.2165,1
2024-08-23 11:30:00,11.0812,1,4.2162,1,35.2162,1
2024-08-23 12:00:00,11.0801,1,4.2160,1,35.2160,1
2024-08-23 12:30:00,11.0790,1,4.2158,1,35.2158,1
2024-08-23 13:00:00,11.0779,1,4.2156,1,35.2156,1
2024-08-23 13:30:00,11.0768,1,4.2154,1,35.2154,1
2024-08-23 14:00:00,11.0757,1,4.2151,1,35.2151,1
2024-08-23 14:30:00,11.0746,1,4.2149,1,35.2149,1
2024-08-23 15:00:00,11.0735,1,4.2147,1,35.2147,1
2024-08-23 15:30:00,11.0724,1,4.2145,1,35.2145,1
2024-08-23 16:00:00,11.0713,1,4.2143,1,35.2143,1
2024-08-23 16:30:00,11.0701,1,4.2140,1,35.2140,1
2024-08-23 17:00:00,11.0690,1,4.2138,1,35.2138,1
2024-08-23 17:30:00,11.0679,1,4.2136,1,35.2136,1
2024-08-23 18:00:00,11.0668,1,4.2134,1,35.2134,1
2024-08-23 18:30:00,11.0657,1,4.2131,1,35.2131,1
2024-08-23 19:00:00,11.0646,1,4.2129,1,35.2129,1
2024-08-23 19:30:00,11.0635,1,4.2127,1,35.2127,1
2024-08-23 20:00:00,11.0624,1,4.2125,1,35.2125,1
2024-08-23 20:30:00,11.0613,1,4.2123,1,35.2123,1
2024-08-23 21:00:00,11.0602,1,4.2120,1,35.2120,1
2024-08-23 21:30:00,11.0591,1,4.2118,1,35.2118,1
2024-08-23 22:00:00,11.0580,1,4.2116,1,35.2116,1
2024-08-23 22:30:00,11.0569,1,4.2114,1,35.2114,1
2024-08-23 23:00:00,11.0558,1,4.2112,1,35.2112,1
2024-08-23 23:30:00,11.0547,1,4.2109,1,35.2109,1
2024-08-24 00:00:00,11.0536,1,4.2107,1,35.2107,1
2024-08-24 00:30:00,11.0525,1,4.2105,1,35.2105,1
2024-08-24 01:00:00,11.0514,1,4.2103,1,35.2103,1
2024-08-24 01:30:00,11.0503,1,4.2101,1,35.2101,1
2024-08-24 02:00:00,11.0492,1,4.2098,1,35.2098,1
2024-08-24 02:30:00,11.0481,1,4.2096,1,35.2096,1
2024-08-24 03:00:00,11.0470,1,4.2094,1,35.2094,1
2024-08-24 03:30:00,11.0459,1,4.2092,1,35.2092,1
2024-08-24 04:00:00,11.0449,1,4.2090,1,35.2090,1
2024-08-24 04:30:00,11.0438,1,4.2088,1,35.2088,1
2024-08-24 05:00:00,11.0427,1,4.2085,1,35.2085,1
2024-08-24 05:30:00,11.0416,1,4.2083,1,35.2083,1
2024-08-24 06:00:00,11.0405,1,4.2081,1,35.2081,1
2024-08-24 06:30:00,11.0394,1,4.2079,1,35.2079,1
2024-08-24 07:00:00,11.0383,1,4.2077,1,35.2077,1
2024-08-24 07:30:00,11.0372,1,4.2074,1,35.2074,1
2024-08-24 08:00:00,11.0361,1,4.2072,1,35.2072,1
2024-08-24 08:30:00,11.0350,1,4.2070,1,35.2070,1
2024-08-24 09:00:00,11.0339,1,4.2068,1,35.2068,1
2024-08-24 09:30:00,11.0328,1,4.2066,1,35.2066,1
2024-08-24 10:00:00,11.0318,1,4.2064,1,35.2064,1
2024-08-24 10:30:00,11.0307,1,4.2061,1,35.2061,1
2024-08-24 11:00:00,11.0296,1,4.2059,1,35.2059,1
2024-08-24 11:30:00,11.0285,1,4.2057,1,35.2057,1
2024-08-24 12:00:00,11.0274,1,4.2055,1,35.2055,1
2024-08-24 12:30:00,11.0263,1,4.2053,1,35.2053,1
2024-08-24 13:00:00,11.0252,1,4.2050,1,35.2050,1
2024-08-24 13:30:00,11.0242,1,4.2048,1,35.2048,1
2024-08-24 14:00:00,11.0231,1,4.2046,1,35.2046,1
2024-08-24 14:30:00,11.0220,1,4.2044,1,35.2044,1
2024-08-24 15:00:00,11.0209,1,4.2042,1,35.2042,1
2024-08-24 15:30:00,11.0198,1,4.2040,1,35.2040,1
2024-08-24 16:00:00,11.0187,1,4.2037,1,35.2037,1
2024-08-24 16:30:00,11.0177,1,4.2035,1,35.2035,1
2024-08-24 17:00:00,11.0166,1,4.2033,1,35.2033,1
2024-08-24 17:30:00,11.0155,1,4.2031,1,35.2031,1
2024-08-24 18:00:00,11.0144,1,4.2029,1,35.2029,1
2024-08-24 18:30:00,11.0133,1,4.2027,1,35.2027,1
2024-08-24 19:00:00,11.0123,1,4.2025,1,35.2025,1
2024-08-24 19:30:00,11.0112,1,4.2022,1,35.2022,1
2024-08-24 20:00:00,11.0101,1,4.2020,1,35.2020,1
2024-08-24 20:30:00,11.0090,1,4.2018,1,35.2018,1
2024-08-24 21:00:00,11.0079,1,4.2016,1,35.2016,1
2024-08-24 21:30:00,11.0069,1,4.2014,1,35.2014,1
2024-08-24 22:00:00,11.0058,1,4.2012,1,35.2012,1
2024-08-24 22:30:00,11.0047,1,4.2009,1,35.2009,1
2024-08-24 23:00:00,11.0036,1,4.2007,1,35.2007,1
2024-08-24 23:30:00,11.0026,1,4.2005,1,35.2005,1
2024-08-25 00:00:00,11.0015,1,4.2003,1,35.2003,1
2024-08-25 00:30:00,11.0004,1,4.2001,1,35.2001,1
2024-08-25 01:00:00,10.9994,1,4.1999,1,35.1999,1
2024-08-25 01:30:00,10.9983,1,4.1997,1,35.1997,1
2024-08-25 02:00:00,10.9972,1,4.1994,1,35.1994,1
2024-08-25 02:30:00,10.9961,1,4.1992,1,35.1992,1
2024-08-25 03:00:00,10.9951,1,4.1990,1,35.1990,1
2024-08-25 03:30:00,10.9940,1,4.1988,1,35.1988,1
2024-08-25 04:00:00,10.9929,1,4.1986,1,35.1986,1
2024-08-25 04:30:00,10.9919,1,4.1984,1,35.1984,1
2024-08-25 05:00:00,10.9908,1,4.1982,1,35.1982,1
2024-08-25 05:30:00,10.9897,1,4.1979,1,35.1979,1
2024-08-25 06:00:00,10.9887,1,4.1977,1,35.1977,1
2024-08-25 06:30:00,10.9876,1,4.1975,1,35.1975,1
2024-08-25 07:00:00,10.9865,1,4.1973,1,35.1973,1
2024-08-25 07:30:00,10.9855,1,4.1971,1,35.1971,1
2024-08-25 08:00:00,10.9844,1,4.1969,1,35.1969,1
2024-08-25 08:30:00,10.9833,1,4.1967,1,35.1967,1
2024-08-25 09:00:00,10.9823,1,4.1965,1,35.1965,1
2024-08-25 09:30:00,10.9812,1,4.1962,1,35.1962,1
2024-08-25 10:00:00,10.9801,1,4.1960,1,35.1960,1
2024-08-25 10:30:00,10.9791,1,4.1958,1,35.1958,1
2024-08-25 11:00:00,10.9780,1,4.1956,1,35.1956,1
2024-08-25 11:30:00,10.9769,1,4.1954,1,35.1954,1
2024-08-25 12:00:00,10.9759,1,4.1952,1,35.1952,1
2024-08-25 12:30:00,10.9748,1,4.1950,1,35.1950,1
2024-08-25 13:00:00,10.9738,1,4.1948,1,35.1948,1
2024-08-25 13:30:00,10.9727,1,4.1945,1,35.1945,1
2024-08-25 14:00:00,10.9716,1,4.1943,1,35.1943,1
2024-08-25 14:30:00,10.9706,1,4.1941,1,35.1941,1
2024-08-25 15:00:00,10.9695,1,4.1939,1,35.1939,1
2024-08-25 15:30:00,10.9685,1,4.1937,1,35.1937,1
2024-08-25 16:00:00,10.9674,1,4.1935,1,35.1935,1
2024-08-25 16:30:00,10.9663,1,4.1933,1,35.1933,1
2024-08-25 17:00:00,10.9653,1,4.1931,1,35.1931,1
2024-08-25 17:30:00,10.9642,1,4.1928,1,35.1928,1
2024-08-25 18:00:00,10.9632,1,4.1926,1,35.1926,1
2024-08-25 18:30:00,10.9621,1,4.1924,1,35.1924,1
2024-08-25 19:00:00,10.9611,1,4.1922,1,35.1922,1
2024-08-25 19:30:00,10.9600,1,4.1920,1,35.1920,1
2024-08-25 20:00:00,10.9590,1,4.1918,1,35.1918,1
2024-08-25 20:30:00,10.9579,1,4.1916,1,35.1916,1
2024-08-25 21:00:00,10.9569,1,4.1914,1,35.1914,1
2024-08-25 21:30:00,10.9558,1,4.1912,1,35.1912,1
2024-08-25 22:00:00,10.9548,1,4.1910,1,35.1910,1
2024-08-25 22:30:00,10.9537,1,4.1907,1,35.1907,1
2024-08-25 23:00:00,10.9527,1,4.1905,1,35.1905,1
2024-08-25 23:30:00,10.9516,1,4.1903,1,35.1903,1
2024-08-26 00:00:00,10.9506,1,4.1901,1,35.1901,1
2024-08-26 00:30:00,10.9495,1,4.1899,1,35.1899,1
2024-08-26 01:00:00,10.9485,1,4.1897,1,35.1897,1
2024-08-26 01:30:00,10.9474,1,4.1895,1,35.1895,1
2024-08-26 02:00:00,10.9464,1,4.1893,1,35.1893,1
2024-08-26 02:30:00,10.9453,1,4.1891,1,35.1891,1
2024-08-26 03:00:00,10.9443,1,4.1889,1,35.1889,1
2024-08-26 03:30:00,10.9432,1,4.1886,1,35.1886,1
2024-08-26 04:00:00,10.9422,1,4.1884,1,35.1884,1
2024-08-26 04:30:00,10.9411,1,4.1882,1,35.1882,1
2024-08-26 05:00:00,10.9401,1,4.1880,1,35.1880,1
2024-08-26 05:30:00,10.9391,1,4.1878,1,35.1878,1
2024-08-26 06:00:00,10.9380,1,4.1876,1,35.1876,1
2024-08-26 06:30:00,10.9370,1,4.1874,1,35.1874,1
2024-08-26 07:00:00,10.9359,1,4.1872,1,35.1872,1
2024-08-26 07:30:00,10.9349,1,4.1870,1,35.1870,1
2024-08-26 08:00:00,10.9338,1,4.1868,1,35.1868,1
2024-08-26 08:30:00,10.9328,1,4.1866,1,35.1866,1
2024-08-26 09:00:00,10.9318,1,4.1864,1,35.1864,1
2024-08-26 09:30:00,10.9307,1,4.1861,1,35.1861,1
2024-08-26 10:00:00,10.9297,1,4.1859,1,35.1859,1
2024-08-26 10:30:00,10.9286,1,4.1857,1,35.1857,1
2024-08-26 11:00:00,10.9276,1,4.1855,1,35.1855,1
2024-08-26 11:30:00,10.9266,1,4.1853,1,35.1853,1
2024-08-26 12:00:00,10.9255,1,4.1851,1,35.1851,1
2024-08-26 12:30:00,10.9245,1,4.1849,1,35.1849,1
2024-08-26 13:00:00,10.9235,1,4.1847,1,35.1847,1
2024-08-26 13:30:00,10.9224,1,4.1845,1,35.1845,1
2024-08-26 14:00:00,10.9214,1,4.1843,1,35.1843,1
2024-08-26 14:30:00,10.9204,1,4.1841,1,35.1841,1
2024-08-26 15:00:00,10.9193,1,4.1839,1,35.1839,1
2024-08-26 15:30:00,10.9183,1,4.1837,1,35.1837,1
2024-08-26 16:00:00,10.9173,1,4.1835,1,35.1835,1
2024-08-26 16:30:00,10.9162,1,4.1832,1,35.1832,1
2024-08-26 17:00:00,10.9152,1,4.1830,1,35.1830,1
2024-08-26 17:30:00,10.9142,1,4.1828,1,35.1828,1
2024-08-26 18:00:00,10.9131,1,4.1826,1,35.1826,1
2024-08-26 18:30:00,10.9121,1,4.1824,1,35.1824,1
2024-08-26 19:00:00,10.9111,1,4.1822,1,35.1822,1
2024-08-26 19:30:00,10.9100,1,4.1820,1,35.1820,1
2024-08-26 20:00:00,10.9090,1,4.1818,1,35.1818,1
2024-08-26 20:30:00,10.9080,1,4.1816,1,35.1816,1
2024-08-26 21:00:00,10.9070,1,4.1814,1,35.1814,1
2024-08-26 21:30:00,10.9059,1,4.1812,1,35.1812,1
2024-08-26 22:00:00,10.9049,1,4.1810,1,35.1810,1
2024-08-26 22:30:00,10.9039,1,4.1808,1,35.1808,1
2024-08-26 23:00:00,10.9029,1,4.1806,1,35.1806,1
2024-08-26 23:30:00,10.9018,1,4.1804,1,35.1804,1
2024-08-27 00:00:00,10.9008,1,4.1802,1,35.1802,1
2024-08-27 00:30:00,10.8998,1,4.1800,1,35.1800,1
2024-08-27 01:00:00,10.8988,1,4.1798,1,35.1798,1
2024-08-27 01:30:00,10.8977,1,4.1795,1,35.1795,1
2024-08-27 02:00:00,10.8967,1,4.1793,1,35.1793,1
2024-08-27 02:30:00,10.8957,1,4.1791,1,35.1791,1
2024-08-27 03:00:00,10.8947,1,4.1789,1,35.1789,1
2024-08-27 03:30:00,10.8937,1,4.1787,1,35.1787,1
2024-08-27 04:00:00,10.8926,1,4.1785,1,35.1785,1
2024-08-27 04:30:00,10.8916,1,4.1783,1,35.1783,1
2024-08-27 05:00:00,10.8906,1,4.1781,1,35.1781,1
2024-08-27 05:30:00,10.8896,1,4.1779,1,35.1779,1
2024-08-27 06:00:00,10.8886,1,4.1777,1,35.1777,1
2024-08-27 06:30:00,10.8875,1,4.1775,1,35.1775,1
2024-08-27 07:00:00,10.8865,1,4.1773,1,35.1773,1
2024-08-27 07:30:00,10.8855,1,4.1771,1,35.1771,1
2024-08-27 08:00:00,10.8845,1,4.1769,1,35.1769,1
2024-08-27 08:30:00,10.8835,1,4.1767,1,35.1767,1
2024-08-27 09:00:00,10.8825,1,4.1765,1,35.1765,1
2024-08-27 09:30:00,10.8815,1,4.1763,1,35.1763,1
2024-08-27 10:00:00,10.8804,1,4.1761,1,35.1761,1
2024-08-27 10:30:00,10.8794,1,4.1759,1,35.1759,1
2024-08-27 11:00:00,10.8784,1,4.1757,1,35.1757,1
2024-08-27 11:30:00,10.8774,1,4.1755,1,35.1755,1
2024-08-27 12:00:00,10.8764,1,4.1753,1,35.1753,1
2024-08-27 12:30:00,10.8754,1,4.1751,1,35.1751,1
2024-08-27 13:00:00,10.8744,1,4.1749,1,35.1749,1
2024-08-27 13:30:00,10.8734,1,4.1747,1,35.1747,1
2024-08-27 14:00:00,10.8723,1,4.1745,1,35.1745,1
2024-08-27 14:30:00,10.8713,1,4.1743,1,35.1743,1
2024-08-27 15:00:00,10.8703,1,4.1741,1,35.1741,1
2024-08-27 15:30:00,10.8693,1,4.1739,1,35.1739,1
2024-08-27 16:00:00,10.8683,1,4.1737,1,35.1737,1
2024-08-27 16:30:00,10.8673,1,4.1735,1,35.1735,1
2024-08-27 17:00:00,10.8663,1,4.1733,1,35.1733,1
2024-08-27 17:30:00,10.8653,1,4.1731,1,35.1731,1
2024-08-27 18:00:00,10.8643,1,4.1729,1,35.1729,1
2024-08-27 18:30:00,10.8633,1,4.1727,1,35.1727,1
2024-08-27 19:00:00,10.8623,1,4.1725,1,35.1725,1
2024-08-27 19:30:00,10.8613,1,4.1723,1,35.1723,1
2024-08-27 20:00:00,10.8603,1,4.1721,1,35.1721,1
2024-08-27 20:30:00,10.8593,1,4.1719,1,35.1719,1
2024-08-27 21:00:00,10.8583,1,4.1717,1,35.1717,1
2024-08-27 21:30:00,10.8573,1,4.1715,1,35.1715,1
2024-08-27 22:00:00,10.8563,1,4.1713,1,35.1713,1
2024-08-27 22:30:00,10.8553,1,4.1711,1,35.1711,1
2024-08-27 23:00:00,10.8543,1,4.1709,1,35.1709,1
2024-08-27 23:30:00,10.8533,1,4.1707,1,35.1707,1
2024-08-28 00:00:00,10.8523,1,4.1705,1,35.1705,1
2024-08-28 00:30:00,10.8513,1,4.1703,1,35.1703,1
2024-08-28 01:00:00,10.8503,1,4.1701,1,35.1701,1
2024-08-28 01:30:00,10.8493,1,4.1699,1,35.1699,1
2024-08-28 02:00:00,10.8483,1,4.1697,1,35.1697,1
2024-08-28 02:30:00,10.8473,1,4.1695,1,35.1695,1
2024-08-28 03:00:00,10.8463,1,4.1693,1,35.1693,1
2024-08-28 03:30:00,10.8453,1,4.1691,1,35.1691,1
2024-08-28 04:00:00,10.8443,1,4.1689,1,35.1689,1
2024-08-28 04:30:00,10.8433,1,4.1687,1,35.1687,1
2024-08-28 05:00:00,10.8423,1,4.1685,1,35.1685,1
2024-08-28 05:30:00,10.8413,1,4.1683,1,35.1683,1
2024-08-28 06:00:00,10.8403,1,4.1681,1,35.1681,1
2024-08-28 06:30:00,10.8393,1,4.1679,1,35.1679,1
2024-08-28 07:00:00,10.8383,1,4.1677,1,35.1677,1
2024-08-28 07:30:00,10.8374,1,4.1675,1,35.1675,1
2024-08-28 08:00:00,10.8364,1,4.1673,1,35.1673,1
2024-08-28 08:30:00,10.8354,1,4.1671,1,35.1671,1
2024-08-28 09:00:00,10.8344,1,4.1669,1,35.1669,1
2024-08-28 09:30:00,10.8334,1,4.1667,1,35.1667,1
2024-08-28 10:00:00,10.8324,1,4.1665,1,35.1665,1
2024-08-28 10:30:00,10.8314,1,4.1663,1,35.1663,1
2024-08-28 11:00:00,10.8304,1,4.1661,1,35.1661,1
2024-08-28 11:30:00,10.8294,1,4.1659,1,35.1659,1
2024-08-28 12:00:00,10.8285,1,4.1657,1,35.1657,1
2024-08-28 12:30:00,10.8275,1,4.1655,1,35.1655,1
2024-08-28 13:00:00,10.8265,1,4.1653,1,35.1653,1
2024-08-28 13:30:00,10.8255,1,4.1651,1,35.1651,1
2024-08-28 14:00:00,10.8245,1,4.1649,1,35.1649,1
2024-08-28 14:30:00,10.8235,1,4.1647,1,35.1647,1
2024-08-28 15:00:00,10.8226,1,4.1645,1,35.1645,1
2024-08-28 15:30:00,10.8216,1,4.1643,1,35.1643,1
2024-08-28 16:00:00,10.8206,1,4.1641,1,35.1641,1
2024-08-28 16:30:00,10.8196,1,4.1639,1,35.1639,1
2024-08-28 17:00:00,10.8186,1,4.1637,1,35.1637,1
2024-08-28 17:30:00,10.8176,1,4.1635,1,35.1635,1
2024-08-28 18:00:00,10.8167,1,4.1633,1,35.1633,1
2024-08-28 18:30:00,10.8157,1,4.1631,1,35.1631,1
2024-08-28 19:00:00,10.8147,1,4.1629,1,35.1629,1
2024-08-28 19:30:00,10.8137,1,4.1627,1,35.1627,1
2024-08-28 20:00:00,10.8128,1,4.1626,1,35.1626,1
2024-08-28 20:30:00,10.8118,1,4.1624,1,35.1624,1
2024-08-28 21:00:00,10.8108,1,4.1622,1,35.1622,1
2024-08-28 21:30:00,10.8098,1,4.1620,1,35.1620,1
2024-08-28 22:00:00,10.8088,1,4.1618,1,35.1618,1
2024-08-28 22:30:00,10.8079,1,4.1616,1,35.1616,1
2024-08-28 23:00:00,10.8069,1,4.1614,1,35.1614,1
2024-08-28 23:30:00,10.8059,1,4.1612,1,35.1612,1
2024-08-29 00:00:00,10.8050,1,4.1610,1,35.1610,1
2024-08-29 00:30:00,10.8040,1,4.1608,1,35.1608,1
2024-08-29 01:00:00,10.8030,1,4.1606,1,35.1606,1
2024-08-29 01:30:00,10.8020,1,4.1604,1,35.1604,1
2024-08-29 02:00:00,10.8011,1,4.1602,1,35.1602,1
2024-08-29 02:30:00,10.8001,1,4.1600,1,35.1600,1
2024-08-29 03:00:00,10.7991,1,4.1598,1,35.1598,1
2024-08-29 03:30:00,10.7982,1,4.1596,1,35.1596,1
2024-08-29 04:00:00,10.7972,1,4.1594,1,35.1594,1
2024-08-29 04:30:00,10.7962,1,4.1592,1,35.1592,1
2024-08-29 05:00:00,10.7952,1,4.1590,1,35.1590,1
2024-08-29 05:30:00,10.7943,1,4.1589,1,35.1589,1
2024-08-29 06:00:00,10.7933,1,4.1587,1,35.1587,1
2024-08-29 06:30:00,10.7923,1,4.1585,1,35.1585,1
2024-08-29 07:00:00,10.7914,1,4.1583,1,35.1583,1
2024-08-29 07:30:00,10.7904,1,4.1581,1,35.1581,1
2024-08-29 08:00:00,10.7895,1,4.1579,1,35.1579,1
2024-08-29 08:30:00,10.7885,1,4.1577,1,35.1577,1
2024-08-29 09:00:00,10.7875,1,4.1575,1,35.1575,1
2024-08-29 09:30:00,10.7866,1,4.1573,1,35.1573,1
2024-08-29 10:00:00,10.7856,1,4.1571,1,35.1571,1
2024-08-29 10:30:00,10.7846,1,4.1569,1,35.1569,1
2024-08-29 11:00:00,10.7837,1,4.1567,1,35.1567,1
2024-08-29 11:30:00,10.7827,1,4.1565,1,35.1565,1
2024-08-29 12:00:00,10.7818,1,4.1564,1,35.1564,1
2024-08-29 12:30:00,10.7808,1,4.1562,1,35.1562,1
2024-08-29 13:00:00,10.7798,1,4.1560,1,35.1560,1
2024-08-29 13:30:00,10.7789,1,4.1558,1,35.1558,1
2024-08-29 14:00:00,10.7779,1,4.1556,1,35.1556,1
2024-08-29 14:30:00,10.7770,1,4.1554,1,35.1554,1
2024-08-29 15:00:00,10.7760,1,4.1552,1,35.1552,1
2024-08-29 15:30:00,10.7750,1,4.1550,1,35.1550,1
2024-08-29 16:00:00,10.7741,1,4.1548,1,35.1548,1
2024-08-29 16:30:00,10.7731,1,4.1546,1,35.1546,1
2024-08-29 17:00:00,10.7722,1,4.1544,1,35.1544,1
2024-08-29 17:30:00,10.7712,1,4.1542,1,35.1542,1
2024-08-29 18:00:00,10.7703,1,4.1541,1,35.1541,1
2024-08-29 18:30:00,10.7693,1,4.1539,1,35.1539,1
2024-08-29 19:00:00,10.7684,1,4.1537,1,35.1537,1
2024-08-29 19:30:00,10.7674,1,4.1535,1,35.1535,1
2024-08-29 20:00:00,10.7665,1,4.1533,1,35.1533,1
2024-08-29 20:30:00,10.7655,1,4.1531,1,35.1531,1
2024-08-29 21:00:00,10.7646,1,4.1529,1,35.1529,1
2024-08-29 21:30:00,10.7636,1,4.1527,1,35.1527,1
2024-08-29 22:00:00,10.7627,1,4.1525,1,35.1525,1
2024-08-29 22:30:00,10.7617,1,4.1523,1,35.1523,1
2024-08-29 23:00:00,10.7608,1,4.1522,1,35.1522,1
2024-08-29 23:30:00,10.7598,1,4.1520,1,35.1520,1
2024-08-30 00:00:00,10.7589,1,4.1518,1,35.1518,1
2024-08-30 00:30:00,10.7579,1,4.1516,1,35.1516,1
2024-08-30 01:00:00,10.7570,1,4.1514,1,35.1514,1
2024-08-30 01:30:00,10.7560,1,4.1512,1,35.1512,1
2024-08-30 02:00:00,10.7551,1,4.1510,1,35.1510,1
2024-08-30 02:30:00,10.7541,1,4.1508,1,35.1508,1
2024-08-30 03:00:00,10.7532,1,4.1506,1,35.1506,1
2024-08-30 03:30:00,10.7523,1,4.1505,1,35.1505,1
2024-08-30 04:00:00,10.7513,1,4.1503,1,35.1503,1
2024-08-30 04:30:00,10.7504,1,4.1501,1,35.1501,1
2024-08-30 05:00:00,10.7494,1,4.1499,1,35.1499,1
2024-08-30 05:30:00,10.7485,1,4.1497,1,35.1497,1
2024-08-30 06:00:00,10.7475,1,4.1495,1,35.1495,1
2024-08-30 06:30:00,10.7466,1,4.1493,1,35.1493,1
2024-08-30 07:00:00,10.7457,1,4.1491,1,35.1491,1
2024-08-30 07:30:00,10.7447,1,4.1489,1,35.1489,1
2024-08-30 08:00:00,10.7438,1,4.1488,1,35.1488,1
2024-08-30 08:30:00,10.7428,1,4.1486,1,35.1486,1
2024-08-30 09:00:00,10.7419,1,4.1484,1,35.1484,1
2024-08-30 09:30:00,10.7410,1,4.1482,1,35.1482,1
2024-08-30 10:00:00,10.7400,1,4.1480,1,35.1480,1
2024-08-30 10:30:00,10.7391,1,4.1478,1,35.1478,1
2024-08-30 11:00:00,10.7382,1,4.1476,1,35.1476,1
2024-08-30 11:30:00,10.7372,1,4.1474,1,35.1474,1
2024-08-30 12:00:00,10.7363,1,4.1473,1,35.1473,1
2024-08-30 12:30:00,10.7354,1,4.1471,1,35.1471,1
2024-08-30 13:00:00,10.7344,1,4.1469,1,35.1469,1
2024-08-30 13:30:00,10.7335,1,4.1467,1,35.1467,1
2024-08-30 14:00:00,10.7326,1,4.1465,1,35.1465,1
2024-08-30 14:30:00,10.7316,1,4.1463,1,35.1463,1
2024-08-30 15:00:00,10.7307,1,4.1461,1,35.1461,1
2024-08-30 15:30:00,10.7298,1,4.1460,1,35.1460,1
2024-08-30 16:00:00,10.7288,1,4.1458,1,35.1458,1
2024-08-30 16:30:00,10.7279,1,4.1456,1,35.1456,1
2024-08-30 17:00:00,10.7270,1,4.1454,1,35.1454,1
2024-08-30 17:30:00,10.7261,1,4.1452,1,35.1452,1
2024-08-30 18:00:00,10.7251,1,4.1450,1,35.1450,1
2024-08-30 18:30:00,10.7242,1,4.1448,1,35.1448,1
2024-08-30 19:00:00,10.7233,1,4.1447,1,35.1447,1
2024-08-30 19:30:00,10.7223,1,4.1445,1,35.1445,1
2024-08-30 20:00:00,10.7214,1,4.1443,1,35.1443,1
2024-08-30 20:30:00,10.7205,1,4.1441,1,35.1441,1
2024-08-30 21:00:00,10.7196,1,4.1439,1,35.1439,1
2024-08-30 21:30:00,10.7186,1,4.1437,1,35.1437,1
2024-08-30 22:00:00,10.7177,1,4.1435,1,35.1435,1
2024-08-30 22:30:00,10.7168,1,4.1434,1,35.1434,1
2024-08-30 23:00:00,10.7159,1,4.1432,1,35.1432,1
2024-08-30 23:30:00,10.7150,1,4.1430,1,35.1430,1
2024-08-31 00:00:00,10.7140,1,4.1428,1,35.1428,1
2024-08-31 00:30:00,10.7131,1,4.1426,1,35.1426,1
2024-08-31 01:00:00,10.7122,1,4.1424,1,35.1424,1
2024-08-31 01:30:00,10.7113,1,4.1423,1,35.1423,1
2024-08-31 02:00:00,10.7104,1,4.1421,1,35.1421,1
2024-08-31 02:30:00,10.7094,1,4.1419,1,35.1419,1
2024-08-31 03:00:00,10.7085,1,4.1417,1,35.1417,1
2024-08-31 03:30:00,10.7076,1,4.1415,1,35.1415,1
2024-08-31 04:00:00,10.7067,1,4.1413,1,35.1413,1
2024-08-31 04:30:00,10.7058,1,4.1412,1,35.1412,1
2024-08-31 05:00:00,10.7049,1,4.1410,1,35.1410,1
2024-08-31 05:30:00,10.7039,1,4.1408,1,35.1408,1
2024-08-31 06:00:00,10.7030,1,4.1406,1,35.1406,1
2024-08-31 06:30:00,10.7021,1,4.1404,1,35.1404,1
2024-08-31 07:00:00,10.7012,1,4.1402,1,35.1402,1
2024-08-31 07:30:00,10.7003,1,4.1401,1,35.1401,1
2024-08-31 08:00:00,10.6994,1,4.1399,1,35.1399,1
2024-08-31 08:30:00,10.6985,1,4.1397,1,35.1397,1
2024-08-31 09:00:00,10.6976,1,4.1395,1,35.1395,1
2024-08-31 09:30:00,10.6966,1,4.1393,1,35.1393,1
2024-08-31 10:00:00,10.6957,1,4.1391,1,35.1391,1
2024-08-31 10:30:00,10.6948,1,4.1390,1,35.1390,1
2024-08-31 11:00:00,10.6939,1,4.1388,1,35.1388,1
2024-08-31 11:30:00,10.6930,1,4.1386,1,35.1386,1
2024-08-31 12:00:00,10.6921,1,4.1384,1,35.1384,1
2024-08-31 12:30:00,10.6912,1,4.1382,1,35.1382,1
2024-08-31 13:00:00,10.6903,1,4.1381,1,35.1381,1
2024-08-31 13:30:00,10.6894,1,4.1379,1,35.1379,1
2024-08-31 14:00:00,10.6885,1,4.1377,1,35.1377,1
2024-08-31 14:30:00,10.6876,1,4.1375,1,35.1375,1
2024-08-31 15:00:00,10.6867,1,4.1373,1,35.1373,1
2024-08-31 15:30:00,10.6858,1,4.1372,1,35.1372,1
2024-08-31 16:00:00,10.6849,1,4.1370,1,35.1370,1
2024-08-31 16:30:00,10.6839,1,4.1368,1,35.1368,1
2024-08-31 17:00:00,10.6830,1,4.1366,1,35.1366,1
2024-08-31 17:30:00,10.6821,1,4.1364,1,35.1364,1
2024-08-31 18:00:00,10.6812,1,4.1362,1,35.1362,1
2024-08-31 18:30:00,10.6803,1,4.1361,1,35.1361,1
2024-08-31 19:00:00,10.6794,1,4.1359,1,35.1359,1
2024-08-31 19:30:00,10.6785,1,4.1357,1,35.1357,1
2024-08-31 20:00:00,10.6776,1,4.1355,1,35.1355,1
2024-08-31 20:30:00,10.6767,1,4.1353,1,35.1353,1
2024-08-31 21:00:00,10.6758,1,4.1352,1,35.1352,1
2024-08-31 21:30:00,10.6749,1,4.1350,1,35.1350,1
2024-08-31 22:00:00,10.6741,1,4.1348,1,35.1348,1
2024-08-31 22:30:00,10.6732,1,4.1346,1,35.1346,1
2024-08-31 23:00:00,10.6723,1,4.1345,1,35.1345,1
2024-08-31 23:30:00,10.6714,1,4.1343,1,35.1343,1
2024-09-01 00:00:00,10.6705,1,4.1341,1,35.1341,1
2024-09-01 00:30:00,10.6696,1,4.1339,1,35.1339,1
2024-09-01 01:00:00,10.6687,1,4.1337,1,35.1337,1
2024-09-01 01:30:00,10.6678,1,4.1336,1,35.1336,1
2024-09-01 02:00:00,10.6669,1,4.1334,1,35.1334,1
2024-09-01 02:30:00,10.6660,1,4.1332,1,35.1332,1
2024-09-01 03:00:00,10.6651,1,4.1330,1,35.1330,1
2024-09-01 03:30:00,10.6642,1,4.1328,1,35.1328,1
2024-09-01 04:00:00,10.6633,1,4.1327,1,35.1327,1
2024-09-01 04:30:00,10.6624,1,4.1325,1,35.1325,1
2024-09-01 05:00:00,10.6616,1,4.1323,1,35.1323,1
2024-09-01 05:30:00,10.6607,1,4.1321,1,35.1321,1
2024-09-01 06:00:00,10.6598,1,4.1320,1,35.1320,1
2024-09-01 06:30:00,10.6589,1,4.1318,1,35.1318,1
2024-09-01 07:00:00,10.6580,1,4.1316,1,35.1316,1
2024-09-01 07:30:00,10.6571,1,4.1314,1,35.1314,1
2024-09-01 08:00:00,10.6562,1,4.1312,1,35.1312,1
2024-09-01 08:30:00,10.6553,1,4.1311,1,35.1311,1
2024-09-01 09:00:00,10.6545,1,4.1309,1,35.1309,1
2024-09-01 09:30:00,10.6536,1,4.1307,1,35.1307,1
2024-09-01 10:00:00,10.6527,1,4.1305,1,35.1305,1
2024-09-01 10:30:00,10.6518,1,4.1304,1,35.1304,1
2024-09-01 11:00:00,10.6509,1,4.1302,1,35.1302,1
2024-09-01 11:30:00,10.6500,1,4.1300,1,35.1300,1
2024-09-01 12:00:00,10.6492,1,4.1298,1,35.1298,1
2024-09-01 12:30:00,10.6483,1,4.1297,1,35.1297,1
2024-09-01 13:00:00,10.6474,1,4.1295,1,35.1295,1
2024-09-01 13:30:00,10.6465,1,4.1293,1,35.1293,1
2024-09-01 14:00:00,10.6456,1,4.1291,1,35.1291,1
2024-09-01 14:30:00,10.6448,1,4.1290,1,35.1290,1
2024-09-01 15:00:00,10.6439,1,4.1288,1,35.1288,1
2024-09-01 15:30:00,10.6430,1,4.1286,1,35.1286,1
2024-09-01 16:00:00,10.6421,1,4.1284,1,35.1284,1
2024-09-01 16:30:00,10.6413,1,4.1283,1,35.1283,1
2024-09-01 17:00:00,10.6404,1,4.1281,1,35.1281,1
2024-09-01 17:30:00,10.6395,1,4.1279,1,35.1279,1
2024-09-01 18:00:00,10.6386,1,4.1277,1,35.1277,1
2024-09-01 18:30:00,10.6378,1,4.1276,1,35.1276,1
2024-09-01 19:00:00,10.6369,1,4.1274,1,35.1274,1
2024-09-01 19:30:00,10.6360,1,4.1272,1,35.1272,1
2024-09-01 20:00:00,10.6351,1,4.1270,1,35.1270,1
2024-09-01 20:30:00,10.6343,1,4.1269,1,35.1269,1
2024-09-01 21:00:00,10.6334,1,4.1267,1,35.1267,1
2024-09-01 21:30:00,10.6325,1,4.1265,1,35.1265,1
2024-09-01 22:00:00,10.6317,1,4.1263,1,35.1263,1
2024-09-01 22:30:00,10.6308,1,4.1262,1,35.1262,1
2024-09-01 23:00:00,10.6299,1,4.1260,1,35.1260,1
2024-09-01 23:30:00,10.6290,1,4.1258,1,35.1258,1
2024-09-02 00:00:00,10.6282,1,4.1256,1,35.1256,1
2024-09-02 00:30:00,10.6273,1,4.1255,1,35.1255,1
2024-09-02 01:00:00,10.6264,1,4.1253,1,35.1253,1
2024-09-02 01:30:00,10.6256,1,4.1251,1,35.1251,1
2024-09-02 02:00:00,10.6247,1,4.1249,1,35.1249,1
2024-09-02 02:30:00,10.6238,1,4.1248,1,35.1248,1
2024-09-02 03:00:00,10.6230,1,4.1246,1,35.1246,1
2024-09-02 03:30:00,10.6221,1,4.1244,1,35.1244,1
2024-09-02 04:00:00,10.6213,1,4.1243,1,35.1243,1
2024-09-02 04:30:00,10.6204,1,4.1241,1,35.1241,1
2024-09-02 05:00:00,10.6195,1,4.1239,1,35.1239,1
2024-09-02 05:30:00,10.6187,1,4.1237,1,35.1237,1
2024-09-02 06:00:00,10.6178,1,4.1236,1,35.1236,1
2024-09-02 06:30:00,10.6169,1,4.1234,1,35.1234,1
2024-09-02 07:00:00,10.6161,1,4.1232,1,35.1232,1
2024-09-02 07:30:00,10.6152,1,4.1230,1,35.1230,1
2024-09-02 08:00:00,10.6144,1,4.1229,1,35.1229,1
2024-09-02 08:30:00,10.6135,1,4.1227,1,35.1227,1
2024-09-02 09:00:00,10.6126,1,4.1225,1,35.1225,1
2024-09-02 09:30:00,10.6118,1,4.1224,1,35.1224,1
2024-09-02 10:00:00,10.6109,1,4.1222,1,35.1222,1
2024-09-02 10:30:00,10.6101,1,4.1220,1,35.1220,1
2024-09-02 11:00:00,10.6092,1,4.1218,1,35.1218,1
2024-09-02 11:30:00,10.6084,1,4.1217,1,35.1217,1
2024-09-02 12:00:00,10.6075,1,4.1215,1,35.1215,1
2024-09-02 12:30:00,10.6067,1,4.1213,1,35.1213,1
2024-09-02 13:00:00,10.6058,1,4.1212,1,35.1212,1
2024-09-02 13:30:00,10.6050,1,4.1210,1,35.1210,1
2024-09-02 14:00:00,10.6041,1,4.1208,1,35.1208,1
2024-09-02 14:30:00,10.6032,1,4.1206,1,35.1206,1
2024-09-02 15:00:00,10.6024,1,4.1205,1,35.1205,1
2024-09-02 15:30:00,10.6015,1,4.1203,1,35.1203,1
2024-09-02 16:00:00,10.6007,1,4.1201,1,35.1201,1
2024-09-02 16:30:00,10.5998,1,4.1200,1,35.1200,1
2024-09-02 17:00:00,10.5990,1,4.1198,1,35.1198,1
2024-09-02 17:30:00,10.5981,1,4.1196,1,35.1196,1
2024-09-02 18:00:00,10.5973,1,4.1195,1,35.1195,1
2024-09-02 18:30:00,10.5965,1,4.1193,1,35.1193,1
2024-09-02 19:00:00,10.5956,1,4.1191,1,35.1191,1
2024-09-02 19:30:00,10.5948,1,4.1190,1,35.1190,1
2024-09-02 20:00:00,10.5939,1,4.1188,1,35.1188,1
2024-09-02 20:30:00,10.5931,1,4.1186,1,35.1186,1
2024-09-02 21:00:00,10.5922,1,4.1184,1,35.1184,1
2024-09-02 21:30:00,10.5914,1,4.1183,1,35.1183,1
2024-09-02 22:00:00,10.5905,1,4.1181,1,35.1181,1
2024-09-02 22:30:00,10.5897,1,4.1179,1,35.1179,1
2024-09-02 23:00:00,10.5889,1,4.1178,1,35.1178,1
2024-09-02 23:30:00,10.5880,1,4.1176,1,35.1176,1
2024-09-03 00:00:00,10.5872,1,4.1174,1,35.1174,1
2024-09-03 00:30:00,10.5863,1,4.1173,1,35.1173,1
2024-09-03 01:00:00,10.5855,1,4.1171,1,35.1171,1
2024-09-03 01:30:00,10.5847,1,4.1169,1,35.1169,1
2024-09-03 02:00:00,10.5838,1,4.1168,1,35.1168,1
2024-09-03 02:30:00,10.5830,1,4.1166,1,35.1166,1
2024-09-03 03:00:00,10.5821,1,4.1164,1,35.1164,1
2024-09-03 03:30:00,10.5813,1,4.1163,1,35.1163,1
2024-09-03 04:00:00,10.5805,1,4.1161,1,35.1161,1
2024-09-03 04:30:00,10.5796,1,4.1159,1,35.1159,1
2024-09-03 05:00:00,10.5788,1,4.1158,1,35.1158,1
2024-09-03 05:30:00,10.5780,1,4.1156,1,35.1156,1
2024-09-03 06:00:00,10.5771,1,4.1154,1,35.1154,1
2024-09-03 06:30:00,10.5763,1,4.1153,1,35.1153,1
2024-09-03 07:00:00,10.5755,1,4.1151,1,35.1151,1
2024-09-03 07:30:00,10.5746,1,4.1149,1,35.1149,1
2024-09-03 08:00:00,10.5738,1,4.1148,1,35.1148,1
2024-09-03 08:30:00,10.5730,1,4.1146,1,35.1146,1
2024-09-03 09:00:00,10.5721,1,4.1144,1,35.1144,1
2024-09-03 09:30:00,10.5713,1,4.1143,1,35.1143,1
2024-09-03 10:00:00,10.5705,1,4.1141,1,35.1141,1
2024-09-03 10:30:00,10.5696,1,4.1139,1,35.1139,1
2024-09-03 11:00:00,10.5688,1,4.1138,1,35.1138,1
2024-09-03 11:30:00,10.5680,1,4.1136,1,35.1136,1
2024-09-03 12:00:00,10.5672,1,4.1134,1,35.1134,1
2024-09-03 12:30:00,10.5663,1,4.1133,1,35.1133,1
2024-09-03 13:00:00,10.5655,1,4.1131,1,35.1131,1
2024-09-03 13:30:00,10.5647,1,4.1129,1,35.1129,1
2024-09-03 14:00:00,10.5639,1,4.1128,1,35.1128,1
2024-09-03 14:30:00,10.5630,1,4.1126,1,35.1126,1
2024-09-03 15:00:00,10.5622,1,4.1124,1,35.1124,1
2024-09-03 15:30:00,10.5614,1,4.1123,1,35.1123,1
2024-09-03 16:00:00,10.5606,1,4.1121,1,35.1121,1
2024-09-03 16:30:00,10.5597,1,4.1119,1,35.1119,1
2024-09-03 17:00:00,10.5589,1,4.1118,1,35.1118,1
2024-09-03 17:30:00,10.5581,1,4.1116,1,35.1116,1
2024-09-03 18:00:00,10.5573,1,4.1115,1,35.1115,1
2024-09-03 18:30:00,10.5564,1,4.1113,1,35.1113,1
2024-09-03 19:00:00,10.5556,1,4.1111,1,35.1111,1
2024-09-03 19:30:00,10.5548,1,4.1110,1,35.1110,1
2024-09-03 20:00:00,10.5540,1,4.1108,1,35.1108,1
2024-09-03 20:30:00,10.5532,1,4.1106,1,35.1106,1
2024-09-03 21:00:00,10.5524,1,4.1105,1,35.1105,1
2024-09-03 21:30:00,10.5515,1,4.1103,1,35.1103,1
2024-09-03 22:00:00,10.5507,1,4.1101,1,35.1101,1
2024-09-03 22:30:00,10.5499,1,4.1100,1,35.1100,1
2024-09-03 23:00:00,10.5491,1,4.1098,1,35.1098,1
2024-09-03 23:30:00,10.5483,1,4.1097,1,35.1097,1
2024-09-04 00:00:00,10.5475,1,4.1095,1,35.1095,1
2024-09-04 00:30:00,10.5467,1,4.1093,1,35.1093,1
2024-09-04 01:00:00,10.5458,1,4.1092,1,35.1092,1
2024-09-04 01:30:00,10.5450,1,4.1090,1,35.1090,1
2024-09-04 02:00:00,10.5442,1,4.1088,1,35.1088,1
2024-09-04 02:30:00,10.5434,1,4.1087,1,35.1087,1
2024-09-04 03:00:00,10.5426,1,4.1085,1,35.1085,1
2024-09-04 03:30:00,10.5418,1,4.1084,1,35.1084,1
2024-09-04 04:00:00,10.5410,1,4.1082,1,35.1082,1
2024-09-04 04:30:00,10.5402,1,4.1080,1,35.1080,1
2024-09-04 05:00:00,10.5394,1,4.1079,1,35.1079,1
2024-09-04 05:30:00,10.5386,1,4.1077,1,35.1077,1
2024-09-04 06:00:00,10.5377,1,4.1075,1,35.1075,1
2024-09-04 06:30:00,10.5369,1,4.1074,1,35.1074,1
2024-09-04 07:00:00,10.5361,1,4.1072,1,35.1072,1
2024-09-04 07:30:00,10.5353,1,4.1071,1,35.1071,1
2024-09-04 08:00:00,10.5345,1,4.1069,1,35.1069,1
2024-09-04 08:30:00,10.5337,1,4.1067,1,35.1067,1
2024-09-04 09:00:00,10.5329,1,4.1066,1,35.1066,1
2024-09-04 09:30:00,10.5321,1,4.1064,1,35.1064,1
2024-09-04 10:00:00,10.5313,1,4.1063,1,35.1063,1
2024-09-04 10:30:00,10.5305,1,4.1061,1,35.1061,1
2024-09-04 11:00:00,10.5297,1,4.1059,1,35.1059,1
2024-09-04 11:30:00,10.5289,1,4.1058,1,35.1058,1
2024-09-04 12:00:00,10.5281,1,4.1056,1,35.1056,1
2024-09-04 12:30:00,10.5273,1,4.1055,1,35.1055,1
2024-09-04 13:00:00,10.5265,1,4.1053,1,35.1053,1
2024-09-04 13:30:00,10.5257,1,4.1051,1,35.1051,1
2024-09-04 14:00:00,10.5249,1,4.1050,1,35.1050,1
2024-09-04 14:30:00,10.5241,1,4.1048,1,35.1048,1
2024-09-04 15:00:00,10.5233,1,4.1047,1,35.1047,1
2024-09-04 15:30:00,10.5225,1,4.1045,1,35.1045,1
2024-09-04 16:00:00,10.5217,1,4.1043,1,35.1043,1
2024-09-04 16:30:00,10.5209,1,4.1042,1,35.1042,1
2024-09-04 17:00:00,10.5201,1,4.1040,1,35.1040,1
2024-09-04 17:30:00,10.5193,1,4.1039,1,35.1039,1
2024-09-04 18:00:00,10.5185,1,4.1037,1,35.1037,1
2024-09-04 18:30:00,10.5178,1,4.1036,1,35.1036,1
2024-09-04 19:00:00,10.5170,1,4.1034,1,35.1034,1
2024-09-04 19:30:00,10.5162,1,4.1032,1,35.1032,1
2024-09-04 20:00:00,10.5154,1,4.1031,1,35.1031,1
2024-09-04 20:30:00,10.5146,1,4.1029,1,35.1029,1
2024-09-04 21:00:00,10.5138,1,4.1028,1,35.1028,1
2024-09-04 21:30:00,10.5130,1,4.1026,1,35.1026,1
2024-09-04 22:00:00,10.5122,1,4.1024,1,35.1024,1
2024-09-04 22:30:00,10.5114,1,4.1023,1,35.1023,1
2024-09-04 23:00:00,10.5106,1,4.1021,1,35.1021,1
2024-09-04 23:30:00,10.5099,1,4.1020,1,35.1020,1
2024-09-05 00:00:00,10.5091,1,4.1018,1,35.1018,1
2024-09-05 00:30:00,10.5083,1,4.1017,1,35.1017,1
2024-09-05 01:00:00,10.5075,1,4.1015,1,35.1015,1
2024-09-05 01:30:00,10.5067,1,4.1013,1,35.1013,1
2024-09-05 02:00:00,10.5059,1,4.1012,1,35.1012,1
2024-09-05 02:30:00,10.5052,1,4.1010,1,35.1010,1
2024-09-05 03:00:00,10.5044,1,4.1009,1,35.1009,1
2024-09-05 03:30:00,10.5036,1,4.1007,1,35.1007,1
2024-09-05 04:00:00,10.5028,1,4.1006,1,35.1006,1
2024-09-05 04:30:00,10.5020,1,4.1004,1,35.1004,1
2024-09-05 05:00:00,10.5012,1,4.1002,1,35.1002,1
2024-09-05 05:30:00,10.5005,1,4.1001,1,35.1001,1
2024-09-05 06:00:00,10.4997,1,4.0999,1,35.0999,1
2024-09-05 06:30:00,10.4989,1,4.0998,1,35.0998,1
2024-09-05 07:00:00,10.4981,1,4.0996,1,35.0996,1
2024-09-05 07:30:00,10.4973,1,4.0995,1,35.0995,1
2024-09-05 08:00:00,10.4966,1,4.0993,1,35.0993,1
2024-09-05 08:30:00,10.4958,1,4.0992,1,35.0992,1
2024-09-05 09:00:00,10.4950,1,4.0990,1,35.0990,1
2024-09-05 09:30:00,10.4942,1,4.0988,1,35.0988,1
2024-09-05 10:00:00,10.4935,1,4.0987,1,35.0987,1
2024-09-05 10:30:00,10.4927,1,4.0985,1,35.0985,1
2024-09-05 11:00:00,10.4919,1,4.0984,1,35.0984,1
2024-09-05 11:30:00,10.4911,1,4.0982,1,35.0982,1
2024-09-05 12:00:00,10.4904,1,4.0981,1,35.0981,1
2024-09-05 12:30:00,10.4896,1,4.0979,1,35.0979,1
2024-09-05 13:00:00,10.4888,1,4.0978,1,35.0978,1
2024-09-05 13:30:00,10.4881,1,4.0976,1,35.0976,1
2024-09-05 14:00:00,10.4873,1,4.0975,1,35.0975,1
2024-09-05 14:30:00,10.4865,1,4.0973,1,35.0973,1
2024-09-05 15:00:00,10.4857,1,4.0971,1,35.0971,1
2024-09-05 15:30:00,10.4850,1,4.0970,1,35.0970,1
2024-09-05 16:00:00,10.4842,1,4.0968,1,35.0968,1
2024-09-05 16:30:00,10.4834,1,4.0967,1,35.0967,1
2024-09-05 17:00:00,10.4827,1,4.0965,1,35.0965,1
2024-09-05 17:30:00,10.4819,1,4.0964,1,35.0964,1
2024-09-05 18:00:00,10.4811,1,4.0962,1,35.0962,1
2024-09-05 18:30:00,10.4804,1,4.0961,1,35.0961,1
2024-09-05 19:00:00,10.4796,1,4.0959,1,35.0959,1
2024-09-05 19:30:00,10.4789,1,4.0958,1,35.0958,1
2024-09-05 20:00:00,10.4781,1,4.0956,1,35.0956,1
2024-09-05 20:30:00,10.4773,1,4.0955,1,35.0955,1
2024-09-05 21:00:00,10.4766,1,4.0953,1,35.0953,1
2024-09-05 21:30:00,10.4758,1,4.0952,1,35.0952,1
2024-09-05 22:00:00,10.4750,1,4.0950,1,35.0950,1
2024-09-05 22:30:00,10.4743,1,4.0949,1,35.0949,1
2024-09-05 23:00:00,10.4735,1,4.0947,1,35.0947,1
2024-09-05 23:30:00,10.4728,1,4.0946,1,35.0946,1
2024-09-06 00:00:00,10.4720,1,4.0944,1,35.0944,1
2024-09-06 00:30:00,10.4712,1,4.0942,1,35.0942,1
2024-09-06 01:00:00,10.4705,1,4.0941,1,35.0941,1
2024-09-06 01:30:00,10.4697,1,4.0939,1,35.0939,1
2024-09-06 02:00:00,10.4690,1,4.0938,1,35.0938,1
2024-09-06 02:30:00,10.4682,1,4.0936,1,35.0936,1
2024-09-06 03:00:00,10.4675,1,4.0935,1,35.0935,1
2024-09-06 03:30:00,10.4667,1,4.0933,1,35.0933,1
2024-09-06 04:00:00,10.4660,1,4.0932,1,35.0932,1
2024-09-06 04:30:00,10.4652,1,4.0930,1,35.0930,1
2024-09-06 05:00:00,10.4644,1,4.0929,1,35.0929,1
2024-09-06 05:30:00,10.4637,1,4.0927,1,35.0927,1
2024-09-06 06:00:00,10.4629,1,4.0926,1,35.0926,1
2024-09-06 06:30:00,10.4622,1,4.0924,1,35.0924,1
2024-09-06 07:00:00,10.4614,1,4.0923,1,35.0923,1
2024-09-06 07:30:00,10.4607,1,4.0921,1,35.0921,1
2024-09-06 08:00:00,10.4599,1,4.0920,1,35.0920,1
2024-09-06 08:30:00,10.4592,1,4.0918,1,35.0918,1
2024-09-06 09:00:00,10.4584,1,4.0917,1,35.0917,1
2024-09-06 09:30:00,10.4577,1,4.0915,1,35.0915,1
2024-09-06 10:00:00,10.4570,1,4.0914,1,35.0914,1
2024-09-06 10:30:00,10.4562,1,4.0912,1,35.0912,1
2024-09-06 11:00:00,10.4555,1,4.0911,1,35.0911,1
2024-09-06 11:30:00,10.4547,1,4.0909,1,35.0909,1
2024-09-06 12:00:00,10.4540,1,4.0908,1,35.0908,1
2024-09-06 12:30:00,10.4532,1,4.0906,1,35.0906,1
2024-09-06 13:00:00,10.4525,1,4.0905,1,35.0905,1
2024-09-06 13:30:00,10.4517,1,4.0903,1,35.0903,1
2024-09-06 14:00:00,10.4510,1,4.0902,1,35.0902,1
2024-09-06 14:30:00,10.4503,1,4.0901,1,35.0901,1
2024-09-06 15:00:00,10.4495,1,4.0899,1,35.0899,1
2024-09-06 15:30:00,10.4488,1,4.0898,1,35.0898,1
2024-09-06 16:00:00,10.4480,1,4.0896,1,35.0896,1
2024-09-06 16:30:00,10.4473,1,4.0895,1,35.0895,1
2024-09-06 17:00:00,10.4466,1,4.0893,1,35.0893,1
2024-09-06 17:30:00,10.4458,1,4.0892,1,35.0892,1
2024-09-06 18:00:00,10.4451,1,4.0890,1,35.0890,1
2024-09-06 18:30:00,10.4443,1,4.0889,1,35.0889,1
2024-09-06 19:00:00,10.4436,1,4.0887,1,35.0887,1
2024-09-06 19:30:00,10.4429,1,4.0886,1,35.0886,1
2024-09-06 20:00:00,10.4421,1,4.0884,1,35.0884,1
2024-09-06 20:30:00,10.4414,1,4.0883,1,35.0883,1
2024-09-06 21:00:00,10.4407,1,4.0881,1,35.0881,1
2024-09-06 21:30:00,10.4399,1,4.0880,1,35.0880,1
2024-09-06 22:00:00,10.4392,1,4.0878,1,35.0878,1
2024-09-06 22:30:00,10.4385,1,4.0877,1,35.0877,1
2024-09-06 23:00:00,10.4377,1,4.0875,1,35.0875,1
2024-09-06 23:30:00,10.4370,1,4.0874,1,35.0874,1
2024-09-07 00:00:00,10.4363,1,4.0873,1,35.0873,1
2024-09-07 00:30:00,10.4355,1,4.0871,1,35.0871,1
2024-09-07 01:00:00,10.4348,1,4.0870,1,35.0870,1
2024-09-07 01:30:00,10.4341,1,4.0868,1,35.0868,1
2024-09-07 02:00:00,10.4334,1,4.0867,1,35.0867,1
2024-09-07 02:30:00,10.4326,1,4.0865,1,35.0865,1
2024-09-07 03:00:00,10.4319,1,4.0864,1,35.0864,1
2024-09-07 03:30:00,10.4312,1,4.0862,1,35.0862,1
2024-09-07 04:00:00,10.4304,1,4.0861,1,35.0861,1
2024-09-07 04:30:00,10.4297,1,4.0859,1,35.0859,1
2024-09-07 05:00:00,10.4290,1,4.0858,1,35.0858,1
2024-09-07 05:30:00,10.4283,1,4.0857,1,35.0857,1
2024-09-07 06:00:00,10.4275,1,4.0855,1,35.0855,1
2024-09-07 06:30:00,10.4268,1,4.0854,1,35.0854,1
2024-09-07 07:00:00,10.4261,1,4.0852,1,35.0852,1
2024-09-07 07:30:00,10.4254,1,4.0851,1,35.0851,1
2024-09-07 08:00:00,10.4247,1,4.0849,1,35.0849,1
2024-09-07 08:30:00,10.4239,1,4.0848,1,35.0848,1
2024-09-07 09:00:00,10.4232,1,4.0846,1,35.0846,1
2024-09-07 09:30:00,10.4225,1,4.0845,1,35.0845,1
2024-09-07 10:00:00,10.4218,1,4.0844,1,35.0844,1
2024-09-07 10:30:00,10.4211,1,4.0842,1,35.0842,1
2024-09-07 11:00:00,10.4203,1,4.0841,1,35.0841,1
2024-09-07 11:30:00,10.4196,1,4.0839,1,35.0839,1
2024-09-07 12:00:00,10.4189,1,4.0838,1,35.0838,1
2024-09-07 12:30:00,10.4182,1,4.0836,1,35.0836,1
2024-09-07 13:00:00,10.4175,1,4.0835,1,35.0835,1
2024-09-07 13:30:00,10.4168,1,4.0834,1,35.0834,1
2024-09-07 14:00:00,10.4160,1,4.0832,1,35.0832,1
2024-09-07 14:30:00,10.4153,1,4.0831,1,35.0831,1
2024-09-07 15:00:00,10.4146,1,4.0829,1,35.0829,1
2024-09-07 15:30:00,10.4139,1,4.0828,1,35.0828,1
2024-09-07 16:00:00,10.4132,1,4.0826,1,35.0826,1
2024-09-07 16:30:00,10.4125,1,4.0825,1,35.0825,1
2024-09-07 17:00:00,10.4118,1,4.0824,1,35.0824,1
2024-09-07 17:30:00,10.4111,1,4.0822,1,35.0822,1
2024-09-07 18:00:00,10.4104,1,4.0821,1,35.0821,1
2024-09-07 18:30:00,10.4096,1,4.0819,1,35.0819,1
2024-09-07 19:00:00,10.4089,1,4.0818,1,35.0818,1
2024-09-07 19:30:00,10.4082,1,4.0816,1,35.0816,1
2024-09-07 20:00:00,10.4075,1,4.0815,1,35.0815,1
2024-09-07 20:30:00,10.4068,1,4.0814,1,35.0814,1
2024-09-07 21:00:00,10.4061,1,4.0812,1,35.0812,1
2024-09-07 21:30:00,10.4054,1,4.0811,1,35.0811,1
2024-09-07 22:00:00,10.4047,1,4.0809,1,35.0809,1
2024-09-07 22:30:00,10.4040,1,4.0808,1,35.0808,1
2024-09-07 23:00:00,10.4033,1,4.0807,1,35.0807,1
2024-09-07 23:30:00,10.4026,1,4.0805,1,35.0805,1
2024-09-08 00:00:00,10.4019,1,4.0804,1,35.0804,1
2024-09-08 00:30:00,10.4012,1,4.0802,1,35.0802,1
2024-09-08 01:00:00,10.4005,1,4.0801,1,35.0801,1
2024-09-08 01:30:00,10.3998,1,4.0800,1,35.0800,1
2024-09-08 02:00:00,10.3991,1,4.0798,1,35.0798,1
2024-09-08 02:30:00,10.3984,1,4.0797,1,35.0797,1
2024-09-08 03:00:00,10.3977,1,4.0795,1,35.0795,1
2024-09-08 03:30:00,10.3970,1,4.0794,1,35.0794,1
2024-09-08 04:00:00,10.3963,1,4.0793,1,35.0793,1
2024-09-08 04:30:00,10.3956,1,4.0791,1,35.0791,1
2024-09-08 05:00:00,10.3949,1,4.0790,1,35.0790,1
2024-09-08 05:30:00,10.3942,1,4.0788,1,35.0788,1
2024-09-08 06:00:00,10.3935,1,4.0787,1,35.0787,1
2024-09-08 06:30:00,10.3928,1,4.0786,1,35.0786,1
2024-09-08 07:00:00,10.3921,1,4.0784,1,35.0784,1
2024-09-08 07:30:00,10.3914,1,4.0783,1,35.0783,1
2024-09-08 08:00:00,10.3907,1,4.0781,1,35.0781,1
2024-09-08 08:30:00,10.3900,1,4.0780,1,35.0780,1
2024-09-08 09:00:00,10.3893,1,4.0779,1,35.0779,1
2024-09-08 09:30:00,10.3886,1,4.0777,1,35.0777,1
2024-09-08 10:00:00,10.3879,1,4.0776,1,35.0776,1
2024-09-08 10:30:00,10.3873,1,4.0775,1,35.0775,1
2024-09-08 11:00:00,10.3866,1,4.0773,1,35.0773,1
2024-09-08 11:30:00,10.3859,1,4.0772,1,35.0772,1
2024-09-08 12:00:00,10.3852,1,4.0770,1,35.0770,1
2024-09-08 12:30:00,10.3845,1,4.0769,1,35.0769,1
2024-09-08 13:00:00,10.3838,1,4.0768,1,35.0768,1
2024-09-08 13:30:00,10.3831,1,4.0766,1,35.0766,1
2024-09-08 14:00:00,10.3824,1,4.0765,1,35.0765,1
2024-09-08 14:30:00,10.3818,1,4.0764,1,35.0764,1
2024-09-08 15:00:00,10.3811,1,4.0762,1,35.0762,1
2024-09-08 15:30:00,10.3804,1,4.0761,1,35.0761,1
2024-09-08 16:00:00,10.3797,1,4.0759,1,35.0759,1
2024-09-08 16:30:00,10.3790,1,4.0758,1,35.0758,1
2024-09-08 17:00:00,10.3783,1,4.0757,1,35.0757,1
2024-09-08 17:30:00,10.3777,1,4.0755,1,35.0755,1
2024-09-08 18:00:00,10.3770,1,4.0754,1,35.0754,1
2024-09-08 18:30:00,10.3763,1,4.0753,1,35.0753,1
2024-09-08 19:00:00,10.3756,1,4.0751,1,35.0751,1
2024-09-08 19:30:00,10.3749,1,4.0750,1,35.0750,1
2024-09-08 20:00:00,10.3743,1,4.0749,1,35.0749,1
2024-09-08 20:30:00,10.3736,1,4.0747,1,35.0747,1
2024-09-08 21:00:00,10.3729,1,4.0746,1,35.0746,1
2024-09-08 21:30:00,10.3722,1,4.0744,1,35.0744,1
2024-09-08 22:00:00,10.3715,1,4.0743,1,35.0743,1
2024-09-08 22:30:00,10.3709,1,4.0742,1,35.0742,1
2024-09-08 23:00:00,10.3702,1,4.0740,1,35.0740,1
2024-09-08 23:30:00,10.3695,1,4.0739,1,35.0739,1
2024-09-09 00:00:00,10.3688,1,4.0738,1,35.0738,1
2024-09-09 00:30:00,10.3682,1,4.0736,1,35.0736,1
2024-09-09 01:00:00,10.3675,1,4.0735,1,35.0735,1
2024-09-09 01:30:00,10.3668,1,4.0734,1,35.0734,1
2024-09-09 02:00:00,10.3662,1,4.0732,1,35.0732,1
2024-09-09 02:30:00,10.3655,1,4.0731,1,35.0731,1
2024-09-09 03:00:00,10.3648,1,4.0730,1,35.0730,1
2024-09-09 03:30:00,10.3641,1,4.0728,1,35.0728,1
2024-09-09 04:00:00,10.3635,1,4.0727,1,35.0727,1
2024-09-09 04:30:00,10.3628,1,4.0726,1,35.0726,1
2024-09-09 05:00:00,10.3621,1,4.0724,1,35.0724,1
2024-09-09 05:30:00,10.3615,1,4.0723,1,35.0723,1
2024-09-09 06:00:00,10.3608,1,4.0722,1,35.0722,1
2024-09-09 06:30:00,10.3601,1,4.0720,1,35.0720,1
2024-09-09 07:00:00,10.3595,1,4.0719,1,35.0719,1
2024-09-09 07:30:00,10.3588,1,4.0718,1,35.0718,1
2024-09-09 08:00:00,10.3581,1,4.0716,1,35.0716,1
2024-09-09 08:30:00,10.3575,1,4.0715,1,35.0715,1
2024-09-09 09:00:00,10.3568,1,4.0714,1,35.0714,1
2024-09-09 09:30:00,10.3561,1,4.0712,1,35.0712,1
2024-09-09 10:00:00,10.3555,1,4.0711,1,35.0711,1
2024-09-09 10:30:00,10.3548,1,4.0710,1,35.0710,1
2024-09-09 11:00:00,10.3542,1,4.0708,1,35.0708,1
2024-09-09 11:30:00,10.3535,1,4.0707,1,35.0707,1
2024-09-09 12:00:00,10.3528,1,4.0706,1,35.0706,1
2024-09-09 12:30:00,10.3522,1,4.0704,1,35.0704,1
2024-09-09 13:00:00,10.3515,1,4.0703,1,35.0703,1
2024-09-09 13:30:00,10.3509,1,4.0702,1,35.0702,1
2024-09-09 14:00:00,10.3502,1,4.0700,1,35.0700,1
2024-09-09 14:30:00,10.3495,1,4.0699,1,35.0699,1
2024-09-09 15:00:00,10.3489,1,4.0698,1,35.0698,1
2024-09-09 15:30:00,10.3482,1,4.0696,1,35.0696,1
2024-09-09 16:00:00,10.3476,1,4.0695,1,35.0695,1
2024-09-09 16:30:00,10.3469,1,4.0694,1,35.0694,1
2024-09-09 17:00:00,10.3463,1,4.0693,1,35.0693,1
2024-09-09 17:30:00,10.3456,1,4.0691,1,35.0691,1
2024-09-09 18:00:00,10.3450,1,4.0690,1,35.0690,1
2024-09-09 18:30:00,10.3443,1,4.0689,1,35.0689,1
2024-09-09 19:00:00,10.3437,1,4.0687,1,35.0687,1
2024-09-09 19:30:00,10.3430,1,4.0686,1,35.0686,1
2024-09-09 20:00:00,10.3424,1,4.0685,1,35.0685,1
2024-09-09 20:30:00,10.3417,1,4.0683,1,35.0683,1
2024-09-09 21:00:00,10.3411,1,4.0682,1,35.0682,1
2024-09-09 21:30:00,10.3404,1,4.0681,1,35.0681,1
2024-09-09 22:00:00,10.3398,1,4.0680,1,35.0680,1
2024-09-09 22:30:00,10.3391,1,4.0678,1,35.0678,1
2024-09-09 23:00:00,10.3385,1,4.0677,1,35.0677,1
2024-09-09 23:30:00,10.3378,1,4.0676,1,35.0676,1
2024-09-10 00:00:00,10.3372,1,4.0674,1,35.0674,1
2024-09-10 00:30:00,10.3365,1,4.0673,1,35.0673,1
2024-09-10 01:00:00,10.3359,1,4.0672,1,35.0672,1
2024-09-10 01:30:00,10.3352,1,4.0670,1,35.0670,1
2024-09-10 02:00:00,10.3346,1,4.0669,1,35.0669,1
2024-09-10 02:30:00,10.3340,1,4.0668,1,35.0668,1
2024-09-10 03:00:00,10.3333,1,4.0667,1,35.0667,1
2024-09-10 03:30:00,10.3327,1,4.0665,1,35.0665,1
2024-09-10 04:00:00,10.3320,1,4.0664,1,35.0664,1
2024-09-10 04:30:00,10.3314,1,4.0663,1,35.0663,1
2024-09-10 05:00:00,10.3307,1,4.0661,1,35.0661,1
2024-09-10 05:30:00,10.3301,1,4.0660,1,35.0660,1
2024-09-10 06:00:00,10.3295,1,4.0659,1,35.0659,1
2024-09-10 06:30:00,10.3288,1,4.0658,1,35.0658,1
2024-09-10 07:00:00,10.3282,1,4.0656,1,35.0656,1
2024-09-10 07:30:00,10.3276,1,4.0655,1,35.0655,1
2024-09-10 08:00:00,10.3269,1,4.0654,1,35.0654,1
2024-09-10 08:30:00,10.3263,1,4.0653,1,35.0653,1
2024-09-10 09:00:00,10.3257,1,4.0651,1,35.0651,1
2024-09-10 09:30:00,10.3250,1,4.0650,1,35.0650,1
2024-09-10 10:00:00,10.3244,1,4.0649,1,35.0649,1
2024-09-10 10:30:00,10.3237,1,4.0647,1,35.0647,1
2024-09-10 11:00:00,10.3231,1,4.0646,1,35.0646,1
2024-09-10 11:30:00,10.3225,1,4.0645,1,35.0645,1
2024-09-10 12:00:00,10.3219,1,4.0644,1,35.0644,1
2024-09-10 12:30:00,10.3212,1,4.0642,1,35.0642,1
2024-09-10 13:00:00,10.3206,1,4.0641,1,35.0641,1
2024-09-10 13:30:00,10.3200,1,4.0640,1,35.0640,1
2024-09-10 14:00:00,10.3193,1,4.0639,1,35.0639,1
2024-09-10 14:30:00,10.3187,1,4.0637,1,35.0637,1
2024-09-10 15:00:00,10.3181,1,4.0636,1,35.0636,1
2024-09-10 15:30:00,10.3174,1,4.0635,1,35.0635,1
2024-09-10 16:00:00,10.3168,1,4.0634,1,35.0634,1
2024-09-10 16:30:00,10.3162,1,4.0632,1,35.0632,1
2024-09-10 17:00:00,10.3156,1,4.0631,1,35.0631,1
2024-09-10 17:30:00,10.3149,1,4.0630,1,35.0630,1
2024-09-10 18:00:00,10.3143,1,4.0629,1,35.0629,1
2024-09-10 18:30:00,10.3137,1,4.0627,1,35.0627,1
2024-09-10 19:00:00,10.3131,1,4.0626,1,35.0626,1
2024-09-10 19:30:00,10.3125,1,4.0625,1,35.0625,1
2024-09-10 20:00:00,10.3118,1,4.0624,1,35.0624,1
2024-09-10 20:30:00,10.3112,1,4.0622,1,35.0622,1
2024-09-10 21:00:00,10.3106,1,4.0621,1,35.0621,1
2024-09-10 21:30:00,10.3100,1,4.0620,1,35.0620,1
2024-09-10 22:00:00,10.3093,1,4.0619,1,35.0619,1
2024-09-10 22:30:00,10.3087,1,4.0617,1,35.0617,1
2024-09-10 23:00:00,10.3081,1,4.0616,1,35.0616,1
2024-09-10 23:30:00,10.3075,1,4.0615,1,35.0615,1
2024-09-11 00:00:00,10.3069,1,4.0614,1,35.0614,1
2024-09-11 00:30:00,10.3063,1,4.0613,1,35.0613,1
2024-09-11 01:00:00,10.3056,1,4.0611,1,35.0611,1
2024-09-11 01:30:00,10.3050,1,4.0610,1,35.0610,1
2024-09-11 02:00:00,10.3044,1,4.0609,1,35.0609,1
2024-09-11 02:30:00,10.3038,1,4.0608,1,35.0608,1
2024-09-11 03:00:00,10.3032,1,4.0606,1,35.0606,1
2024-09-11 03:30:00,10.3026,1,4.0605,1,35.0605,1
2024-09-11 04:00:00,10.3020,1,4.0604,1,35.0604,1
2024-09-11 04:30:00,10.3014,1,4.0603,1,35.0603,1
2024-09-11 05:00:00,10.3007,1,4.0601,1,35.0601,1
2024-09-11 05:30:00,10.3001,1,4.0600,1,35.0600,1
2024-09-11 06:00:00,10.2995,1,4.0599,1,35.0599,1
2024-09-11 06:30:00,10.2989,1,4.0598,1,35.0598,1
2024-09-11 07:00:00,10.2983,1,4.0597,1,35.0597,1
2024-09-11 07:30:00,10.2977,1,4.0595,1,35.0595,1
2024-09-11 08:00:00,10.2971,1,4.0594,1,35.0594,1
2024-09-11 08:30:00,10.2965,1,4.0593,1,35.0593,1
2024-09-11 09:00:00,10.2959,1,4.0592,1,35.0592,1
2024-09-11 09:30:00,10.2953,1,4.0591,1,35.0591,1
2024-09-11 10:00:00,10.2947,1,4.0589,1,35.0589,1
2024-09-11 10:30:00,10.2941,1,4.0588,1,35.0588,1
2024-09-11 11:00:00,10.2935,1,4.0587,1,35.0587,1
2024-09-11 11:30:00,10.2928,1,4.0586,1,35.0586,1
2024-09-11 12:00:00,10.2922,1,4.0584,1,35.0584,1
2024-09-11 12:30:00,10.2916,1,4.0583,1,35.0583,1
2024-09-11 13:00:00,10.2910,1,4.0582,1,35.0582,1
2024-09-11 13:30:00,10.2904,1,4.0581,1,35.0581,1
2024-09-11 14:00:00,10.2898,1,4.0580,1,35.0580,1
2024-09-11 14:30:00,10.2892,1,4.0578,1,35.0578,1
2024-09-11 15:00:00,10.2886,1,4.0577,1,35.0577,1
2024-09-11 15:30:00,10.2880,1,4.0576,1,35.0576,1
2024-09-11 16:00:00,10.2874,1,4.0575,1,35.0575,1
2024-09-11 16:30:00,10.2868,1,4.0574,1,35.0574,1
2024-09-11 17:00:00,10.2863,1,4.0573,1,35.0573,1
2024-09-11 17:30:00,10.2857,1,4.0571,1,35.0571,1
2024-09-11 18:00:00,10.2851,1,4.0570,1,35.0570,1
2024-09-11 18:30:00,10.2845,1,4.0569,1,35.0569,1
2024-09-11 19:00:00,10.2839,1,4.0568,1,35.0568,1
2024-09-11 19:30:00,10.2833,1,4.0567,1,35.0567,1
2024-09-11 20:00:00,10.2827,1,4.0565,1,35.0565,1
2024-09-11 20:30:00,10.2821,1,4.0564,1,35.0564,1
2024-09-11 21:00:00,10.2815,1,4.0563,1,35.0563,1
2024-09-11 21:30:00,10.2809,1,4.0562,1,35.0562,1
2024-09-11 22:00:00,10.2803,1,4.0561,1,35.0561,1
2024-09-11 22:30:00,10.2797,1,4.0559,1,35.0559,1
2024-09-11 23:00:00,10.2791,1,4.0558,1,35.0558,1
2024-09-11 23:30:00,10.2786,1,4.0557,1,35.0557,1
2024-09-12 00:00:00,10.2780,1,4.0556,1,35.0556,1
2024-09-12 00:30:00,10.2774,1,4.0555,1,35.0555,1
2024-09-12 01:00:00,10.2768,1,4.0554,1,35.0554,1
2024-09-12 01:30:00,10.2762,1,4.0552,1,35.0552,1
2024-09-12 02:00:00,10.2756,1,4.0551,1,35.0551,1
2024-09-12 02:30:00,10.2750,1,4.0550,1,35.0550,1
2024-09-12 03:00:00,10.2744,1,4.0549,1,35.0549,1
2024-09-12 03:30:00,10.2739,1,4.0548,1,35.0548,1
2024-09-12 04:00:00,10.2733,1,4.0547,1,35.0547,1
2024-09-12 04:30:00,10.2727,1,4.0545,1,35.0545,1
2024-09-12 05:00:00,10.2721,1,4.0544,1,35.0544,1
2024-09-12 05:30:00,10.2715,1,4.0543,1,35.0543,1
2024-09-12 06:00:00,10.2710,1,4.0542,1,35.0542,1
2024-09-12 06:30:00,10.2704,1,4.0541,1,35.0541,1
2024-09-12 07:00:00,10.2698,1,4.0540,1,35.0540,1
2024-09-12 07:30:00,10.2692,1,4.0538,1,35.0538,1
2024-09-12 08:00:00,10.2686,1,4.0537,1,35.0537,1
2024-09-12 08:30:00,10.2681,1,4.0536,1,35.0536,1
2024-09-12 09:00:00,10.2675,1,4.0535,1,35.0535,1
2024-09-12 09:30:00,10.2669,1,4.0534,1,35.0534,1
2024-09-12 10:00:00,10.2663,1,4.0533,1,35.0533,1
2024-09-12 10:30:00,10.2658,1,4.0532,1,35.0532,1
2024-09-12 11:00:00,10.2652,1,4.0530,1,35.0530,1
2024-09-12 11:30:00,10.2646,1,4.0529,1,35.0529,1
2024-09-12 12:00:00,10.2640,1,4.0528,1,35.0528,1
2024-09-12 12:30:00,10.2635,1,4.0527,1,35.0527,1
2024-09-12 13:00:00,10.2629,1,4.0526,1,35.0526,1
2024-09-12 13:30:00,10.2623,1,4.0525,1,35.0525,1
2024-09-12 14:00:00,10.2617,1,4.0523,1,35.0523,1
2024-09-12 14:30:00,10.2612,1,4.0522,1,35.0522,1
2024-09-12 15:00:00,10.2606,1,4.0521,1,35.0521,1
2024-09-12 15:30:00,10.2600,1,4.0520,1,35.0520,1
2024-09-12 16:00:00,10.2595,1,4.0519,1,35.0519,1
2024-09-12 16:30:00,10.2589,1,4.0518,1,35.0518,1
2024-09-12 17:00:00,10.2583,1,4.0517,1,35.0517,1
2024-09-12 17:30:00,10.2578,1,4.0516,1,35.0516,1
2024-09-12 18:00:00,10.2572,1,4.0514,1,35.0514,1
2024-09-12 18:30:00,10.2566,1,4.0513,1,35.0513,1
2024-09-12 19:00:00,10.2561,1,4.0512,1,35.0512,1
2024-09-12 19:30:00,10.2555,1,4.0511,1,35.0511,1
2024-09-12 20:00:00,10.2549,1,4.0510,1,35.0510,1
2024-09-12 20:30:00,10.2544,1,4.0509,1,35.0509,1
2024-09-12 21:00:00,10.2538,1,4.0508,1,35.0508,1
2024-09-12 21:30:00,10.2532,1,4.0506,1,35.0506,1
2024-09-12 22:00:00,10.2527,1,4.0505,1,35.0505,1
2024-09-12 22:30:00,10.2521,1,4.0504,1,35.0504,1
2024-09-12 23:00:00,10.2516,1,4.0503,1,35.0503,1
2024-09-12 23:30:00,10.2510,1,4.0502,1,35.0502,1
2024-09-13 00:00:00,10.2504,1,4.0501,1,35.0501,1
2024-09-13 00:30:00,10.2499,1,4.0500,1,35.0500,1
2024-09-13 01:00:00,10.2493,1,4.0499,1,35.0499,1
2024-09-13 01:30:00,10.2488,1,4.0498,1,35.0498,1
2024-09-13 02:00:00,10.2482,1,4.0496,1,35.0496,1
2024-09-13 02:30:00,10.2477,1,4.0495,1,35.0495,1
2024-09-13 03:00:00,10.2471,1,4.0494,1,35.0494,1
2024-09-13 03:30:00,10.2465,1,4.0493,1,35.0493,1
2024-09-13 04:00:00,10.2460,1,4.0492,1,35.0492,1
2024-09-13 04:30:00,10.2454,1,4.0491,1,35.0491,1
2024-09-13 05:00:00,10.2449,1,4.0490,1,35.0490,1
2024-09-13 05:30:00,10.2443,1,4.0489,1,35.0489,1
2024-09-13 06:00:00,10.2438,1,4.0488,1,35.0488,1
2024-09-13 06:30:00,10.2432,1,4.0486,1,35.0486,1
2024-09-13 07:00:00,10.2427,1,4.0485,1,35.0485,1
2024-09-13 07:30:00,10.2421,1,4.0484,1,35.0484,1
2024-09-13 08:00:00,10.2416,1,4.0483,1,35.0483,1
2024-09-13 08:30:00,10.2410,1,4.0482,1,35.0482,1
2024-09-13 09:00:00,10.2405,1,4.0481,1,35.0481,1
2024-09-13 09:30:00,10.2399,1,4.0480,1,35.0480,1
2024-09-13 10:00:00,10.2394,1,4.0479,1,35.0479,1
2024-09-13 10:30:00,10.2388,1,4.0478,1,35.0478,1
2024-09-13 11:00:00,10.2383,1,4.0477,1,35.0477,1
2024-09-13 11:30:00,10.2377,1,4.0475,1,35.0475,1
2024-09-13 12:00:00,10.2372,1,4.0474,1,35.0474,1
2024-09-13 12:30:00,10.2367,1,4.0473,1,35.0473,1
2024-09-13 13:00:00,10.2361,1,4.0472,1,35.0472,1
2024-09-13 13:30:00,10.2356,1,4.0471,1,35.0471,1
2024-09-13 14:00:00,10.2350,1,4.0470,1,35.0470,1
2024-09-13 14:30:00,10.2345,1,4.0469,1,35.0469,1
2024-09-13 15:00:00,10.2339,1,4.0468,1,35.0468,1
2024-09-13 15:30:00,10.2334,1,4.0467,1,35.0467,1
2024-09-13 16:00:00,10.2329,1,4.0466,1,35.0466,1
2024-09-13 16:30:00,10.2323,1,4.0465,1,35.0465,1
2024-09-13 17:00:00,10.2318,1,4.0464,1,35.0464,1
2024-09-13 17:30:00,10.2313,1,4.0463,1,35.0463,1
2024-09-13 18:00:00,10.2307,1,4.0461,1,35.0461,1
2024-09-13 18:30:00,10.2302,1,4.0460,1,35.0460,1
2024-09-13 19:00:00,10.2296,1,4.0459,1,35.0459,1
2024-09-13 19:30:00,10.2291,1,4.0458,1,35.0458,1
2024-09-13 20:00:00,10.2286,1,4.0457,1,35.0457,1
2024-09-13 20:30:00,10.2280,1,4.0456,1,35.0456,1
2024-09-13 21:00:00,10.2275,1,4.0455,1,35.0455,1
2024-09-13 21:30:00,10.2270,1,4.0454,1,35.0454,1
2024-09-13 22:00:00,10.2264,1,4.0453,1,35.0453,1
2024-09-13 22:30:00,10.2259,1,4.0452,1,35.0452,1
2024-09-13 23:00:00,10.2254,1,4.0451,1,35.0451,1
2024-09-13 23:30:00,10.2248,1,4.0450,1,35.0450,1
2024-09-14 00:00:00,10.2243,1,4.0449,1,35.0449,1
2024-09-14 00:30:00,10.2238,1,4.0448,1,35.0448,1
2024-09-14 01:00:00,10.2233,1,4.0447,1,35.0447,1
2024-09-14 01:30:00,10.2227,1,4.0445,1,35.0445,1
2024-09-14 02:00:00,10.2222,1,4.0444,1,35.0444,1
2024-09-14 02:30:00,10.2217,1,4.0443,1,35.0443,1
2024-09-14 03:00:00,10.2212,1,4.0442,1,35.0442,1
2024-09-14 03:30:00,10.2206,1,4.0441,1,35.0441,1
2024-09-14 04:00:00,10.2201,1,4.0440,1,35.0440,1
2024-09-14 04:30:00,10.2196,1,4.0439,1,35.0439,1
2024-09-14 05:00:00,10.2191,1,4.0438,1,35.0438,1
2024-09-14 05:30:00,10.2185,1,4.0437,1,35.0437,1
2024-09-14 06:00:00,10.2180,1,4.0436,1,35.0436,1
2024-09-14 06:30:00,10.2175,1,4.0435,1,35.0435,1
2024-09-14 07:00:00,10.2170,1,4.0434,1,35.0434,1
2024-09-14 07:30:00,10.2164,1,4.0433,1,35.0433,1
2024-09-14 08:00:00,10.2159,1,4.0432,1,35.0432,1
2024-09-14 08:30:00,10.2154,1,4.0431,1,35.0431,1
2024-09-14 09:00:00,10.2149,1,4.0430,1,35.0430,1
2024-09-14 09:30:00,10.2144,1,4.0429,1,35.0429,1
2024-09-14 10:00:00,10.2138,1,4.0428,1,35.0428,1
2024-09-14 10:30:00,10.2133,1,4.0427,1,35.0427,1
2024-09-14 11:00:00,10.2128,1,4.0426,1,35.0426,1
2024-09-14 11:30:00,10.2123,1,4.0425,1,35.0425,1
2024-09-14 12:00:00,10.2118,1,4.0424,1,35.0424,1
2024-09-14 12:30:00,10.2113,1,4.0423,1,35.0423,1
2024-09-14 13:00:00,10.2108,1,4.0422,1,35.0422,1
2024-09-14 13:30:00,10.2102,1,4.0420,1,35.0420,1
2024-09-14 14:00:00,10.2097,1,4.0419,1,35.0419,1
2024-09-14 14:30:00,10.2092,1,4.0418,1,35.0418,1
2024-09-14 15:00:00,10.2087,1,4.0417,1,35.0417,1
2024-09-14 15:30:00,10.2082,1,4.0416,1,35.0416,1
2024-09-14 16:00:00,10.2077,1,4.0415,1,35.0415,1
2024-09-14 16:30:00,10.2072,1,4.0414,1,35.0414,1
2024-09-14 17:00:00,10.2067,1,4.0413,1,35.0413,1
2024-09-14 17:30:00,10.2062,1,4.0412,1,35.0412,1
2024-09-14 18:00:00,10.2056,1,4.0411,1,35.0411,1
2024-09-14 18:30:00,10.2051,1,4.0410,1,35.0410,1
2024-09-14 19:00:00,10.2046,1,4.0409,1,35.0409,1
2024-09-14 19:30:00,10.2041,1,4.0408,1,35.0408,1
2024-09-14 20:00:00,10.2036,1,4.0407,1,35.0407,1
2024-09-14 20:30:00,10.2031,1,4.0406,1,35.0406,1
2024-09-14 21:00:00,10.2026,1,4.0405,1,35.0405,1
2024-09-14 21:30:00,10.2021,1,4.0404,1,35.0404,1
2024-09-14 22:00:00,10.2016,1,4.0403,1,35.0403,1
2024-09-14 22:30:00,10.2011,1,4.0402,1,35.0402,1
2024-09-14 23:00:00,10.2006,1,4.0401,1,35.0401,1
2024-09-14 23:30:00,10.2001,1,4.0400,1,35.0400,1
2024-09-15 00:00:00,10.1996,1,4.0399,1,35.0399,1
2024-09-15 00:30:00,10.1991,1,4.0398,1,35.0398,1
2024-09-15 01:00:00,10.1986,1,4.0397,1,35.0397,1
2024-09-15 01:30:00,10.1981,1,4.0396,1,35.0396,1
2024-09-15 02:00:00,10.1976,1,4.0395,1,35.0395,1
2024-09-15 02:30:00,10.1971,1,4.0394,1,35.0394,1
2024-09-15 03:00:00,10.1966,1,4.0393,1,35.0393,1
2024-09-15 03:30:00,10.1961,1,4.0392,1,35.0392,1
2024-09-15 04:00:00,10.1956,1,4.0391,1,35.0391,1
2024-09-15 04:30:00,10.1951,1,4.0390,1,35.0390,1
2024-09-15 05:00:00,10.1946,1,4.0389,1,35.0389,1
2024-09-15 05:30:00,10.1941,1,4.0388,1,35.0388,1
2024-09-15 06:00:00,10.1936,1,4.0387,1,35.0387,1
2024-09-15 06:30:00,10.1932,1,4.0386,1,35.0386,1
2024-09-15 07:00:00,10.1927,1,4.0385,1,35.0385,1
2024-09-15 07:30:00,10.1922,1,4.0384,1,35.0384,1
2024-09-15 08:00:00,10.1917,1,4.0383,1,35.0383,1
2024-09-15 08:30:00,10.1912,1,4.0382,1,35.0382,1
2024-09-15 09:00:00,10.1907,1,4.0381,1,35.0381,1
2024-09-15 09:30:00,10.1902,1,4.0380,1,35.0380,1
2024-09-15 10:00:00,10.1897,1,4.0379,1,35.0379,1
2024-09-15 10:30:00,10.1892,1,4.0378,1,35.0378,1
2024-09-15 11:00:00,10.1887,1,4.0377,1,35.0377,1
2024-09-15 11:30:00,10.1883,1,4.0377,1,35.0377,1
2024-09-15 12:00:00,10.1878,1,4.0376,1,35.0376,1
2024-09-15 12:30:00,10.1873,1,4.0375,1,35.0375,1
2024-09-15 13:00:00,10.1868,1,4.0374,1,35.0374,1
2024-09-15 13:30:00,10.1863,1,4.0373,1,35.0373,1
2024-09-15 14:00:00,10.1858,1,4.0372,1,35.0372,1
2024-09-15 14:30:00,10.1854,1,4.0371,1,35.0371,1
2024-09-15 15:00:00,10.1849,1,4.0370,1,35.0370,1
2024-09-15 15:30:00,10.1844,1,4.0369,1,35.0369,1
2024-09-15 16:00:00,10.1839,1,4.0368,1,35.0368,1
2024-09-15 16:30:00,10.1834,1,4.0367,1,35.0367,1
2024-09-15 17:00:00,10.1830,1,4.0366,1,35.0366,1
2024-09-15 17:30:00,10.1825,1,4.0365,1,35.0365,1
2024-09-15 18:00:00,10.1820,1,4.0364,1,35.0364,1
2024-09-15 18:30:00,10.1815,1,4.0363,1,35.0363,1
2024-09-15 19:00:00,10.1810,1,4.0362,1,35.0362,1
2024-09-15 19:30:00,10.1806,1,4.0361,1,35.0361,1
2024-09-15 20:00:00,10.1801,1,4.0360,1,35.0360,1
2024-09-15 20:30:00,10.1796,1,4.0359,1,35.0359,1
2024-09-15 21:00:00,10.1791,1,4.0358,1,35.0358,1
2024-09-15 21:30:00,10.1787,1,4.0357,1,35.0357,1
2024-09-15 22:00:00,10.1782,1,4.0356,1,35.0356,1
2024-09-15 22:30:00,10.1777,1,4.0355,1,35.0355,1
2024-09-15 23:00:00,10.1772,1,4.0354,1,35.0354,1
2024-09-15 23:30:00,10.1768,1,4.0354,1,35.0354,1
2024-09-16 00:00:00,10.1763,1,4.0353,1,35.0353,1
2024-09-16 00:30:00,10.1758,1,4.0352,1,35.0352,1
2024-09-16 01:00:00,10.1754,1,4.0351,1,35.0351,1
2024-09-16 01:30:00,10.1749,1,4.0350,1,35.0350,1
2024-09-16 02:00:00,10.1744,1,4.0349,1,35.0349,1
2024-09-16 02:30:00,10.1740,1,4.0348,1,35.0348,1
2024-09-16 03:00:00,10.1735,1,4.0347,1,35.0347,1
2024-09-16 03:30:00,10.1730,1,4.0346,1,35.0346,1
2024-09-16 04:00:00,10.1726,1,4.0345,1,35.0345,1
2024-09-16 04:30:00,10.1721,1,4.0344,1,35.0344,1
2024-09-16 05:00:00,10.1716,1,4.0343,1,35.0343,1
2024-09-16 05:30:00,10.1712,1,4.0342,1,35.0342,1
2024-09-16 06:00:00,10.1707,1,4.0341,1,35.0341,1
2024-09-16 06:30:00,10.1702,1,4.0340,1,35.0340,1
2024-09-16 07:00:00,10.1698,1,4.0340,1,35.0340,1
2024-09-16 07:30:00,10.1693,1,4.0339,1,35.0339,1
2024-09-16 08:00:00,10.1689,1,4.0338,1,35.0338,1
2024-09-16 08:30:00,10.1684,1,4.0337,1,35.0337,1
2024-09-16 09:00:00,10.1679,1,4.0336,1,35.0336,1
2024-09-16 09:30:00,10.1675,1,4.0335,1,35.0335,1
2024-09-16 10:00:00,10.1670,1,4.0334,1,35.0334,1
2024-09-16 10:30:00,10.1666,1,4.0333,1,35.0333,1
2024-09-16 11:00:00,10.1661,1,4.0332,1,35.0332,1
2024-09-16 11:30:00,10.1656,1,4.0331,1,35.0331,1
2024-09-16 12:00:00,10.1652,1,4.0330,1,35.0330,1
2024-09-16 12:30:00,10.1647,1,4.0329,1,35.0329,1
2024-09-16 13:00:00,10.1643,1,4.0329,1,35.0329,1
2024-09-16 13:30:00,10.1638,1,4.0328,1,35.0328,1
2024-09-16 14:00:00,10.1634,1,4.0327,1,35.0327,1
2024-09-16 14:30:00,10.1629,1,4.0326,1,35.0326,1
2024-09-16 15:00:00,10.1625,1,4.0325,1,35.0325,1
2024-09-16 15:30:00,10.1620,1,4.0324,1,35.0324,1
2024-09-16 16:00:00,10.1616,1,4.0323,1,35.0323,1
2024-09-16 16:30:00,10.1611,1,4.0322,1,35.0322,1
2024-09-16 17:00:00,10.1607,1,4.0321,1,35.0321,1
2024-09-16 17:30:00,10.1602,1,4.0320,1,35.0320,1
2024-09-16 18:00:00,10.1598,1,4.0320,1,35.0320,1
2024-09-16 18:30:00,10.1593,1,4.0319,1,35.0319,1
2024-09-16 19:00:00,10.1589,1,4.0318,1,35.0318,1
2024-09-16 19:30:00,10.1584,1,4.0317,1,35.0317,1
2024-09-16 20:00:00,10.1580,1,4.0316,1,35.0316,1
2024-09-16 20:30:00,10.1575,1,4.0315,1,35.0315,1
2024-09-16 21:00:00,10.1571,1,4.0314,1,35.0314,1
2024-09-16 21:30:00,10.1566,1,4.0313,1,35.0313,1
2024-09-16 22:00:00,10.1562,1,4.0312,1,35.0312,1
2024-09-16 22:30:00,10.1557,1,4.0311,1,35.0311,1
2024-09-16 23:00:00,10.1553,1,4.0311,1,35.0311,1
2024-09-16 23:30:00,10.1549,1,4.0310,1,35.0310,1
2024-09-17 00:00:00,10.1544,1,4.0309,1,35.0309,1
2024-09-17 00:30:00,10.1540,1,4.0308,1,35.0308,1
2024-09-17 01:00:00,10.1535,1,4.0307,1,35.0307,1
2024-09-17 01:30:00,10.1531,1,4.0306,1,35.0306,1
2024-09-17 02:00:00,10.1527,1,4.0305,1,35.0305,1
2024-09-17 02:30:00,10.1522,1,4.0304,1,35.0304,1
2024-09-17 03:00:00,10.1518,1,4.0304,1,35.0304,1
2024-09-17 03:30:00,10.1514,1,4.0303,1,35.0303,1
2024-09-17 04:00:00,10.1509,1,4.0302,1,35.0302,1
2024-09-17 04:30:00,10.1505,1,4.0301,1,35.0301,1
2024-09-17 05:00:00,10.1500,1,4.0300,1,35.0300,1
2024-09-17 05:30:00,10.1496,1,4.0299,1,35.0299,1
2024-09-17 06:00:00,10.1492,1,4.0298,1,35.0298,1
2024-09-17 06:30:00,10.1487,1,4.0297,1,35.0297,1
2024-09-17 07:00:00,10.1483,1,4.0297,1,35.0297,1
2024-09-17 07:30:00,10.1479,1,4.0296,1,35.0296,1
2024-09-17 08:00:00,10.1474,1,4.0295,1,35.0295,1
2024-09-17 08:30:00,10.1470,1,4.0294,1,35.0294,1
2024-09-17 09:00:00,10.1466,1,4.0293,1,35.0293,1
2024-09-17 09:30:00,10.1462,1,4.0292,1,35.0292,1
2024-09-17 10:00:00,10.1457,1,4.0291,1,35.0291,1
2024-09-17 10:30:00,10.1453,1,4.0291,1,35.0291,1
2024-09-17 11:00:00,10.1449,1,4.0290,1,35.0290,1
2024-09-17 11:30:00,10.1444,1,4.0289,1,35.0289,1
2024-09-17 12:00:00,10.1440,1,4.0288,1,35.0288,1
2024-09-17 12:30:00,10.1436,1,4.0287,1,35.0287,1
2024-09-17 13:00:00,10.1432,1,4.0286,1,35.0286,1
2024-09-17 13:30:00,10.1427,1,4.0285,1,35.0285,1
2024-09-17 14:00:00,10.1423,1,4.0285,1,35.0285,1
2024-09-17 14:30:00,10.1419,1,4.0284,1,35.0284,1
2024-09-17 15:00:00,10.1415,1,4.0283,1,35.0283,1
2024-09-17 15:30:00,10.1411,1,4.0282,1,35.0282,1
2024-09-17 16:00:00,10.1406,1,4.0281,1,35.0281,1
2024-09-17 16:30:00,10.1402,1,4.0280,1,35.0280,1
2024-09-17 17:00:00,10.1398,1,4.0280,1,35.0280,1
2024-09-17 17:30:00,10.1394,1,4.0279,1,35.0279,1
2024-09-17 18:00:00,10.1389,1,4.0278,1,35.0278,1
2024-09-17 18:30:00,10.1385,1,4.0277,1,35.0277,1
2024-09-17 19:00:00,10.1381,1,4.0276,1,35.0276,1
2024-09-17 19:30:00,10.1377,1,4.0275,1,35.0275,1
2024-09-17 20:00:00,10.1373,1,4.0275,1,35.0275,1
2024-09-17 20:30:00,10.1369,1,4.0274,1,35.0274,1
2024-09-17 21:00:00,10.1364,1,4.0273,1,35.0273,1
2024-09-17 21:30:00,10.1360,1,4.0272,1,35.0272,1
2024-09-17 22:00:00,10.1356,1,4.0271,1,35.0271,1
2024-09-17 22:30:00,10.1352,1,4.0270,1,35.0270,1
2024-09-17 23:00:00,10.1348,1,4.0270,1,35.0270,1
2024-09-17 23:30:00,10.1344,1,4.0269,1,35.0269,1
2024-09-18 00:00:00,10.1340,1,4.0268,1,35.0268,1
2024-09-18 00:30:00,10.1336,1,4.0267,1,35.0267,1
2024-09-18 01:00:00,10.1332,1,4.0266,1,35.0266,1
2024-09-18 01:30:00,10.1327,1,4.0265,1,35.0265,1
2024-09-18 02:00:00,10.1323,1,4.0265,1,35.0265,1
2024-09-18 02:30:00,10.1319,1,4.0264,1,35.0264,1
2024-09-18 03:00:00,10.1315,1,4.0263,1,35.0263,1
2024-09-18 03:30:00,10.1311,1,4.0262,1,35.0262,1
2024-09-18 04:00:00,10.1307,1,4.0261,1,35.0261,1
2024-09-18 04:30:00,10.1303,1,4.0261,1,35.0261,1
2024-09-18 05:00:00,10.1299,1,4.0260,1,35.0260,1
2024-09-18 05:30:00,10.1295,1,4.0259,1,35.0259,1
2024-09-18 06:00:00,10.1291,1,4.0258,1,35.0258,1
2024-09-18 06:30:00,10.1287,1,4.0257,1,35.0257,1
2024-09-18 07:00:00,10.1283,1,4.0257,1,35.0257,1
2024-09-18 07:30:00,10.1279,1,4.0256,1,35.0256,1
2024-09-18 08:00:00,10.1275,1,4.0255,1,35.0255,1
2024-09-18 08:30:00,10.1271,1,4.0254,1,35.0254,1
2024-09-18 09:00:00,10.1267,1,4.0253,1,35.0253,1
2024-09-18 09:30:00,10.1263,1,4.0253,1,35.0253,1
2024-09-18 10:00:00,10.1259,1,4.0252,1,35.0252,1
2024-09-18 10:30:00,10.1255,1,4.0251,1,35.0251,1
2024-09-18 11:00:00,10.1251,1,4.0250,1,35.0250,1
2024-09-18 11:30:00,10.1247,1,4.0249,1,35.0249,1
2024-09-18 12:00:00,10.1243,1,4.0249,1,35.0249,1
2024-09-18 12:30:00,10.1239,1,4.0248,1,35.0248,1
2024-09-18 13:00:00,10.1235,1,4.0247,1,35.0247,1
2024-09-18 13:30:00,10.1231,1,4.0246,1,35.0246,1
2024-09-18 14:00:00,10.1227,1,4.0245,1,35.0245,1
2024-09-18 14:30:00,10.1223,1,4.0245,1,35.0245,1
2024-09-18 15:00:00,10.1219,1,4.0244,1,35.0244,1
2024-09-18 15:30:00,10.1215,1,4.0243,1,35.0243,1
2024-09-18 16:00:00,10.1211,1,4.0242,1,35.0242,1
2024-09-18 16:30:00,10.1207,1,4.0241,1,35.0241,1
2024-09-18 17:00:00,10.1204,1,4.0241,1,35.0241,1
2024-09-18 17:30:00,10.1200,1,4.0240,1,35.0240,1
2024-09-18 18:00:00,10.1196,1,4.0239,1,35.0239,1
2024-09-18 18:30:00,10.1192,1,4.0238,1,35.0238,1
2024-09-18 19:00:00,10.1188,1,4.0238,1,35.0238,1
2024-09-18 19:30:00,10.1184,1,4.0237,1,35.0237,1
2024-09-18 20:00:00,10.1180,1,4.0236,1,35.0236,1
2024-09-18 20:30:00,10.1176,1,4.0235,1,35.0235,1
2024-09-18 21:00:00,10.1173,1,4.0235,1,35.0235,1
2024-09-18 21:30:00,10.1169,1,4.0234,1,35.0234,1
2024-09-18 22:00:00,10.1165,1,4.0233,1,35.0233,1
2024-09-18 22:30:00,10.1161,1,4.0232,1,35.0232,1
2024-09-18 23:00:00,10.1157,1,4.0231,1,35.0231,1
2024-09-18 23:30:00,10.1153,1,4.0231,1,35.0231,1
2024-09-19 00:00:00,10.1150,1,4.0230,1,35.0230,1
2024-09-19 00:30:00,10.1146,1,4.0229,1,35.0229,1
2024-09-19 01:00:00,10.1142,1,4.0228,1,35.0228,1
2024-09-19 01:30:00,10.1138,1,4.0228,1,35.0228,1
2024-09-19 02:00:00,10.1134,1,4.0227,1,35.0227,1
2024-09-19 02:30:00,10.1131,1,4.0226,1,35.0226,1
2024-09-19 03:00:00,10.1127,1,4.0225,1,35.0225,1
2024-09-19 03:30:00,10.1123,1,4.0225,1,35.0225,1
2024-09-19 04:00:00,10.1119,1,4.0224,1,35.0224,1
2024-09-19 04:30:00,10.1115,1,4.0223,1,35.0223,1
2024-09-19 05:00:00,10.1112,1,4.0222,1,35.0222,1
2024-09-19 05:30:00,10.1108,1,4.0222,1,35.0222,1
2024-09-19 06:00:00,10.1104,1,4.0221,1,35.0221,1
2024-09-19 06:30:00,10.1101,1,4.0220,1,35.0220,1
2024-09-19 07:00:00,10.1097,1,4.0219,1,35.0219,1
2024-09-19 07:30:00,10.1093,1,4.0219,1,35.0219,1
2024-09-19 08:00:00,10.1089,1,4.0218,1,35.0218,1
2024-09-19 08:30:00,10.1086,1,4.0217,1,35.0217,1
2024-09-19 09:00:00,10.1082,1,4.0216,1,35.0216,1
2024-09-19 09:30:00,10.1078,1,4.0216,1,35.0216,1
2024-09-19 10:00:00,10.1075,1,4.0215,1,35.0215,1
2024-09-19 10:30:00,10.1071,1,4.0214,1,35.0214,1
2024-09-19 11:00:00,10.1067,1,4.0213,1,35.0213,1
2024-09-19 11:30:00,10.1064,1,4.0213,1,35.0213,1
2024-09-19 12:00:00,10.1060,1,4.0212,1,35.0212,1
2024-09-19 12:30:00,10.1056,1,4.0211,1,35.0211,1
2024-09-19 13:00:00,10.1053,1,4.0211,1,35.0211,1
2024-09-19 13:30:00,10.1049,1,4.0210,1,35.0210,1
2024-09-19 14:00:00,10.1045,1,4.0209,1,35.0209,1
2024-09-19 14:30:00,10.1042,1,4.0208,1,35.0208,1
2024-09-19 15:00:00,10.1038,1,4.0208,1,35.0208,1
2024-09-19 15:30:00,10.1034,1,4.0207,1,35.0207,1
2024-09-19 16:00:00,10.1031,1,4.0206,1,35.0206,1
2024-09-19 16:30:00,10.1027,1,4.0205,1,35.0205,1
2024-09-19 17:00:00,10.1024,1,4.0205,1,35.0205,1
2024-09-19 17:30:00,10.1020,1,4.0204,1,35.0204,1
2024-09-19 18:00:00,10.1016,1,4.0203,1,35.0203,1
2024-09-19 18:30:00,10.1013,1,4.0203,1,35.0203,1
2024-09-19 19:00:00,10.1009,1,4.0202,1,35.0202,1
2024-09-19 19:30:00,10.1006,1,4.0201,1,35.0201,1
2024-09-19 20:00:00,10.1002,1,4.0200,1,35.0200,1
2024-09-19 20:30:00,10.0998,1,4.0200,1,35.0200,1
2024-09-19 21:00:00,10.0995,1,4.0199,1,35.0199,1
2024-09-19 21:30:00,10.0991,1,4.0198,1,35.0198,1
2024-09-19 22:00:00,10.0988,1,4.0198,1,35.0198,1
2024-09-19 22:30:00,10.0984,1,4.0197,1,35.0197,1
2024-09-19 23:00:00,10.0981,1,4.0196,1,35.0196,1
2024-09-19 23:30:00,10.0977,1,4.0195,1,35.0195,1
2024-09-20 00:00:00,10.0974,1,4.0195,1,35.0195,1
2024-09-20 00:30:00,10.0970,1,4.0194,1,35.0194,1
2024-09-20 01:00:00,10.0967,1,4.0193,1,35.0193,1
2024-09-20 01:30:00,10.0963,1,4.0193,1,35.0193,1
2024-09-20 02:00:00,10.0960,1,4.0192,1,35.0192,1
2024-09-20 02:30:00,10.0956,1,4.0191,1,35.0191,1
2024-09-20 03:00:00,10.0953,1,4.0191,1,35.0191,1
2024-09-20 03:30:00,10.0949,1,4.0190,1,35.0190,1
2024-09-20 04:00:00,10.0946,1,4.0189,1,35.0189,1
2024-09-20 04:30:00,10.0942,1,4.0188,1,35.0188,1
2024-09-20 05:00:00,10.0939,1,4.0188,1,35.0188,1
2024-09-20 05:30:00,10.0936,1,4.0187,1,35.0187,1
2024-09-20 06:00:00,10.0932,1,4.0186,1,35.0186,1
2024-09-20 06:30:00,10.0929,1,4.0186,1,35.0186,1
2024-09-20 07:00:00,10.0925,1,4.0185,1,35.0185,1
2024-09-20 07:30:00,10.0922,1,4.0184,1,35.0184,1
2024-09-20 08:00:00,10.0918,1,4.0184,1,35.0184,1
2024-09-20 08:30:00,10.0915,1,4.0183,1,35.0183,1
2024-09-20 09:00:00,10.0912,1,4.0182,1,35.0182,1
2024-09-20 09:30:00,10.0908,1,4.0182,1,35.0182,1
2024-09-20 10:00:00,10.0905,1,4.0181,1,35.0181,1
2024-09-20 10:30:00,10.0901,1,4.0180,1,35.0180,1
2024-09-20 11:00:00,10.0898,1,4.0180,1,35.0180,1
2024-09-20 11:30:00,10.0895,1,4.0179,1,35.0179,1
2024-09-20 12:00:00,10.0891,1,4.0178,1,35.0178,1
2024-09-20 12:30:00,10.0888,1,4.0178,1,35.0178,1
2024-09-20 13:00:00,10.0885,1,4.0177,1,35.0177,1
2024-09-20 13:30:00,10.0881,1,4.0176,1,35.0176,1
2024-09-20 14:00:00,10.0878,1,4.0176,1,35.0176,1
2024-09-20 14:30:00,10.0875,1,4.0175,1,35.0175,1
2024-09-20 15:00:00,10.0871,1,4.0174,1,35.0174,1
2024-09-20 15:30:00,10.0868,1,4.0174,1,35.0174,1
2024-09-20 16:00:00,10.0865,1,4.0173,1,35.0173,1
2024-09-20 16:30:00,10.0861,1,4.0172,1,35.0172,1
2024-09-20 17:00:00,10.0858,1,4.0172,1,35.0172,1
2024-09-20 17:30:00,10.0855,1,4.0171,1,35.0171,1
2024-09-20 18:00:00,10.0851,1,4.0170,1,35.0170,1
2024-09-20 18:30:00,10.0848,1,4.0170,1,35.0170,1
2024-09-20 19:00:00,10.0845,1,4.0169,1,35.0169,1
2024-09-20 19:30:00,10.0842,1,4.0168,1,35.0168,1
2024-09-20 20:00:00,10.0838,1,4.0168,1,35.0168,1
2024-09-20 20:30:00,10.0835,1,4.0167,1,35.0167,1
2024-09-20 21:00:00,10.0832,1,4.0166,1,35.0166,1
2024-09-20 21:30:00,10.0829,1,4.0166,1,35.0166,1
2024-09-20 22:00:00,10.0825,1,4.0165,1,35.0165,1
2024-09-20 22:30:00,10.0822,1,4.0164,1,35.0164,1
2024-09-20 23:00:00,10.0819,1,4.0164,1,35.0164,1
2024-09-20 23:30:00,10.0816,1,4.0163,1,35.0163,1
2024-09-21 00:00:00,10.0812,1,4.0162,1,35.0162,1
2024-09-21 00:30:00,10.0809,1,4.0162,1,35.0162,1
2024-09-21 01:00:00,10.0806,1,4.0161,1,35.0161,1
2024-09-21 01:30:00,10.0803,1,4.0161,1,35.0161,1
2024-09-21 02:00:00,10.0800,1,4.0160,1,35.0160,1
2024-09-21 02:30:00,10.0796,1,4.0159,1,35.0159,1
2024-09-21 03:00:00,10.0793,1,4.0159,1,35.0159,1
2024-09-21 03:30:00,10.0790,1,4.0158,1,35.0158,1
2024-09-21 04:00:00,10.0787,1,4.0157,1,35.0157,1
2024-09-21 04:30:00,10.0784,1,4.0157,1,35.0157,1
2024-09-21 05:00:00,10.0781,1,4.0156,1,35.0156,1
2024-09-21 05:30:00,10.0777,1,4.0155,1,35.0155,1
2024-09-21 06:00:00,10.0774,1,4.0155,1,35.0155,1
2024-09-21 06:30:00,10.0771,1,4.0154,1,35.0154,1
2024-09-21 07:00:00,10.0768,1,4.0154,1,35.0154,1
2024-09-21 07:30:00,10.0765,1,4.0153,1,35.0153,1
2024-09-21 08:00:00,10.0762,1,4.0152,1,35.0152,1
2024-09-21 08:30:00,10.0759,1,4.0152,1,35.0152,1
2024-09-21 09:00:00,10.0756,1,4.0151,1,35.0151,1
2024-09-21 09:30:00,10.0753,1,4.0151,1,35.0151,1
2024-09-21 10:00:00,10.0749,1,4.0150,1,35.0150,1
2024-09-21 10:30:00,10.0746,1,4.0149,1,35.0149,1
2024-09-21 11:00:00,10.0743,1,4.0149,1,35.0149,1
2024-09-21 11:30:00,10.0740,1,4.0148,1,35.0148,1
2024-09-21 12:00:00,10.0737,1,4.0147,1,35.0147,1
2024-09-21 12:30:00,10.0734,1,4.0147,1,35.0147,1
2024-09-21 13:00:00,10.0731,1,4.0146,1,35.0146,1
2024-09-21 13:30:00,10.0728,1,4.0146,1,35.0146,1
2024-09-21 14:00:00,10.0725,1,4.0145,1,35.0145,1
2024-09-21 14:30:00,10.0722,1,4.0144,1,35.0144,1
2024-09-21 15:00:00,10.0719,1,4.0144,1,35.0144,1
2024-09-21 15:30:00,10.0716,1,4.0143,1,35.0143,1
2024-09-21 16:00:00,10.0713,1,4.0143,1,35.0143,1
2024-09-21 16:30:00,10.0710,1,4.0142,1,35.0142,1
2024-09-21 17:00:00,10.0707,1,4.0141,1,35.0141,1
2024-09-21 17:30:00,10.0704,1,4.0141,1,35.0141,1
2024-09-21 18:00:00,10.0701,1,4.0140,1,35.0140,1
2024-09-21 18:30:00,10.0698,1,4.0140,1,35.0140,1
2024-09-21 19:00:00,10.0695,1,4.0139,1,35.0139,1
2024-09-21 19:30:00,10.0692,1,4.0138,1,35.0138,1
2024-09-21 20:00:00,10.0689,1,4.0138,1,35.0138,1
2024-09-21 20:30:00,10.0686,1,4.0137,1,35.0137,1
2024-09-21 21:00:00,10.0683,1,4.0137,1,35.0137,1
2024-09-21 21:30:00,10.0680,1,4.0136,1,35.0136,1
2024-09-21 22:00:00,10.0677,1,4.0135,1,35.0135,1
2024-09-21 22:30:00,10.0674,1,4.0135,1,35.0135,1
2024-09-21 23:00:00,10.0671,1,4.0134,1,35.0134,1
2024-09-21 23:30:00,10.0668,1,4.0134,1,35.0134,1
2024-09-22 00:00:00,10.0666,1,4.0133,1,35.0133,1
2024-09-22 00:30:00,10.0663,1,4.0133,1,35.0133,1
2024-09-22 01:00:00,10.0660,1,4.0132,1,35.0132,1
2024-09-22 01:30:00,10.0657,1,4.0131,1,35.0131,1
2024-09-22 02:00:00,10.0654,1,4.0131,1,35.0131,1
2024-09-22 02:30:00,10.0651,1,4.0130,1,35.0130,1
2024-09-22 03:00:00,10.0648,1,4.0130,1,35.0130,1
2024-09-22 03:30:00,10.0645,1,4.0129,1,35.0129,1
2024-09-22 04:00:00,10.0643,1,4.0129,1,35.0129,1
2024-09-22 04:30:00,10.0640,1,4.0128,1,35.0128,1
2024-09-22 05:00:00,10.0637,1,4.0127,1,35.0127,1
2024-09-22 05:30:00,10.0634,1,4.0127,1,35.0127,1
2024-09-22 06:00:00,10.0631,1,4.0126,1,35.0126,1
2024-09-22 06:30:00,10.0628,1,4.0126,1,35.0126,1
2024-09-22 07:00:00,10.0625,1,4.0125,1,35.0125,1
2024-09-22 07:30:00,10.0623,1,4.0125,1,35.0125,1
2024-09-22 08:00:00,10.0620,1,4.0124,1,35.0124,1
2024-09-22 08:30:00,10.0617,1,4.0123,1,35.0123,1
2024-09-22 09:00:00,10.0614,1,4.0123,1,35.0123,1
2024-09-22 09:30:00,10.0611,1,4.0122,1,35.0122,1
2024-09-22 10:00:00,10.0609,1,4.0122,1,35.0122,1
2024-09-22 10:30:00,10.0606,1,4.0121,1,35.0121,1
2024-09-22 11:00:00,10.0603,1,4.0121,1,35.0121,1
2024-09-22 11:30:00,10.0600,1,4.0120,1,35.0120,1
2024-09-22 12:00:00,10.0598,1,4.0120,1,35.0120,1
2024-09-22 12:30:00,10.0595,1,4.0119,1,35.0119,1
2024-09-22 13:00:00,10.0592,1,4.0118,1,35.0118,1
2024-09-22 13:30:00,10.0589,1,4.0118,1,35.0118,1
2024-09-22 14:00:00,10.0587,1,4.0117,1,35.0117,1
2024-09-22 14:30:00,10.0584,1,4.0117,1,35.0117,1
2024-09-22 15:00:00,10.0581,1,4.0116,1,35.0116,1
2024-09-22 15:30:00,10.0578,1,4.0116,1,35.0116,1
2024-09-22 16:00:00,10.0576,1,4.0115,1,35.0115,1
2024-09-22 16:30:00,10.0573,1,4.0115,1,35.0115,1
2024-09-22 17:00:00,10.0570,1,4.0114,1,35.0114,1
2024-09-22 17:30:00,10.0568,1,4.0114,1,35.0114,1
2024-09-22 18:00:00,10.0565,1,4.0113,1,35.0113,1
2024-09-22 18:30:00,10.0562,1,4.0112,1,35.0112,1
2024-09-22 19:00:00,10.0560,1,4.0112,1,35.0112,1
2024-09-22 19:30:00,10.0557,1,4.0111,1,35.0111,1
2024-09-22 20:00:00,10.0554,1,4.0111,1,35.0111,1
2024-09-22 20:30:00,10.0552,1,4.0110,1,35.0110,1
2024-09-22 21:00:00,10.0549,1,4.0110,1,35.0110,1
2024-09-22 21:30:00,10.0546,1,4.0109,1,35.0109,1
2024-09-22 22:00:00,10.0544,1,4.0109,1,35.0109,1
2024-09-22 22:30:00,10.0541,1,4.0108,1,35.0108,1
2024-09-22 23:00:00,10.0538,1,4.0108,1,35.0108,1
2024-09-22 23:30:00,10.0536,1,4.0107,1,35.0107,1
2024-09-23 00:00:00,10.0533,1,4.0107,1,35.0107,1
2024-09-23 00:30:00,10.0531,1,4.0106,1,35.0106,1
2024-09-23 01:00:00,10.0528,1,4.0106,1,35.0106,1
2024-09-23 01:30:00,10.0525,1,4.0105,1,35.0105,1
2024-09-23 02:00:00,10.0523,1,4.0105,1,35.0105,1
2024-09-23 02:30:00,10.0520,1,4.0104,1,35.0104,1
2024-09-23 03:00:00,10.0518,1,4.0104,1,35.0104,1
2024-09-23 03:30:00,10.0515,1,4.0103,1,35.0103,1
2024-09-23 04:00:00,10.0513,1,4.0103,1,35.0103,1
2024-09-23 04:30:00,10.0510,1,4.0102,1,35.0102,1
2024-09-23 05:00:00,10.0508,1,4.0102,1,35.0102,1
2024-09-23 05:30:00,10.0505,1,4.0101,1,35.0101,1
2024-09-23 06:00:00,10.0502,1,4.0100,1,35.0100,1
2024-09-23 06:30:00,10.0500,1,4.0100,1,35.0100,1
2024-09-23 07:00:00,10.0497,1,4.0099,1,35.0099,1
2024-09-23 07:30:00,10.0495,1,4.0099,1,35.0099,1
2024-09-23 08:00:00,10.0492,1,4.0098,1,35.0098,1
2024-09-23 08:30:00,10.0490,1,4.0098,1,35.0098,1
2024-09-23 09:00:00,10.0487,1,4.0097,1,35.0097,1
2024-09-23 09:30:00,10.0485,1,4.0097,1,35.0097,1
2024-09-23 10:00:00,10.0482,1,4.0096,1,35.0096,1
2024-09-23 10:30:00,10.0480,1,4.0096,1,35.0096,1
2024-09-23 11:00:00,10.0478,1,4.0096,1,35.0096,1
2024-09-23 11:30:00,10.0475,1,4.0095,1,35.0095,1
2024-09-23 12:00:00,10.0473,1,4.0095,1,35.0095,1
2024-09-23 12:30:00,10.0470,1,4.0094,1,35.0094,1
2024-09-23 13:00:00,10.0468,1,4.0094,1,35.0094,1
2024-09-23 13:30:00,10.0465,1,4.0093,1,35.0093,1
2024-09-23 14:00:00,10.0463,1,4.0093,1,35.0093,1
2024-09-23 14:30:00,10.0460,1,4.0092,1,35.0092,1
2024-09-23 15:00:00,10.0458,1,4.0092,1,35.0092,1
2024-09-23 15:30:00,10.0456,1,4.0091,1,35.0091,1
2024-09-23 16:00:00,10.0453,1,4.0091,1,35.0091,1
2024-09-23 16:30:00,10.0451,1,4.0090,1,35.0090,1
2024-09-23 17:00:00,10.0448,1,4.0090,1,35.0090,1
2024-09-23 17:30:00,10.0446,1,4.0089,1,35.0089,1
2024-09-23 18:00:00,10.0444,1,4.0089,1,35.0089,1
2024-09-23 18:30:00,10.0441,1,4.0088,1,35.0088,1
2024-09-23 19:00:00,10.0439,1,4.0088,1,35.0088,1
2024-09-23 19:30:00,10.0437,1,4.0087,1,35.0087,1
2024-09-23 20:00:00,10.0434,1,4.0087,1,35.0087,1
2024-09-23 20:30:00,10.0432,1,4.0086,1,35.0086,1
2024-09-23 21:00:00,10.0429,1,4.0086,1,35.0086,1
2024-09-23 21:30:00,10.0427,1,4.0085,1,35.0085,1
2024-09-23 22:00:00,10.0425,1,4.0085,1,35.0085,1
2024-09-23 22:30:00,10.0422,1,4.0084,1,35.0084,1
2024-09-23 23:00:00,10.0420,1,4.0084,1,35.0084,1
2024-09-23 23:30:00,10.0418,1,4.0084,1,35.0084,1
2024-09-24 00:00:00,10.0416,1,4.0083,1,35.0083,1
2024-09-24 00:30:00,10.0413,1,4.0083,1,35.0083,1
2024-09-24 01:00:00,10.0411,1,4.0082,1,35.0082,1
2024-09-24 01:30:00,10.0409,1,4.0082,1,35.0082,1
2024-09-24 02:00:00,10.0406,1,4.0081,1,35.0081,1
2024-09-24 02:30:00,10.0404,1,4.0081,1,35.0081,1
2024-09-24 03:00:00,10.0402,1,4.0080,1,35.0080,1
2024-09-24 03:30:00,10.0400,1,4.0080,1,35.0080,1
2024-09-24 04:00:00,10.0397,1,4.0079,1,35.0079,1
2024-09-24 04:30:00,10.0395,1,4.0079,1,35.0079,1
2024-09-24 05:00:00,10.0393,1,4.0079,1,35.0079,1
2024-09-24 05:30:00,10.0391,1,4.0078,1,35.0078,1
2024-09-24 06:00:00,10.0388,1,4.0078,1,35.0078,1
2024-09-24 06:30:00,10.0386,1,4.0077,1,35.0077,1
2024-09-24 07:00:00,10.0384,1,4.0077,1,35.0077,1
2024-09-24 07:30:00,10.0382,1,4.0076,1,35.0076,1
2024-09-24 08:00:00,10.0380,1,4.0076,1,35.0076,1
2024-09-24 08:30:00,10.0377,1,4.0075,1,35.0075,1
2024-09-24 09:00:00,10.0375,1,4.0075,1,35.0075,1
2024-09-24 09:30:00,10.0373,1,4.0075,1,35.0075,1
2024-09-24 10:00:00,10.0371,1,4.0074,1,35.0074,1
2024-09-24 10:30:00,10.0369,1,4.0074,1,35.0074,1
2024-09-24 11:00:00,10.0366,1,4.0073,1,35.0073,1
2024-09-24 11:30:00,10.0364,1,4.0073,1,35.0073,1
2024-09-24 12:00:00,10.0362,1,4.0072,1,35.0072,1
2024-09-24 12:30:00,10.0360,1,4.0072,1,35.0072,1
2024-09-24 13:00:00,10.0358,1,4.0072,1,35.0072,1
2024-09-24 13:30:00,10.0356,1,4.0071,1,35.0071,1
2024-09-24 14:00:00,10.0354,1,4.0071,1,35.0071,1
2024-09-24 14:30:00,10.0351,1,4.0070,1,35.0070,1
2024-09-24 15:00:00,10.0349,1,4.0070,1,35.0070,1
2024-09-24 15:30:00,10.0347,1,4.0069,1,35.0069,1
2024-09-24 16:00:00,10.0345,1,4.0069,1,35.0069,1
2024-09-24 16:30:00,10.0343,1,4.0069,1,35.0069,1
2024-09-24 17:00:00,10.0341,1,4.0068,1,35.0068,1
2024-09-24 17:30:00,10.0339,1,4.0068,1,35.0068,1
2024-09-24 18:00:00,10.0337,1,4.0067,1,35.0067,1
2024-09-24 18:30:00,10.0335,1,4.0067,1,35.0067,1
2024-09-24 19:00:00,10.0333,1,4.0067,1,35.0067,1
2024-09-24 19:30:00,10.0331,1,4.0066,1,35.0066,1
2024-09-24 20:00:00,10.0329,1,4.0066,1,35.0066,1
2024-09-24 20:30:00,10.0327,1,4.0065,1,35.0065,1
2024-09-24 21:00:00,10.0325,1,4.0065,1,35.0065,1
2024-09-24 21:30:00,10.0322,1,4.0064,1,35.0064,1
2024-09-24 22:00:00,10.0320,1,4.0064,1,35.0064,1
2024-09-24 22:30:00,10.0318,1,4.0064,1,35.0064,1
2024-09-24 23:00:00,10.0316,1,4.0063,1,35.0063,1
2024-09-24 23:30:00,10.0314,1,4.0063,1,35.0063,1
2024-09-25 00:00:00,10.0312,1,4.0062,1,35.0062,1
2024-09-25 00:30:00,10.0310,1,4.0062,1,35.0062,1
2024-09-25 01:00:00,10.0308,1,4.0062,1,35.0062,1
2024-09-25 01:30:00,10.0306,1,4.0061,1,35.0061,1
2024-09-25 02:00:00,10.0304,1,4.0061,1,35.0061,1
2024-09-25 02:30:00,10.0303,1,4.0061,1,35.0061,1
2024-09-25 03:00:00,10.0301,1,4.0060,1,35.0060,1
2024-09-25 03:30:00,10.0299,1,4.0060,1,35.0060,1
2024-09-25 04:00:00,10.0297,1,4.0059,1,35.0059,1
2024-09-25 04:30:00,10.0295,1,4.0059,1,35.0059,1
2024-09-25 05:00:00,10.0293,1,4.0059,1,35.0059,1
2024-09-25 05:30:00,10.0291,1,4.0058,1,35.0058,1
2024-09-25 06:00:00,10.0289,1,4.0058,1,35.0058,1
2024-09-25 06:30:00,10.0287,1,4.0057,1,35.0057,1
2024-09-25 07:00:00,10.0285,1,4.0057,1,35.0057,1
2024-09-25 07:30:00,10.0283,1,4.0057,1,35.0057,1
2024-09-25 08:00:00,10.0281,1,4.0056,1,35.0056,1
2024-09-25 08:30:00,10.0279,1,4.0056,1,35.0056,1
2024-09-25 09:00:00,10.0278,1,4.0056,1,35.0056,1
2024-09-25 09:30:00,10.0276,1,4.0055,1,35.0055,1
2024-09-25 10:00:00,10.0274,1,4.0055,1,35.0055,1
2024-09-25 10:30:00,10.0272,1,4.0054,1,35.0054,1
2024-09-25 11:00:00,10.0270,1,4.0054,1,35.0054,1
2024-09-25 11:30:00,10.0268,1,4.0054,1,35.0054,1
2024-09-25 12:00:00,10.0266,1,4.0053,1,35.0053,1
2024-09-25 12:30:00,10.0265,1,4.0053,1,35.0053,1
2024-09-25 13:00:00,10.0263,1,4.0053,1,35.0053,1
2024-09-25 13:30:00,10.0261,1,4.0052,1,35.0052,1
2024-09-25 14:00:00,10.0259,1,4.0052,1,35.0052,1
2024-09-25 14:30:00,10.0257,1,4.0051,1,35.0051,1
2024-09-25 15:00:00,10.0255,1,4.0051,1,35.0051,1
2024-09-25 15:30:00,10.0254,1,4.0051,1,35.0051,1
2024-09-25 16:00:00,10.0252,1,4.0050,1,35.0050,1
2024-09-25 16:30:00,10.0250,1,4.0050,1,35.0050,1
2024-09-25 17:00:00,10.0248,1,4.0050,1,35.0050,1
2024-09-25 17:30:00,10.0246,1,4.0049,1,35.0049,1
2024-09-25 18:00:00,10.0245,1,4.0049,1,35.0049,1
2024-09-25 18:30:00,10.0243,1,4.0049,1,35.0049,1
2024-09-25 19:00:00,10.0241,1,4.0048,1,35.0048,1
2024-09-25 19:30:00,10.0239,1,4.0048,1,35.0048,1
2024-09-25 20:00:00,10.0238,1,4.0048,1,35.0048,1
2024-09-25 20:30:00,10.0236,1,4.0047,1,35.0047,1
2024-09-25 21:00:00,10.0234,1,4.0047,1,35.0047,1
2024-09-25 21:30:00,10.0232,1,4.0046,1,35.0046,1
2024-09-25 22:00:00,10.0231,1,4.0046,1,35.0046,1
2024-09-25 22:30:00,10.0229,1,4.0046,1,35.0046,1
2024-09-25 23:00:00,10.0227,1,4.0045,1,35.0045,1
2024-09-25 23:30:00,10.0226,1,4.0045,1,35.0045,1
2024-09-26 00:00:00,10.0224,1,4.0045,1,35.0045,1
2024-09-26 00:30:00,10.0222,1,4.0044,1,35.0044,1
2024-09-26 01:00:00,10.0221,1,4.0044,1,35.0044,1
2024-09-26 01:30:00,10.0219,1,4.0044,1,35.0044,1
2024-09-26 02:00:00,10.0217,1,4.0043,1,35.0043,1
2024-09-26 02:30:00,10.0216,1,4.0043,1,35.0043,1
2024-09-26 03:00:00,10.0214,1,4.0043,1,35.0043,1
2024-09-26 03:30:00,10.0212,1,4.0042,1,35.0042,1
2024-09-26 04:00:00,10.0211,1,4.0042,1,35.0042,1
2024-09-26 04:30:00,10.0209,1,4.0042,1,35.0042,1
2024-09-26 05:00:00,10.0207,1,4.0041,1,35.0041,1
2024-09-26 05:30:00,10.0206,1,4.0041,1,35.0041,1
2024-09-26 06:00:00,10.0204,1,4.0041,1,35.0041,1
2024-09-26 06:30:00,10.0203,1,4.0041,1,35.0041,1
2024-09-26 07:00:00,10.0201,1,4.0040,1,35.0040,1
2024-09-26 07:30:00,10.0199,1,4.0040,1,35.0040,1
2024-09-26 08:00:00,10.0198,1,4.0040,1,35.0040,1
2024-09-26 08:30:00,10.0196,1,4.0039,1,35.0039,1
2024-09-26 09:00:00,10.0195,1,4.0039,1,35.0039,1
2024-09-26 09:30:00,10.0193,1,4.0039,1,35.0039,1
2024-09-26 10:00:00,10.0191,1,4.0038,1,35.0038,1
2024-09-26 10:30:00,10.0190,1,4.0038,1,35.0038,1
2024-09-26 11:00:00,10.0188,1,4.0038,1,35.0038,1
2024-09-26 11:30:00,10.0187,1,4.0037,1,35.0037,1
2024-09-26 12:00:00,10.0185,1,4.0037,1,35.0037,1
2024-09-26 12:30:00,10.0184,1,4.0037,1,35.0037,1
2024-09-26 13:00:00,10.0182,1,4.0036,1,35.0036,1
2024-09-26 13:30:00,10.0181,1,4.0036,1,35.0036,1
2024-09-26 14:00:00,10.0179,1,4.0036,1,35.0036,1
2024-09-26 14:30:00,10.0178,1,4.0036,1,35.0036,1
2024-09-26 15:00:00,10.0176,1,4.0035,1,35.0035,1
2024-09-26 15:30:00,10.0175,1,4.0035,1,35.0035,1
2024-09-26 16:00:00,10.0173,1,4.0035,1,35.0035,1
2024-09-26 16:30:00,10.0172,1,4.0034,1,35.0034,1
2024-09-26 17:00:00,10.0170,1,4.0034,1,35.0034,1
2024-09-26 17:30:00,10.0169,1,4.0034,1,35.0034,1
2024-09-26 18:00:00,10.0167,1,4.0033,1,35.0033,1
2024-09-26 18:30:00,10.0166,1,4.0033,1,35.0033,1
2024-09-26 19:00:00,10.0164,1,4.0033,1,35.0033,1
2024-09-26 19:30:00,10.0163,1,4.0033,1,35.0033,1
2024-09-26 20:00:00,10.0161,1,4.0032,1,35.0032,1
2024-09-26 20:30:00,10.0160,1,4.0032,1,35.0032,1
2024-09-26 21:00:00,10.0159,1,4.0032,1,35.0032,1
2024-09-26 21:30:00,10.0157,1,4.0031,1,35.0031,1
2024-09-26 22:00:00,10.0156,1,4.0031,1,35.0031,1
2024-09-26 22:30:00,10.0154,1,4.0031,1,35.0031,1
2024-09-26 23:00:00,10.0153,1,4.0031,1,35.0031,1
2024-09-26 23:30:00,10.0152,1,4.0030,1,35.0030,1
2024-09-27 00:00:00,10.0150,1,4.0030,1,35.0030,1
2024-09-27 00:30:00,10.0149,1,4.0030,1,35.0030,1
2024-09-27 01:00:00,10.0147,1,4.0029,1,35.0029,1
2024-09-27 01:30:00,10.0146,1,4.0029,1,35.0029,1
2024-09-27 02:00:00,10.0145,1,4.0029,1,35.0029,1
2024-09-27 02:30:00,10.0143,1,4.0029,1,35.0029,1
2024-09-27 03:00:00,10.0142,1,4.0028,1,35.0028,1
2024-09-27 03:30:00,10.0141,1,4.0028,1,35.0028,1
2024-09-27 04:00:00,10.0139,1,4.0028,1,35.0028,1
2024-09-27 04:30:00,10.0138,1,4.0028,1,35.0028,1
2024-09-27 05:00:00,10.0137,1,4.0027,1,35.0027,1
2024-09-27 05:30:00,10.0135,1,4.0027,1,35.0027,1
2024-09-27 06:00:00,10.0134,1,4.0027,1,35.0027,1
2024-09-27 06:30:00,10.0133,1,4.0027,1,35.0027,1
2024-09-27 07:00:00,10.0131,1,4.0026,1,35.0026,1
2024-09-27 07:30:00,10.0130,1,4.0026,1,35.0026,1
2024-09-27 08:00:00,10.0129,1,4.0026,1,35.0026,1
2024-09-27 08:30:00,10.0128,1,4.0026,1,35.0026,1
2024-09-27 09:00:00,10.0126,1,4.0025,1,35.0025,1
2024-09-27 09:30:00,10.0125,1,4.0025,1,35.0025,1
2024-09-27 10:00:00,10.0124,1,4.0025,1,35.0025,1
2024-09-27 10:30:00,10.0122,1,4.0024,1,35.0024,1
2024-09-27 11:00:00,10.0121,1,4.0024,1,35.0024,1
2024-09-27 11:30:00,10.0120,1,4.0024,1,35.0024,1
2024-09-27 12:00:00,10.0119,1,4.0024,1,35.0024,1
2024-09-27 12:30:00,10.0118,1,4.0024,1,35.0024,1
2024-09-27 13:00:00,10.0116,1,4.0023,1,35.0023,1
2024-09-27 13:30:00,10.0115,1,4.0023,1,35.0023,1
2024-09-27 14:00:00,10.0114,1,4.0023,1,35.0023,1
2024-09-27 14:30:00,10.0113,1,4.0023,1,35.0023,1
2024-09-27 15:00:00,10.0111,1,4.0022,1,35.0022,1
2024-09-27 15:30:00,10.0110,1,4.0022,1,35.0022,1
2024-09-27 16:00:00,10.0109,1,4.0022,1,35.0022,1
2024-09-27 16:30:00,10.0108,1,4.0022,1,35.0022,1
2024-09-27 17:00:00,10.0107,1,4.0021,1,35.0021,1
2024-09-27 17:30:00,10.0106,1,4.0021,1,35.0021,1
2024-09-27 18:00:00,10.0104,1,4.0021,1,35.0021,1
2024-09-27 18:30:00,10.0103,1,4.0021,1,35.0021,1
2024-09-27 19:00:00,10.0102,1,4.0020,1,35.0020,1
2024-09-27 19:30:00,10.0101,1,4.0020,1,35.0020,1
2024-09-27 20:00:00,10.0100,1,4.0020,1,35.0020,1
2024-09-27 20:30:00,10.0099,1,4.0020,1,35.0020,1
2024-09-27 21:00:00,10.0098,1,4.0020,1,35.0020,1
2024-09-27 21:30:00,10.0096,1,4.0019,1,35.0019,1
2024-09-27 22:00:00,10.0095,1,4.0019,1,35.0019,1
2024-09-27 22:30:00,10.0094,1,4.0019,1,35.0019,1
2024-09-27 23:00:00,10.0093,1,4.0019,1,35.0019,1
2024-09-27 23:30:00,10.0092,1,4.0018,1,35.0018,1
2024-09-28 00:00:00,10.0091,1,4.0018,1,35.0018,1
2024-09-28 00:30:00,10.0090,1,4.0018,1,35.0018,1
2024-09-28 01:00:00,10.0089,1,4.0018,1,35.0018,1
2024-09-28 01:30:00,10.0088,1,4.0018,1,35.0018,1
2024-09-28 02:00:00,10.0087,1,4.0017,1,35.0017,1
2024-09-28 02:30:00,10.0086,1,4.0017,1,35.0017,1
2024-09-28 03:00:00,10.0085,1,4.0017,1,35.0017,1
2024-09-28 03:30:00,10.0084,1,4.0017,1,35.0017,1
2024-09-28 04:00:00,10.0083,1,4.0017,1,35.0017,1
2024-09-28 04:30:00,10.0082,1,4.0016,1,35.0016,1
2024-09-28 05:00:00,10.0081,1,4.0016,1,35.0016,1
2024-09-28 05:30:00,10.0080,1,4.0016,1,35.0016,1
2024-09-28 06:00:00,10.0079,1,4.0016,1,35.0016,1
2024-09-28 06:30:00,10.0078,1,4.0016,1,35.0016,1
2024-09-28 07:00:00,10.0077,1,4.0015,1,35.0015,1
2024-09-28 07:30:00,10.0076,1,4.0015,1,35.0015,1
2024-09-28 08:00:00,10.0075,1,4.0015,1,35.0015,1
2024-09-28 08:30:00,10.0074,1,4.0015,1,35.0015,1
2024-09-28 09:00:00,10.0073,1,4.0015,1,35.0015,1
2024-09-28 09:30:00,10.0072,1,4.0014,1,35.0014,1
2024-09-28 10:00:00,10.0071,1,4.0014,1,35.0014,1
2024-09-28 10:30:00,10.0070,1,4.0014,1,35.0014,1
2024-09-28 11:00:00,10.0069,1,4.0014,1,35.0014,1
2024-09-28 11:30:00,10.0068,1,4.0014,1,35.0014,1
2024-09-28 12:00:00,10.0067,1,4.0013,1,35.0013,1
2024-09-28 12:30:00,10.0066,1,4.0013,1,35.0013,1
2024-09-28 13:00:00,10.0065,1,4.0013,1,35.0013,1
2024-09-28 13:30:00,10.0064,1,4.0013,1,35.0013,1
2024-09-28 14:00:00,10.0063,1,4.0013,1,35.0013,1
2024-09-28 14:30:00,10.0062,1,4.0012,1,35.0012,1
2024-09-28 15:00:00,10.0062,1,4.0012,1,35.0012,1
2024-09-28 15:30:00,10.0061,1,4.0012,1,35.0012,1
2024-09-28 16:00:00,10.0060,1,4.0012,1,35.0012,1
2024-09-28 16:30:00,10.0059,1,4.0012,1,35.0012,1
2024-09-28 17:00:00,10.0058,1,4.0012,1,35.0012,1
2024-09-28 17:30:00,10.0057,1,4.0011,1,35.0011,1
2024-09-28 18:00:00,10.0056,1,4.0011,1,35.0011,1
2024-09-28 18:30:00,10.0055,1,4.0011,1,35.0011,1
2024-09-28 19:00:00,10.0055,1,4.0011,1,35.0011,1
2024-09-28 19:30:00,10.0054,1,4.0011,1,35.0011,1
2024-09-28 20:00:00,10.0053,1,4.0011,1,35.0011,1
2024-09-28 20:30:00,10.0052,1,4.0010,1,35.0010,1
2024-09-28 21:00:00,10.0051,1,4.0010,1,35.0010,1
2024-09-28 21:30:00,10.0051,1,4.0010,1,35.0010,1
2024-09-28 22:00:00,10.0050,1,4.0010,1,35.0010,1
2024-09-28 22:30:00,10.0049,1,4.0010,1,35.0010,1
2024-09-28 23:00:00,10.0048,1,4.0010,1,35.0010,1
2024-09-28 23:30:00,10.0047,1,4.0009,1,35.0009,1
2024-09-29 00:00:00,10.0047,1,4.0009,1,35.0009,1
2024-09-29 00:30:00,10.0046,1,4.0009,1,35.0009,1
2024-09-29 01:00:00,10.0045,1,4.0009,1,35.0009,1
2024-09-29 01:30:00,10.0044,1,4.0009,1,35.0009,1
2024-09-29 02:00:00,10.0044,1,4.0009,1,35.0009,1
2024-09-29 02:30:00,10.0043,1,4.0009,1,35.0009,1
2024-09-29 03:00:00,10.0042,1,4.0008,1,35.0008,1
2024-09-29 03:30:00,10.0041,1,4.0008,1,35.0008,1
2024-09-29 04:00:00,10.0041,1,4.0008,1,35.0008,1
2024-09-29 04:30:00,10.0040,1,4.0008,1,35.0008,1
2024-09-29 05:00:00,10.0039,1,4.0008,1,35.0008,1
2024-09-29 05:30:00,10.0039,1,4.0008,1,35.0008,1
2024-09-29 06:00:00,10.0038,1,4.0008,1,35.0008,1
2024-09-29 06:30:00,10.0037,1,4.0007,1,35.0007,1
2024-09-29 07:00:00,10.0036,1,4.0007,1,35.0007,1
2024-09-29 07:30:00,10.0036,1,4.0007,1,35.0007,1
2024-09-29 08:00:00,10.0035,1,4.0007,1,35.0007,1
2024-09-29 08:30:00,10.0034,1,4.0007,1,35.0007,1
2024-09-29 09:00:00,10.0034,1,4.0007,1,35.0007,1
2024-09-29 09:30:00,10.0033,1,4.0007,1,35.0007,1
2024-09-29 10:00:00,10.0032,1,4.0006,1,35.0006,1
2024-09-29 10:30:00,10.0032,1,4.0006,1,35.0006,1
2024-09-29 11:00:00,10.0031,1,4.0006,1,35.0006,1
2024-09-29 11:30:00,10.0031,1,4.0006,1,35.0006,1
2024-09-29 12:00:00,10.0030,1,4.0006,1,35.0006,1
2024-09-29 12:30:00,10.0029,1,4.0006,1,35.0006,1
2024-09-29 13:00:00,10.0029,1,4.0006,1,35.0006,1
2024-09-29 13:30:00,10.0028,1,4.0006,1,35.0006,1
2024-09-29 14:00:00,10.0028,1,4.0006,1,35.0006,1
2024-09-29 14:30:00,10.0027,1,4.0005,1,35.0005,1
2024-09-29 15:00:00,10.0026,1,4.0005,1,35.0005,1
2024-09-29 15:30:00,10.0026,1,4.0005,1,35.0005,1
2024-09-29 16:00:00,10.0025,1,4.0005,1,35.0005,1
2024-09-29 16:30:00,10.0025,1,4.0005,1,35.0005,1
2024-09-29 17:00:00,10.0024,1,4.0005,1,35.0005,1
2024-09-29 17:30:00,10.0024,1,4.0005,1,35.0005,1
2024-09-29 18:00:00,10.0023,1,4.0005,1,35.0005,1
2024-09-29 18:30:00,10.0022,1,4.0004,1,35.0004,1
2024-09-29 19:00:00,10.0022,1,4.0004,1,35.0004,1
2024-09-29 19:30:00,10.0021,1,4.0004,1,35.0004,1
2024-09-29 20:00:00,10.0021,1,4.0004,1,35.0004,1
2024-09-29 20:30:00,10.0020,1,4.0004,1,35.0004,1
2024-09-29 21:00:00,10.0020,1,4.0004,1,35.0004,1
2024-09-29 21:30:00,10.0019,1,4.0004,1,35.0004,1
2024-09-29 22:00:00,10.0019,1,4.0004,1,35.0004,1
2024-09-29 22:30:00,10.0018,1,4.0004,1,35.0004,1
2024-09-29 23:00:00,10.0018,1,4.0004,1,35.0004,1
2024-09-29 23:30:00,10.0017,1,4.0003,1,35.0003,1
2024-09-30 00:00:00,10.0017,1,4.0003,1,35.0003,1
2024-09-30 00:30:00,10.0016,1,4.0003,1,35.0003,1
2024-09-30 01:00:00,10.0016,1,4.0003,1,35.0003,1
2024-09-30 01:30:00,10.0016,1,4.0003,1,35.0003,1
2024-09-30 02:00:00,10.0015,1,4.0003,1,35.0003,1
2024-09-30 02:30:00,10.0015,1,4.0003,1,35.0003,1
2024-09-30 03:00:00,10.0014,1,4.0003,1,35.0003,1
2024-09-30 03:30:00,10.0014,1,4.0003,1,35.0003,1
2024-09-30 04:00:00,10.0013,1,4.0003,1,35.0003,1
2024-09-30 04:30:00,10.0013,1,4.0003,1,35.0003,1
2024-09-30 05:00:00,10.0013,1,4.0003,1,35.0003,1
2024-09-30 05:30:00,10.0012,1,4.0002,1,35.0002,1
2024-09-30 06:00:00,10.0012,1,4.0002,1,35.0002,1
2024-09-30 06:30:00,10.0011,1,4.0002,1,35.0002,1
2024-09-30 07:00:00,10.0011,1,4.0002,1,35.0002,1
2024-09-30 07:30:00,10.0011,1,4.0002,1,35.0002,1
2024-09-30 08:00:00,10.0010,1,4.0002,1,35.0002,1
2024-09-30 08:30:00,10.0010,1,4.0002,1,35.0002,1
2024-09-30 09:00:00,10.0010,1,4.0002,1,35.0002,1
2024-09-30 09:30:00,10.0009,1,4.0002,1,35.0002,1
2024-09-30 10:00:00,10.0009,1,4.0002,1,35.0002,1
2024-09-30 10:30:00,10.0009,1,4.0002,1,35.0002,1
2024-09-30 11:00:00,10.0008,1,4.0002,1,35.0002,1
2024-09-30 11:30:00,10.0008,1,4.0002,1,35.0002,1
2024-09-30 12:00:00,10.0008,1,4.0002,1,35.0002,1
2024-09-30 12:30:00,10.0007,1,4.0001,1,35.0001,1
2024-09-30 13:00:00,10.0007,1,4.0001,1,35.0001,1
2024-09-30 13:30:00,10.0007,1,4.0001,1,35.0001,1
2024-09-30 14:00:00,10.0006,1,4.0001,1,35.0001,1
2024-09-30 14:30:00,10.0006,1,4.0001,1,35.0001,1
2024-09-30 15:00:00,10.0006,1,4.0001,1,35.0001,1
2024-09-30 15:30:00,10.0006,1,4.0001,1,35.0001,1
2024-09-30 16:00:00,10.0005,1,4.0001,1,35.0001,1
2024-09-30 16:30:00,10.0005,1,4.0001,1,35.0001,1
2024-09-30 17:00:00,10.0005,1,4.0001,1,35.0001,1
2024-09-30 17:30:00,10.0005,1,4.0001,1,35.0001,1
2024-09-30 18:00:00,10.0004,1,4.0001,1,35.0001,1
2024-09-30 18:30:00,10.0004,1,4.0001,1,35.0001,1
2024-09-30 19:00:00,10.0004,1,4.0001,1,35.0001,1
2024-09-30 19:30:00,10.0004,1,4.0001,1,35.0001,1
2024-09-30 20:00:00,10.0003,1,4.0001,1,35.0001,1
2024-09-30 20:30:00,10.0003,1,4.0001,1,35.0001,1
2024-09-30 21:00:00,10.0003,1,4.0001,1,35.0001,1
2024-09-30 21:30:00,10.0003,1,4.0001,1,35.0001,1
2024-09-30 22:00:00,10.0003,1,4.0001,1,35.0001,1
2024-09-30 22:30:00,10.0002,1,4.0000,1,35.0000,1
2024-09-30 23:00:00,10.0002,1,4.0000,1,35.0000,1
2024-09-30 23:30:00,10.0002,1,4.0000,1,35.0000,1
2024-10-01 00:00:00,10.0002,1,4.0000,1,35.0000,1
2024-10-01 00:30:00,10.0002,1,4.0000,1,35.0000,1
2024-10-01 01:00:00,10.0002,1,4.0000,1,35.0000,1
2024-10-01 01:30:00,10.0002,1,4.0000,1,35.0000,1
2024-10-01 02:00:00,10.0001,1,4.0000,1,35.0000,1
2024-10-01 02:30:00,10.0001,1,4.0000,1,35.0000,1
2024-10-01 03:00:00,10.0001,1,4.0000,1,35.0000,1
2024-10-01 03:30:00,10.0001,1,4.0000,1,35.0000,1
2024-10-01 04:00:00,10.0001,1,4.0000,1,35.0000,1
2024-10-01 04:30:00,10.0001,1,4.0000,1,35.0000,1
2024-10-01 05:00:00,10.0001,1,4.0000,1,35.0000,1
2024-10-01 05:30:00,10.0001,1,4.0000,1,35.0000,1
2024-10-01 06:00:00,10.0001,1,4.0000,1,35.0000,1
2024-10-01 06:30:00,10.0000,1,4.0000,1,35.0000,1
2024-10-01 07:00:00,10.0000,1,4.0000,1,35.0000,1
2024-10-01 07:30:00,10.0000,1,4.0000,1,35.0000,1
2024-10-01 08:00:00,10.0000,1,4.0000,1,35.0000,1
2024-10-01 08:30:00,10.0000,1,4.0000,1,35.0000,1
2024-10-01 09:00:00,10.0000,1,4.0000,1,35.0000,1
2024-10-01 09:30:00,10.0000,1,4.0000,1,35.0000,1
2024-10-01 10:00:00,10.0000,1,4.0000,1,35.0000,1
2024-10-01 10:30:00,10.0000,1,4.0000,1,35.0000,1
2024-10-01 11:00:00,10.0000,1,4.0000,1,35.0000,1
2024-10-01 11:30:00,10.0000,1,4.0000,1,35.0000,1
2024-10-01 12:00:00,10.0000,1,4.0000,1,35.0000,1
2024-10-01 12:30:00,10.0000,1,4.0000,1,35.0000,1
2024-10-01 13:00:00,10.0000,1,4.0000,1,35.0000,1
2024-10-01 13:30:00,10.0000,1,4.0000,1,35.0000,1
2024-10-01 14:00:00,10.0000,1,4.0000,1,35.0000,1
2024-10-01 14:30:00,10.0000,1,4.0000,1,35.0000,1
2024-10-01 15:00:00,10.0000,1,4.0000,1,35.0000,1
2024-10-01 15:30:00,10.0000,1,4.0000,1,35.0000,1
2024-10-01 16:00:00,10.0000,1,4.0000,1,35.0000,1
2024-10-01 16:30:00,10.0000,1,4.0000,1,35.0000,1
2024-10-01 17:00:00,10.0000,1,4.0000,1,35.0000,1
2024-10-01 17:30:00,10.0000,1,4.0000,1,35.0000,1
2024-10-01 18:00:00,10.0000,1,4.0000,1,35.0000,1
2024-10-01 18:30:00,10.0000,1,4.0000,1,35.0000,1
2024-10-01 19:00:00,10.0001,1,4.0000,1,35.0000,1
2024-10-01 19:30:00,10.0001,1,4.0000,1,35.0000,1
2024-10-01 20:00:00,10.0001,1,4.0000,1,35.0000,1
2024-10-01 20:30:00,10.0001,1,4.0000,1,35.0000,1
2024-10-01 21:00:00,10.0001,1,4.0000,1,35.0000,1
2024-10-01 21:30:00,10.0001,1,4.0000,1,35.0000,1
2024-10-01 22:00:00,10.0001,1,4.0000,1,35.0000,1
2024-10-01 22:30:00,10.0001,1,4.0000,1,35.0000,1
2024-10-01 23:00:00,10.0001,1,4.0000,1,35.0000,1
2024-10-01 23:30:00,10.0002,1,4.0000,1,35.0000,1
2024-10-02 00:00:00,10.0002,1,4.0000,1,35.0000,1
2024-10-02 00:30:00,10.0002,1,4.0000,1,35.0000,1
2024-10-02 01:00:00,10.0002,1,4.0000,1,35.0000,1
2024-10-02 01:30:00,10.0002,1,4.0000,1,35.0000,1
2024-10-02 02:00:00,10.0002,1,4.0000,1,35.0000,1
2024-10-02 02:30:00,10.0003,1,4.0001,1,35.0001,1
2024-10-02 03:00:00,10.0003,1,4.0001,1,35.0001,1
2024-10-02 03:30:00,10.0003,1,4.0001,1,35.0001,1
2024-10-02 04:00:00,10.0003,1,4.0001,1,35.0001,1
2024-10-02 04:30:00,10.0003,1,4.0001,1,35.0001,1
2024-10-02 05:00:00,10.0004,1,4.0001,1,35.0001,1
2024-10-02 05:30:00,10.0004,1,4.0001,1,35.0001,1
2024-10-02 06:00:00,10.0004,1,4.0001,1,35.0001,1
2024-10-02 06:30:00,10.0004,1,4.0001,1,35.0001,1
2024-10-02 07:00:00,10.0004,1,4.0001,1,35.0001,1
2024-10-02 07:30:00,10.0005,1,4.0001,1,35.0001,1
2024-10-02 08:00:00,10.0005,1,4.0001,1,35.0001,1
2024-10-02 08:30:00,10.0005,1,4.0001,1,35.0001,1
2024-10-02 09:00:00,10.0005,1,4.0001,1,35.0001,1
2024-10-02 09:30:00,10.0006,1,4.0001,1,35.0001,1
2024-10-02 10:00:00,10.0006,1,4.0001,1,35.0001,1
2024-10-02 10:30:00,10.0006,1,4.0001,1,35.0001,1
2024-10-02 11:00:00,10.0007,1,4.0001,1,35.0001,1
2024-10-02 11:30:00,10.0007,1,4.0001,1,35.0001,1
2024-10-02 12:00:00,10.0007,1,4.0001,1,35.0001,1
2024-10-02 12:30:00,10.0007,1,4.0001,1,35.0001,1
2024-10-02 13:00:00,10.0008,1,4.0002,1,35.0002,1
2024-10-02 13:30:00,10.0008,1,4.0002,1,35.0002,1
2024-10-02 14:00:00,10.0008,1,4.0002,1,35.0002,1
2024-10-02 14:30:00,10.0009,1,4.0002,1,35.0002,1
2024-10-02 15:00:00,10.0009,1,4.0002,1,35.0002,1
2024-10-02 15:30:00,10.0009,1,4.0002,1,35.0002,1
2024-10-02 16:00:00,10.0010,1,4.0002,1,35.0002,1
2024-10-02 16:30:00,10.0010,1,4.0002,1,35.0002,1
2024-10-02 17:00:00,10.0010,1,4.0002,1,35.0002,1
2024-10-02 17:30:00,10.0011,1,4.0002,1,35.0002,1
2024-10-02 18:00:00,10.0011,1,4.0002,1,35.0002,1
2024-10-02 18:30:00,10.0012,1,4.0002,1,35.0002,1
2024-10-02 19:00:00,10.0012,1,4.0002,1,35.0002,1
2024-10-02 19:30:00,10.0012,1,4.0002,1,35.0002,1
2024-10-02 20:00:00,10.0013,1,4.0003,1,35.0003,1
2024-10-02 20:30:00,10.0013,1,4.0003,1,35.0003,1
2024-10-02 21:00:00,10.0014,1,4.0003,1,35.0003,1
2024-10-02 21:30:00,10.0014,1,4.0003,1,35.0003,1
2024-10-02 22:00:00,10.0014,1,4.0003,1,35.0003,1
2024-10-02 22:30:00,10.0015,1,4.0003,1,35.0003,1
2024-10-02 23:00:00,10.0015,1,4.0003,1,35.0003,1
2024-10-02 23:30:00,10.0016,1,4.0003,1,35.0003,1
2024-10-03 00:00:00,10.0016,1,4.0003,1,35.0003,1
2024-10-03 00:30:00,10.0017,1,4.0003,1,35.0003,1
2024-10-03 01:00:00,10.0017,1,4.0003,1,35.0003,1
2024-10-03 01:30:00,10.0018,1,4.0004,1,35.0004,1
2024-10-03 02:00:00,10.0018,1,4.0004,1,35.0004,1
2024-10-03 02:30:00,10.0019,1,4.0004,1,35.0004,1
2024-10-03 03:00:00,10.0019,1,4.0004,1,35.0004,1
2024-10-03 03:30:00,10.0020,1,4.0004,1,35.0004,1
2024-10-03 04:00:00,10.0020,1,4.0004,1,35.0004,1
2024-10-03 04:30:00,10.0021,1,4.0004,1,35.0004,1
2024-10-03 05:00:00,10.0021,1,4.0004,1,35.0004,1
2024-10-03 05:30:00,10.0022,1,4.0004,1,35.0004,1
2024-10-03 06:00:00,10.0022,1,4.0004,1,35.0004,1
2024-10-03 06:30:00,10.0023,1,4.0005,1,35.0005,1
2024-10-03 07:00:00,10.0023,1,4.0005,1,35.0005,1
2024-10-03 07:30:00,10.0024,1,4.0005,1,35.0005,1
2024-10-03 08:00:00,10.0024,1,4.0005,1,35.0005,1
2024-10-03 08:30:00,10.0025,1,4.0005,1,35.0005,1
2024-10-03 09:00:00,10.0025,1,4.0005,1,35.0005,1
2024-10-03 09:30:00,10.0026,1,4.0005,1,35.0005,1
2024-10-03 10:00:00,10.0027,1,4.0005,1,35.0005,1
2024-10-03 10:30:00,10.0027,1,4.0005,1,35.0005,1
2024-10-03 11:00:00,10.0028,1,4.0006,1,35.0006,1
2024-10-03 11:30:00,10.0028,1,4.0006,1,35.0006,1
2024-10-03 12:00:00,10.0029,1,4.0006,1,35.0006,1
2024-10-03 12:30:00,10.0030,1,4.0006,1,35.0006,1
2024-10-03 13:00:00,10.0030,1,4.0006,1,35.0006,1
2024-10-03 13:30:00,10.0031,1,4.0006,1,35.0006,1
2024-10-03 14:00:00,10.0031,1,4.0006,1,35.0006,1
2024-10-03 14:30:00,10.0032,1,4.0006,1,35.0006,1
2024-10-03 15:00:00,10.0033,1,4.0007,1,35.0007,1
2024-10-03 15:30:00,10.0033,1,4.0007,1,35.0007,1
2024-10-03 16:00:00,10.0034,1,4.0007,1,35.0007,1
2024-10-03 16:30:00,10.0035,1,4.0007,1,35.0007,1
2024-10-03 17:00:00,10.0035,1,4.0007,1,35.0007,1
2024-10-03 17:30:00,10.0036,1,4.0007,1,35.0007,1
2024-10-03 18:00:00,10.0037,1,4.0007,1,35.0007,1
2024-10-03 18:30:00,10.0037,1,4.0007,1,35.0007,1
2024-10-03 19:00:00,10.0038,1,4.0008,1,35.0008,1
2024-10-03 19:30:00,10.0039,1,4.0008,1,35.0008,1
2024-10-03 20:00:00,10.0040,1,4.0008,1,35.0008,1
2024-10-03 20:30:00,10.0040,1,4.0008,1,35.0008,1
2024-10-03 21:00:00,10.0041,1,4.0008,1,35.0008,1
2024-10-03 21:30:00,10.0042,1,4.0008,1,35.0008,1
2024-10-03 22:00:00,10.0042,1,4.0008,1,35.0008,1
2024-10-03 22:30:00,10.0043,1,4.0009,1,35.0009,1
2024-10-03 23:00:00,10.0044,1,4.0009,1,35.0009,1
2024-10-03 23:30:00,10.0045,1,4.0009,1,35.0009,1
2024-10-04 00:00:00,10.0045,1,4.0009,1,35.0009,1
2024-10-04 00:30:00,10.0046,1,4.0009,1,35.0009,1
2024-10-04 01:00:00,10.0047,1,4.0009,1,35.0009,1
2024-10-04 01:30:00,10.0048,1,4.0010,1,35.0010,1
2024-10-04 02:00:00,10.0049,1,4.0010,1,35.0010,1
2024-10-04 02:30:00,10.0049,1,4.0010,1,35.0010,1
2024-10-04 03:00:00,10.0050,1,4.0010,1,35.0010,1
2024-10-04 03:30:00,10.0051,1,4.0010,1,35.0010,1
2024-10-04 04:00:00,10.0052,1,4.0010,1,35.0010,1
2024-10-04 04:30:00,10.0053,1,4.0011,1,35.0011,1
2024-10-04 05:00:00,10.0053,1,4.0011,1,35.0011,1
2024-10-04 05:30:00,10.0054,1,4.0011,1,35.0011,1
2024-10-04 06:00:00,10.0055,1,4.0011,1,35.0011,1
2024-10-04 06:30:00,10.0056,1,4.0011,1,35.0011,1
2024-10-04 07:00:00,10.0057,1,4.0011,1,35.0011,1
2024-10-04 07:30:00,10.0058,1,4.0012,1,35.0012,1
2024-10-04 08:00:00,10.0058,1,4.0012,1,35.0012,1
2024-10-04 08:30:00,10.0059,1,4.0012,1,35.0012,1
2024-10-04 09:00:00,10.0060,1,4.0012,1,35.0012,1
2024-10-04 09:30:00,10.0061,1,4.0012,1,35.0012,1
2024-10-04 10:00:00,10.0062,1,4.0012,1,35.0012,1
2024-10-04 10:30:00,10.0063,1,4.0013,1,35.0013,1
2024-10-04 11:00:00,10.0064,1,4.0013,1,35.0013,1
2024-10-04 11:30:00,10.0065,1,4.0013,1,35.0013,1
2024-10-04 12:00:00,10.0066,1,4.0013,1,35.0013,1
2024-10-04 12:30:00,10.0067,1,4.0013,1,35.0013,1
2024-10-04 13:00:00,10.0067,1,4.0013,1,35.0013,1
2024-10-04 13:30:00,10.0068,1,4.0014,1,35.0014,1
2024-10-04 14:00:00,10.0069,1,4.0014,1,35.0014,1
2024-10-04 14:30:00,10.0070,1,4.0014,1,35.0014,1
2024-10-04 15:00:00,10.0071,1,4.0014,1,35.0014,1
2024-10-04 15:30:00,10.0072,1,4.0014,1,35.0014,1
2024-10-04 16:00:00,10.0073,1,4.0015,1,35.0015,1
2024-10-04 16:30:00,10.0074,1,4.0015,1,35.0015,1
2024-10-04 17:00:00,10.0075,1,4.0015,1,35.0015,1
2024-10-04 17:30:00,10.0076,1,4.0015,1,35.0015,1
2024-10-04 18:00:00,10.0077,1,4.0015,1,35.0015,1
2024-10-04 18:30:00,10.0078,1,4.0016,1,35.0016,1
2024-10-04 19:00:00,10.0079,1,4.0016,1,35.0016,1
2024-10-04 19:30:00,10.0080,1,4.0016,1,35.0016,1
2024-10-04 20:00:00,10.0081,1,4.0016,1,35.0016,1
2024-10-04 20:30:00,10.0082,1,4.0016,1,35.0016,1
2024-10-04 21:00:00,10.0083,1,4.0017,1,35.0017,1
2024-10-04 21:30:00,10.0084,1,4.0017,1,35.0017,1
2024-10-04 22:00:00,10.0085,1,4.0017,1,35.0017,1
2024-10-04 22:30:00,10.0086,1,4.0017,1,35.0017,1
2024-10-04 23:00:00,10.0087,1,4.0017,1,35.0017,1
2024-10-04 23:30:00,10.0088,1,4.0018,1,35.0018,1
2024-10-05 00:00:00,10.0089,1,4.0018,1,35.0018,1
2024-10-05 00:30:00,10.0090,1,4.0018,1,35.0018,1
2024-10-05 01:00:00,10.0092,1,4.0018,1,35.0018,1
2024-10-05 01:30:00,10.0093,1,4.0019,1,35.0019,1
2024-10-05 02:00:00,10.0094,1,4.0019,1,35.0019,1
2024-10-05 02:30:00,10.0095,1,4.0019,1,35.0019,1
2024-10-05 03:00:00,10.0096,1,4.0019,1,35.0019,1
2024-10-05 03:30:00,10.0097,1,4.0019,1,35.0019,1
2024-10-05 04:00:00,10.0098,1,4.0020,1,35.0020,1
2024-10-05 04:30:00,10.0099,1,4.0020,1,35.0020,1
2024-10-05 05:00:00,10.0100,1,4.0020,1,35.0020,1
2024-10-05 05:30:00,10.0102,1,4.0020,1,35.0020,1
2024-10-05 06:00:00,10.0103,1,4.0021,1,35.0021,1
2024-10-05 06:30:00,10.0104,1,4.0021,1,35.0021,1
2024-10-05 07:00:00,10.0105,1,4.0021,1,35.0021,1
2024-10-05 07:30:00,10.0106,1,4.0021,1,35.0021,1
2024-10-05 08:00:00,10.0107,1,4.0021,1,35.0021,1
2024-10-05 08:30:00,10.0109,1,4.0022,1,35.0022,1
2024-10-05 09:00:00,10.0110,1,4.0022,1,35.0022,1
2024-10-05 09:30:00,10.0111,1,4.0022,1,35.0022,1
2024-10-05 10:00:00,10.0112,1,4.0022,1,35.0022,1
2024-10-05 10:30:00,10.0113,1,4.0023,1,35.0023,1
2024-10-05 11:00:00,10.0114,1,4.0023,1,35.0023,1
2024-10-05 11:30:00,10.0116,1,4.0023,1,35.0023,1
2024-10-05 12:00:00,10.0117,1,4.0023,1,35.0023,1
2024-10-05 12:30:00,10.0118,1,4.0024,1,35.0024,1
2024-10-05 13:00:00,10.0119,1,4.0024,1,35.0024,1
2024-10-05 13:30:00,10.0121,1,4.0024,1,35.0024,1
2024-10-05 14:00:00,10.0122,1,4.0024,1,35.0024,1
2024-10-05 14:30:00,10.0123,1,4.0025,1,35.0025,1
2024-10-05 15:00:00,10.0124,1,4.0025,1,35.0025,1
2024-10-05 15:30:00,10.0126,1,4.0025,1,35.0025,1
2024-10-05 16:00:00,10.0127,1,4.0025,1,35.0025,1
2024-10-05 16:30:00,10.0128,1,4.0026,1,35.0026,1
2024-10-05 17:00:00,10.0129,1,4.0026,1,35.0026,1
2024-10-05 17:30:00,10.0131,1,4.0026,1,35.0026,1
2024-10-05 18:00:00,10.0132,1,4.0026,1,35.0026,1
2024-10-05 18:30:00,10.0133,1,4.0027,1,35.0027,1
2024-10-05 19:00:00,10.0135,1,4.0027,1,35.0027,1
2024-10-05 19:30:00,10.0136,1,4.0027,1,35.0027,1
2024-10-05 20:00:00,10.0137,1,4.0027,1,35.0027,1
2024-10-05 20:30:00,10.0139,1,4.0028,1,35.0028,1
2024-10-05 21:00:00,10.0140,1,4.0028,1,35.0028,1
2024-10-05 21:30:00,10.0141,1,4.0028,1,35.0028,1
2024-10-05 22:00:00,10.0143,1,4.0029,1,35.0029,1
2024-10-05 22:30:00,10.0144,1,4.0029,1,35.0029,1
2024-10-05 23:00:00,10.0145,1,4.0029,1,35.0029,1
2024-10-05 23:30:00,10.0147,1,4.0029,1,35.0029,1
2024-10-06 00:00:00,10.0148,1,4.0030,1,35.0030,1
2024-10-06 00:30:00,10.0149,1,4.0030,1,35.0030,1
2024-10-06 01:00:00,10.0151,1,4.0030,1,35.0030,1
2024-10-06 01:30:00,10.0152,1,4.0030,1,35.0030,1
2024-10-06 02:00:00,10.0154,1,4.0031,1,35.0031,1
2024-10-06 02:30:00,10.0155,1,4.0031,1,35.0031,1
2024-10-06 03:00:00,10.0156,1,4.0031,1,35.0031,1
2024-10-06 03:30:00,10.0158,1,4.0032,1,35.0032,1
2024-10-06 04:00:00,10.0159,1,4.0032,1,35.0032,1
2024-10-06 04:30:00,10.0161,1,4.0032,1,35.0032,1
2024-10-06 05:00:00,10.0162,1,4.0032,1,35.0032,1
2024-10-06 05:30:00,10.0164,1,4.0033,1,35.0033,1
2024-10-06 06:00:00,10.0165,1,4.0033,1,35.0033,1
2024-10-06 06:30:00,10.0166,1,4.0033,1,35.0033,1
2024-10-06 07:00:00,10.0168,1,4.0034,1,35.0034,1
2024-10-06 07:30:00,10.0169,1,4.0034,1,35.0034,1
2024-10-06 08:00:00,10.0171,1,4.0034,1,35.0034,1
2024-10-06 08:30:00,10.0172,1,4.0034,1,35.0034,1
2024-10-06 09:00:00,10.0174,1,4.0035,1,35.0035,1
2024-10-06 09:30:00,10.0175,1,4.0035,1,35.0035,1
2024-10-06 10:00:00,10.0177,1,4.0035,1,35.0035,1
2024-10-06 10:30:00,10.0178,1,4.0036,1,35.0036,1
2024-10-06 11:00:00,10.0180,1,4.0036,1,35.0036,1
2024-10-06 11:30:00,10.0181,1,4.0036,1,35.0036,1
2024-10-06 12:00:00,10.0183,1,4.0037,1,35.0037,1
2024-10-06 12:30:00,10.0184,1,4.0037,1,35.0037,1
2024-10-06 13:00:00,10.0186,1,4.0037,1,35.0037,1
2024-10-06 13:30:00,10.0188,1,4.0038,1,35.0038,1
2024-10-06 14:00:00,10.0189,1,4.0038,1,35.0038,1
2024-10-06 14:30:00,10.0191,1,4.0038,1,35.0038,1
2024-10-06 15:00:00,10.0192,1,4.0038,1,35.0038,1
2024-10-06 15:30:00,10.0194,1,4.0039,1,35.0039,1
2024-10-06 16:00:00,10.0195,1,4.0039,1,35.0039,1
2024-10-06 16:30:00,10.0197,1,4.0039,1,35.0039,1
2024-10-06 17:00:00,10.0199,1,4.0040,1,35.0040,1
2024-10-06 17:30:00,10.0200,1,4.0040,1,35.0040,1
2024-10-06 18:00:00,10.0202,1,4.0040,1,35.0040,1
2024-10-06 18:30:00,10.0203,1,4.0041,1,35.0041,1
2024-10-06 19:00:00,10.0205,1,4.0041,1,35.0041,1
2024-10-06 19:30:00,10.0207,1,4.0041,1,35.0041,1
2024-10-06 20:00:00,10.0208,1,4.0042,1,35.0042,1
2024-10-06 20:30:00,10.0210,1,4.0042,1,35.0042,1
2024-10-06 21:00:00,10.0211,1,4.0042,1,35.0042,1
2024-10-06 21:30:00,10.0213,1,4.0043,1,35.0043,1
2024-10-06 22:00:00,10.0215,1,4.0043,1,35.0043,1
2024-10-06 22:30:00,10.0216,1,4.0043,1,35.0043,1
2024-10-06 23:00:00,10.0218,1,4.0044,1,35.0044,1
2024-10-06 23:30:00,10.0220,1,4.0044,1,35.0044,1
2024-10-07 00:00:00,10.0221,1,4.0044,1,35.0044,1
2024-10-07 00:30:00,10.0223,1,4.0045,1,35.0045,1
2024-10-07 01:00:00,10.0225,1,4.0045,1,35.0045,1
2024-10-07 01:30:00,10.0226,1,4.0045,1,35.0045,1
2024-10-07 02:00:00,10.0228,1,4.0046,1,35.0046,1
2024-10-07 02:30:00,10.0230,1,4.0046,1,35.0046,1
2024-10-07 03:00:00,10.0232,1,4.0046,1,35.0046,1
2024-10-07 03:30:00,10.0233,1,4.0047,1,35.0047,1
2024-10-07 04:00:00,10.0235,1,4.0047,1,35.0047,1
2024-10-07 04:30:00,10.0237,1,4.0047,1,35.0047,1
2024-10-07 05:00:00,10.0239,1,4.0048,1,35.0048,1
2024-10-07 05:30:00,10.0240,1,4.0048,1,35.0048,1
2024-10-07 06:00:00,10.0242,1,4.0048,1,35.0048,1
2024-10-07 06:30:00,10.0244,1,4.0049,1,35.0049,1
2024-10-07 07:00:00,10.0246,1,4.0049,1,35.0049,1
2024-10-07 07:30:00,10.0247,1,4.0049,1,35.0049,1
2024-10-07 08:00:00,10.0249,1,4.0050,1,35.0050,1
2024-10-07 08:30:00,10.0251,1,4.0050,1,35.0050,1
2024-10-07 09:00:00,10.0253,1,4.0051,1,35.0051,1
2024-10-07 09:30:00,10.0255,1,4.0051,1,35.0051,1
2024-10-07 10:00:00,10.0256,1,4.0051,1,35.0051,1
2024-10-07 10:30:00,10.0258,1,4.0052,1,35.0052,1
2024-10-07 11:00:00,10.0260,1,4.0052,1,35.0052,1
2024-10-07 11:30:00,10.0262,1,4.0052,1,35.0052,1
2024-10-07 12:00:00,10.0264,1,4.0053,1,35.0053,1
2024-10-07 12:30:00,10.0265,1,4.0053,1,35.0053,1
2024-10-07 13:00:00,10.0267,1,4.0053,1,35.0053,1
2024-10-07 13:30:00,10.0269,1,4.0054,1,35.0054,1
2024-10-07 14:00:00,10.0271,1,4.0054,1,35.0054,1
2024-10-07 14:30:00,10.0273,1,4.0055,1,35.0055,1
2024-10-07 15:00:00,10.0275,1,4.0055,1,35.0055,1
2024-10-07 15:30:00,10.0277,1,4.0055,1,35.0055,1
2024-10-07 16:00:00,10.0278,1,4.0056,1,35.0056,1
2024-10-07 16:30:00,10.0280,1,4.0056,1,35.0056,1
2024-10-07 17:00:00,10.0282,1,4.0056,1,35.0056,1
2024-10-07 17:30:00,10.0284,1,4.0057,1,35.0057,1
2024-10-07 18:00:00,10.0286,1,4.0057,1,35.0057,1
2024-10-07 18:30:00,10.0288,1,4.0058,1,35.0058,1
2024-10-07 19:00:00,10.0290,1,4.0058,1,35.0058,1
2024-10-07 19:30:00,10.0292,1,4.0058,1,35.0058,1
2024-10-07 20:00:00,10.0294,1,4.0059,1,35.0059,1
2024-10-07 20:30:00,10.0296,1,4.0059,1,35.0059,1
2024-10-07 21:00:00,10.0298,1,4.0060,1,35.0060,1
2024-10-07 21:30:00,10.0300,1,4.0060,1,35.0060,1
2024-10-07 22:00:00,10.0302,1,4.0060,1,35.0060,1
2024-10-07 22:30:00,10.0304,1,4.0061,1,35.0061,1
2024-10-07 23:00:00,10.0305,1,4.0061,1,35.0061,1
2024-10-07 23:30:00,10.0307,1,4.0061,1,35.0061,1
2024-10-08 00:00:00,10.0309,1,4.0062,1,35.0062,1
2024-10-08 00:30:00,10.0311,1,4.0062,1,35.0062,1
2024-10-08 01:00:00,10.0313,1,4.0063,1,35.0063,1
2024-10-08 01:30:00,10.0315,1,4.0063,1,35.0063,1
2024-10-08 02:00:00,10.0317,1,4.0063,1,35.0063,1
2024-10-08 02:30:00,10.0319,1,4.0064,1,35.0064,1
2024-10-08 03:00:00,10.0321,1,4.0064,1,35.0064,1
2024-10-08 03:30:00,10.0323,1,4.0065,1,35.0065,1
2024-10-08 04:00:00,10.0326,1,4.0065,1,35.0065,1
2024-10-08 04:30:00,10.0328,1,4.0066,1,35.0066,1
2024-10-08 05:00:00,10.0330,1,4.0066,1,35.0066,1
2024-10-08 05:30:00,10.0332,1,4.0066,1,35.0066,1
2024-10-08 06:00:00,10.0334,1,4.0067,1,35.0067,1
2024-10-08 06:30:00,10.0336,1,4.0067,1,35.0067,1
2024-10-08 07:00:00,10.0338,1,4.0068,1,35.0068,1
2024-10-08 07:30:00,10.0340,1,4.0068,1,35.0068,1
2024-10-08 08:00:00,10.0342,1,4.0068,1,35.0068,1
2024-10-08 08:30:00,10.0344,1,4.0069,1,35.0069,1
2024-10-08 09:00:00,10.0346,1,4.0069,1,35.0069,1
2024-10-08 09:30:00,10.0348,1,4.0070,1,35.0070,1
2024-10-08 10:00:00,10.0350,1,4.0070,1,35.0070,1
2024-10-08 10:30:00,10.0353,1,4.0071,1,35.0071,1
2024-10-08 11:00:00,10.0355,1,4.0071,1,35.0071,1
2024-10-08 11:30:00,10.0357,1,4.0071,1,35.0071,1
2024-10-08 12:00:00,10.0359,1,4.0072,1,35.0072,1
2024-10-08 12:30:00,10.0361,1,4.0072,1,35.0072,1
2024-10-08 13:00:00,10.0363,1,4.0073,1,35.0073,1
2024-10-08 13:30:00,10.0365,1,4.0073,1,35.0073,1
2024-10-08 14:00:00,10.0368,1,4.0074,1,35.0074,1
2024-10-08 14:30:00,10.0370,1,4.0074,1,35.0074,1
2024-10-08 15:00:00,10.0372,1,4.0074,1,35.0074,1
2024-10-08 15:30:00,10.0374,1,4.0075,1,35.0075,1
2024-10-08 16:00:00,10.0376,1,4.0075,1,35.0075,1
2024-10-08 16:30:00,10.0378,1,4.0076,1,35.0076,1
2024-10-08 17:00:00,10.0381,1,4.0076,1,35.0076,1
2024-10-08 17:30:00,10.0383,1,4.0077,1,35.0077,1
2024-10-08 18:00:00,10.0385,1,4.0077,1,35.0077,1
2024-10-08 18:30:00,10.0387,1,4.0077,1,35.0077,1
2024-10-08 19:00:00,10.0390,1,4.0078,1,35.0078,1
2024-10-08 19:30:00,10.0392,1,4.0078,1,35.0078,1
2024-10-08 20:00:00,10.0394,1,4.0079,1,35.0079,1
2024-10-08 20:30:00,10.0396,1,4.0079,1,35.0079,1
2024-10-08 21:00:00,10.0398,1,4.0080,1,35.0080,1
2024-10-08 21:30:00,10.0401,1,4.0080,1,35.0080,1
2024-10-08 22:00:00,10.0403,1,4.0081,1,35.0081,1
2024-10-08 22:30:00,10.0405,1,4.0081,1,35.0081,1
2024-10-08 23:00:00,10.0408,1,4.0082,1,35.0082,1
2024-10-08 23:30:00,10.0410,1,4.0082,1,35.0082,1
2024-10-09 00:00:00,10.0412,1,4.0082,1,35.0082,1
2024-10-09 00:30:00,10.0414,1,4.0083,1,35.0083,1
2024-10-09 01:00:00,10.0417,1,4.0083,1,35.0083,1
2024-10-09 01:30:00,10.0419,1,4.0084,1,35.0084,1
2024-10-09 02:00:00,10.0421,1,4.0084,1,35.0084,1
2024-10-09 02:30:00,10.0424,1,4.0085,1,35.0085,1
2024-10-09 03:00:00,10.0426,1,4.0085,1,35.0085,1
2024-10-09 03:30:00,10.0428,1,4.0086,1,35.0086,1
2024-10-09 04:00:00,10.0431,1,4.0086,1,35.0086,1
2024-10-09 04:30:00,10.0433,1,4.0087,1,35.0087,1
2024-10-09 05:00:00,10.0435,1,4.0087,1,35.0087,1
2024-10-09 05:30:00,10.0438,1,4.0088,1,35.0088,1
2024-10-09 06:00:00,10.0440,1,4.0088,1,35.0088,1
2024-10-09 06:30:00,10.0442,1,4.0088,1,35.0088,1
2024-10-09 07:00:00,10.0445,1,4.0089,1,35.0089,1
2024-10-09 07:30:00,10.0447,1,4.0089,1,35.0089,1
2024-10-09 08:00:00,10.0450,1,4.0090,1,35.0090,1
2024-10-09 08:30:00,10.0452,1,4.0090,1,35.0090,1
2024-10-09 09:00:00,10.0454,1,4.0091,1,35.0091,1
2024-10-09 09:30:00,10.0457,1,4.0091,1,35.0091,1
2024-10-09 10:00:00,10.0459,1,4.0092,1,35.0092,1
2024-10-09 10:30:00,10.0462,1,4.0092,1,35.0092,1
2024-10-09 11:00:00,10.0464,1,4.0093,1,35.0093,1
2024-10-09 11:30:00,10.0466,1,4.0093,1,35.0093,1
2024-10-09 12:00:00,10.0469,1,4.0094,1,35.0094,1
2024-10-09 12:30:00,10.0471,1,4.0094,1,35.0094,1
2024-10-09 13:00:00,10.0474,1,4.0095,1,35.0095,1
2024-10-09 13:30:00,10.0476,1,4.0095,1,35.0095,1
2024-10-09 14:00:00,10.0479,1,4.0096,1,35.0096,1
2024-10-09 14:30:00,10.0481,1,4.0096,1,35.0096,1
2024-10-09 15:00:00,10.0484,1,4.0097,1,35.0097,1
2024-10-09 15:30:00,10.0486,1,4.0097,1,35.0097,1
2024-10-09 16:00:00,10.0489,1,4.0098,1,35.0098,1
2024-10-09 16:30:00,10.0491,1,4.0098,1,35.0098,1
2024-10-09 17:00:00,10.0494,1,4.0099,1,35.0099,1
2024-10-09 17:30:00,10.0496,1,4.0099,1,35.0099,1
2024-10-09 18:00:00,10.0499,1,4.0100,1,35.0100,1
2024-10-09 18:30:00,10.0501,1,4.0100,1,35.0100,1
2024-10-09 19:00:00,10.0504,1,4.0101,1,35.0101,1
2024-10-09 19:30:00,10.0506,1,4.0101,1,35.0101,1
2024-10-09 20:00:00,10.0509,1,4.0102,1,35.0102,1
2024-10-09 20:30:00,10.0511,1,4.0102,1,35.0102,1
2024-10-09 21:00:00,10.0514,1,4.0103,1,35.0103,1
2024-10-09 21:30:00,10.0516,1,4.0103,1,35.0103,1
2024-10-09 22:00:00,10.0519,1,4.0104,1,35.0104,1
2024-10-09 22:30:00,10.0522,1,4.0104,1,35.0104,1
2024-10-09 23:00:00,10.0524,1,4.0105,1,35.0105,1
2024-10-09 23:30:00,10.0527,1,4.0105,1,35.0105,1
2024-10-10 00:00:00,10.0529,1,4.0106,1,35.0106,1
2024-10-10 00:30:00,10.0532,1,4.0106,1,35.0106,1
2024-10-10 01:00:00,10.0535,1,4.0107,1,35.0107,1
2024-10-10 01:30:00,10.0537,1,4.0107,1,35.0107,1
2024-10-10 02:00:00,10.0540,1,4.0108,1,35.0108,1
2024-10-10 02:30:00,10.0542,1,4.0108,1,35.0108,1
2024-10-10 03:00:00,10.0545,1,4.0109,1,35.0109,1
2024-10-10 03:30:00,10.0548,1,4.0110,1,35.0110,1
2024-10-10 04:00:00,10.0550,1,4.0110,1,35.0110,1
2024-10-10 04:30:00,10.0553,1,4.0111,1,35.0111,1
2024-10-10 05:00:00,10.0556,1,4.0111,1,35.0111,1
2024-10-10 05:30:00,10.0558,1,4.0112,1,35.0112,1
2024-10-10 06:00:00,10.0561,1,4.0112,1,35.0112,1
2024-10-10 06:30:00,10.0564,1,4.0113,1,35.0113,1
2024-10-10 07:00:00,10.0566,1,4.0113,1,35.0113,1
2024-10-10 07:30:00,10.0569,1,4.0114,1,35.0114,1
2024-10-10 08:00:00,10.0572,1,4.0114,1,35.0114,1
2024-10-10 08:30:00,10.0574,1,4.0115,1,35.0115,1
2024-10-10 09:00:00,10.0577,1,4.0115,1,35.0115,1
2024-10-10 09:30:00,10.0580,1,4.0116,1,35.0116,1
2024-10-10 10:00:00,10.0583,1,4.0117,1,35.0117,1
2024-10-10 10:30:00,10.0585,1,4.0117,1,35.0117,1
2024-10-10 11:00:00,10.0588,1,4.0118,1,35.0118,1
2024-10-10 11:30:00,10.0591,1,4.0118,1,35.0118,1
2024-10-10 12:00:00,10.0593,1,4.0119,1,35.0119,1
2024-10-10 12:30:00,10.0596,1,4.0119,1,35.0119,1
2024-10-10 13:00:00,10.0599,1,4.0120,1,35.0120,1
2024-10-10 13:30:00,10.0602,1,4.0120,1,35.0120,1
2024-10-10 14:00:00,10.0605,1,4.0121,1,35.0121,1
2024-10-10 14:30:00,10.0607,1,4.0121,1,35.0121,1
2024-10-10 15:00:00,10.0610,1,4.0122,1,35.0122,1
2024-10-10 15:30:00,10.0613,1,4.0123,1,35.0123,1
2024-10-10 16:00:00,10.0616,1,4.0123,1,35.0123,1
2024-10-10 16:30:00,10.0618,1,4.0124,1,35.0124,1
2024-10-10 17:00:00,10.0621,1,4.0124,1,35.0124,1
2024-10-10 17:30:00,10.0624,1,4.0125,1,35.0125,1
2024-10-10 18:00:00,10.0627,1,4.0125,1,35.0125,1
2024-10-10 18:30:00,10.0630,1,4.0126,1,35.0126,1
2024-10-10 19:00:00,10.0633,1,4.0127,1,35.0127,1
2024-10-10 19:30:00,10.0635,1,4.0127,1,35.0127,1
2024-10-10 20:00:00,10.0638,1,4.0128,1,35.0128,1
2024-10-10 20:30:00,10.0641,1,4.0128,1,35.0128,1
2024-10-10 21:00:00,10.0644,1,4.0129,1,35.0129,1
2024-10-10 21:30:00,10.0647,1,4.0129,1,35.0129,1
2024-10-10 22:00:00,10.0650,1,4.0130,1,35.0130,1
2024-10-10 22:30:00,10.0653,1,4.0131,1,35.0131,1
2024-10-10 23:00:00,10.0655,1,4.0131,1,35.0131,1
2024-10-10 23:30:00,10.0658,1,4.0132,1,35.0132,1
2024-10-11 00:00:00,10.0661,1,4.0132,1,35.0132,1
2024-10-11 00:30:00,10.0664,1,4.0133,1,35.0133,1
2024-10-11 01:00:00,10.0667,1,4.0133,1,35.0133,1
2024-10-11 01:30:00,10.0670,1,4.0134,1,35.0134,1
2024-10-11 02:00:00,10.0673,1,4.0135,1,35.0135,1
2024-10-11 02:30:00,10.0676,1,4.0135,1,35.0135,1
2024-10-11 03:00:00,10.0679,1,4.0136,1,35.0136,1
2024-10-11 03:30:00,10.0682,1,4.0136,1,35.0136,1
2024-10-11 04:00:00,10.0685,1,4.0137,1,35.0137,1
2024-10-11 04:30:00,10.0688,1,4.0138,1,35.0138,1
2024-10-11 05:00:00,10.0691,1,4.0138,1,35.0138,1
2024-10-11 05:30:00,10.0693,1,4.0139,1,35.0139,1
2024-10-11 06:00:00,10.0696,1,4.0139,1,35.0139,1
2024-10-11 06:30:00,10.0699,1,4.0140,1,35.0140,1
2024-10-11 07:00:00,10.0702,1,4.0140,1,35.0140,1
2024-10-11 07:30:00,10.0705,1,4.0141,1,35.0141,1
2024-10-11 08:00:00,10.0708,1,4.0142,1,35.0142,1
2024-10-11 08:30:00,10.0711,1,4.0142,1,35.0142,1
2024-10-11 09:00:00,10.0714,1,4.0143,1,35.0143,1
2024-10-11 09:30:00,10.0717,1,4.0143,1,35.0143,1
2024-10-11 10:00:00,10.0720,1,4.0144,1,35.0144,1
2024-10-11 10:30:00,10.0723,1,4.0145,1,35.0145,1
2024-10-11 11:00:00,10.0727,1,4.0145,1,35.0145,1
2024-10-11 11:30:00,10.0730,1,4.0146,1,35.0146,1
2024-10-11 12:00:00,10.0733,1,4.0147,1,35.0147,1
2024-10-11 12:30:00,10.0736,1,4.0147,1,35.0147,1
2024-10-11 13:00:00,10.0739,1,4.0148,1,35.0148,1
2024-10-11 13:30:00,10.0742,1,4.0148,1,35.0148,1
2024-10-11 14:00:00,10.0745,1,4.0149,1,35.0149,1
2024-10-11 14:30:00,10.0748,1,4.0150,1,35.0150,1
2024-10-11 15:00:00,10.0751,1,4.0150,1,35.0150,1
2024-10-11 15:30:00,10.0754,1,4.0151,1,35.0151,1
2024-10-11 16:00:00,10.0757,1,4.0151,1,35.0151,1
2024-10-11 16:30:00,10.0760,1,4.0152,1,35.0152,1
2024-10-11 17:00:00,10.0763,1,4.0153,1,35.0153,1
2024-10-11 17:30:00,10.0767,1,4.0153,1,35.0153,1
2024-10-11 18:00:00,10.0770,1,4.0154,1,35.0154,1
2024-10-11 18:30:00,10.0773,1,4.0155,1,35.0155,1
2024-10-11 19:00:00,10.0776,1,4.0155,1,35.0155,1
2024-10-11 19:30:00,10.0779,1,4.0156,1,35.0156,1
2024-10-11 20:00:00,10.0782,1,4.0156,1,35.0156,1
2024-10-11 20:30:00,10.0785,1,4.0157,1,35.0157,1
2024-10-11 21:00:00,10.0789,1,4.0158,1,35.0158,1
2024-10-11 21:30:00,10.0792,1,4.0158,1,35.0158,1
2024-10-11 22:00:00,10.0795,1,4.0159,1,35.0159,1
2024-10-11 22:30:00,10.0798,1,4.0160,1,35.0160,1
2024-10-11 23:00:00,10.0801,1,4.0160,1,35.0160,1
2024-10-11 23:30:00,10.0804,1,4.0161,1,35.0161,1
2024-10-12 00:00:00,10.0808,1,4.0162,1,35.0162,1
2024-10-12 00:30:00,10.0811,1,4.0162,1,35.0162,1
2024-10-12 01:00:00,10.0814,1,4.0163,1,35.0163,1
2024-10-12 01:30:00,10.0817,1,4.0163,1,35.0163,1
2024-10-12 02:00:00,10.0820,1,4.0164,1,35.0164,1
2024-10-12 02:30:00,10.0824,1,4.0165,1,35.0165,1
2024-10-12 03:00:00,10.0827,1,4.0165,1,35.0165,1
2024-10-12 03:30:00,10.0830,1,4.0166,1,35.0166,1
2024-10-12 04:00:00,10.0833,1,4.0167,1,35.0167,1
2024-10-12 04:30:00,10.0837,1,4.0167,1,35.0167,1
2024-10-12 05:00:00,10.0840,1,4.0168,1,35.0168,1
2024-10-12 05:30:00,10.0843,1,4.0169,1,35.0169,1
2024-10-12 06:00:00,10.0846,1,4.0169,1,35.0169,1
2024-10-12 06:30:00,10.0850,1,4.0170,1,35.0170,1
2024-10-12 07:00:00,10.0853,1,4.0171,1,35.0171,1
2024-10-12 07:30:00,10.0856,1,4.0171,1,35.0171,1
2024-10-12 08:00:00,10.0860,1,4.0172,1,35.0172,1
2024-10-12 08:30:00,10.0863,1,4.0173,1,35.0173,1
2024-10-12 09:00:00,10.0866,1,4.0173,1,35.0173,1
2024-10-12 09:30:00,10.0870,1,4.0174,1,35.0174,1
2024-10-12 10:00:00,10.0873,1,4.0175,1,35.0175,1
2024-10-12 10:30:00,10.0876,1,4.0175,1,35.0175,1
2024-10-12 11:00:00,10.0880,1,4.0176,1,35.0176,1
2024-10-12 11:30:00,10.0883,1,4.0177,1,35.0177,1
2024-10-12 12:00:00,10.0886,1,4.0177,1,35.0177,1
2024-10-12 12:30:00,10.0890,1,4.0178,1,35.0178,1
2024-10-12 13:00:00,10.0893,1,4.0179,1,35.0179,1
2024-10-12 13:30:00,10.0896,1,4.0179,1,35.0179,1
2024-10-12 14:00:00,10.0900,1,4.0180,1,35.0180,1
2024-10-12 14:30:00,10.0903,1,4.0181,1,35.0181,1
2024-10-12 15:00:00,10.0906,1,4.0181,1,35.0181,1
2024-10-12 15:30:00,10.0910,1,4.0182,1,35.0182,1
2024-10-12 16:00:00,10.0913,1,4.0183,1,35.0183,1
2024-10-12 16:30:00,10.0917,1,4.0183,1,35.0183,1
2024-10-12 17:00:00,10.0920,1,4.0184,1,35.0184,1
2024-10-12 17:30:00,10.0923,1,4.0185,1,35.0185,1
2024-10-12 18:00:00,10.0927,1,4.0185,1,35.0185,1
2024-10-12 18:30:00,10.0930,1,4.0186,1,35.0186,1
2024-10-12 19:00:00,10.0934,1,4.0187,1,35.0187,1
2024-10-12 19:30:00,10.0937,1,4.0187,1,35.0187,1
2024-10-12 20:00:00,10.0941,1,4.0188,1,35.0188,1
2024-10-12 20:30:00,10.0944,1,4.0189,1,35.0189,1
2024-10-12 21:00:00,10.0948,1,4.0190,1,35.0190,1
2024-10-12 21:30:00,10.0951,1,4.0190,1,35.0190,1
2024-10-12 22:00:00,10.0955,1,4.0191,1,35.0191,1
2024-10-12 22:30:00,10.0958,1,4.0192,1,35.0192,1
2024-10-12 23:00:00,10.0961,1,4.0192,1,35.0192,1
2024-10-12 23:30:00,10.0965,1,4.0193,1,35.0193,1
2024-10-13 00:00:00,10.0968,1,4.0194,1,35.0194,1
2024-10-13 00:30:00,10.0972,1,4.0194,1,35.0194,1
2024-10-13 01:00:00,10.0976,1,4.0195,1,35.0195,1
2024-10-13 01:30:00,10.0979,1,4.0196,1,35.0196,1
2024-10-13 02:00:00,10.0983,1,4.0197,1,35.0197,1
2024-10-13 02:30:00,10.0986,1,4.0197,1,35.0197,1
2024-10-13 03:00:00,10.0990,1,4.0198,1,35.0198,1
2024-10-13 03:30:00,10.0993,1,4.0199,1,35.0199,1
2024-10-13 04:00:00,10.0997,1,4.0199,1,35.0199,1
2024-10-13 04:30:00,10.1000,1,4.0200,1,35.0200,1
2024-10-13 05:00:00,10.1004,1,4.0201,1,35.0201,1
2024-10-13 05:30:00,10.1007,1,4.0201,1,35.0201,1
2024-10-13 06:00:00,10.1011,1,4.0202,1,35.0202,1
2024-10-13 06:30:00,10.1015,1,4.0203,1,35.0203,1
2024-10-13 07:00:00,10.1018,1,4.0204,1,35.0204,1
2024-10-13 07:30:00,10.1022,1,4.0204,1,35.0204,1
2024-10-13 08:00:00,10.1025,1,4.0205,1,35.0205,1
2024-10-13 08:30:00,10.1029,1,4.0206,1,35.0206,1
2024-10-13 09:00:00,10.1033,1,4.0207,1,35.0207,1
2024-10-13 09:30:00,10.1036,1,4.0207,1,35.0207,1
2024-10-13 10:00:00,10.1040,1,4.0208,1,35.0208,1
2024-10-13 10:30:00,10.1043,1,4.0209,1,35.0209,1
2024-10-13 11:00:00,10.1047,1,4.0209,1,35.0209,1
2024-10-13 11:30:00,10.1051,1,4.0210,1,35.0210,1
2024-10-13 12:00:00,10.1054,1,4.0211,1,35.0211,1
2024-10-13 12:30:00,10.1058,1,4.0212,1,35.0212,1
2024-10-13 13:00:00,10.1062,1,4.0212,1,35.0212,1
2024-10-13 13:30:00,10.1065,1,4.0213,1,35.0213,1
2024-10-13 14:00:00,10.1069,1,4.0214,1,35.0214,1
2024-10-13 14:30:00,10.1073,1,4.0215,1,35.0215,1
2024-10-13 15:00:00,10.1076,1,4.0215,1,35.0215,1
2024-10-13 15:30:00,10.1080,1,4.0216,1,35.0216,1
2024-10-13 16:00:00,10.1084,1,4.0217,1,35.0217,1
2024-10-13 16:30:00,10.1087,1,4.0217,1,35.0217,1
2024-10-13 17:00:00,10.1091,1,4.0218,1,35.0218,1
2024-10-13 17:30:00,10.1095,1,4.0219,1,35.0219,1
2024-10-13 18:00:00,10.1099,1,4.0220,1,35.0220,1
2024-10-13 18:30:00,10.1102,1,4.0220,1,35.0220,1
2024-10-13 19:00:00,10.1106,1,4.0221,1,35.0221,1
2024-10-13 19:30:00,10.1110,1,4.0222,1,35.0222,1
2024-10-13 20:00:00,10.1114,1,4.0223,1,35.0223,1
2024-10-13 20:30:00,10.1117,1,4.0223,1,35.0223,1
2024-10-13 21:00:00,10.1121,1,4.0224,1,35.0224,1
2024-10-13 21:30:00,10.1125,1,4.0225,1,35.0225,1
2024-10-13 22:00:00,10.1129,1,4.0226,1,35.0226,1
2024-10-13 22:30:00,10.1132,1,4.0226,1,35.0226,1
2024-10-13 23:00:00,10.1136,1,4.0227,1,35.0227,1
2024-10-13 23:30:00,10.1140,1,4.0228,1,35.0228,1
2024-10-14 00:00:00,10.1144,1,4.0229,1,35.0229,1
2024-10-14 00:30:00,10.1148,1,4.0230,1,35.0230,1
2024-10-14 01:00:00,10.1151,1,4.0230,1,35.0230,1
2024-10-14 01:30:00,10.1155,1,4.0231,1,35.0231,1
2024-10-14 02:00:00,10.1159,1,4.0232,1,35.0232,1
2024-10-14 02:30:00,10.1163,1,4.0233,1,35.0233,1
2024-10-14 03:00:00,10.1167,1,4.0233,1,35.0233,1
2024-10-14 03:30:00,10.1171,1,4.0234,1,35.0234,1
2024-10-14 04:00:00,10.1174,1,4.0235,1,35.0235,1
2024-10-14 04:30:00,10.1178,1,4.0236,1,35.0236,1
2024-10-14 05:00:00,10.1182,1,4.0236,1,35.0236,1
2024-10-14 05:30:00,10.1186,1,4.0237,1,35.0237,1
2024-10-14 06:00:00,10.1190,1,4.0238,1,35.0238,1
2024-10-14 06:30:00,10.1194,1,4.0239,1,35.0239,1
2024-10-14 07:00:00,10.1198,1,4.0240,1,35.0240,1
2024-10-14 07:30:00,10.1202,1,4.0240,1,35.0240,1
2024-10-14 08:00:00,10.1205,1,4.0241,1,35.0241,1
2024-10-14 08:30:00,10.1209,1,4.0242,1,35.0242,1
2024-10-14 09:00:00,10.1213,1,4.0243,1,35.0243,1
2024-10-14 09:30:00,10.1217,1,4.0243,1,35.0243,1
2024-10-14 10:00:00,10.1221,1,4.0244,1,35.0244,1
2024-10-14 10:30:00,10.1225,1,4.0245,1,35.0245,1
2024-10-14 11:00:00,10.1229,1,4.0246,1,35.0246,1
2024-10-14 11:30:00,10.1233,1,4.0247,1,35.0247,1
2024-10-14 12:00:00,10.1237,1,4.0247,1,35.0247,1
2024-10-14 12:30:00,10.1241,1,4.0248,1,35.0248,1
2024-10-14 13:00:00,10.1245,1,4.0249,1,35.0249,1
2024-10-14 13:30:00,10.1249,1,4.0250,1,35.0250,1
2024-10-14 14:00:00,10.1253,1,4.0251,1,35.0251,1
2024-10-14 14:30:00,10.1257,1,4.0251,1,35.0251,1
2024-10-14 15:00:00,10.1261,1,4.0252,1,35.0252,1
2024-10-14 15:30:00,10.1265,1,4.0253,1,35.0253,1
2024-10-14 16:00:00,10.1269,1,4.0254,1,35.0254,1
2024-10-14 16:30:00,10.1273,1,4.0255,1,35.0255,1
2024-10-14 17:00:00,10.1277,1,4.0255,1,35.0255,1
2024-10-14 17:30:00,10.1281,1,4.0256,1,35.0256,1
2024-10-14 18:00:00,10.1285,1,4.0257,1,35.0257,1
2024-10-14 18:30:00,10.1289,1,4.0258,1,35.0258,1
2024-10-14 19:00:00,10.1293,1,4.0259,1,35.0259,1
2024-10-14 19:30:00,10.1297,1,4.0259,1,35.0259,1
2024-10-14 20:00:00,10.1301,1,4.0260,1,35.0260,1
2024-10-14 20:30:00,10.1305,1,4.0261,1,35.0261,1
2024-10-14 21:00:00,10.1309,1,4.0262,1,35.0262,1
2024-10-14 21:30:00,10.1313,1,4.0263,1,35.0263,1
2024-10-14 22:00:00,10.1317,1,4.0263,1,35.0263,1
2024-10-14 22:30:00,10.1321,1,4.0264,1,35.0264,1
2024-10-14 23:00:00,10.1325,1,4.0265,1,35.0265,1
2024-10-14 23:30:00,10.1329,1,4.0266,1,35.0266,1
2024-10-15 00:00:00,10.1334,1,4.0267,1,35.0267,1
2024-10-15 00:30:00,10.1338,1,4.0268,1,35.0268,1
2024-10-15 01:00:00,10.1342,1,4.0268,1,35.0268,1
2024-10-15 01:30:00,10.1346,1,4.0269,1,35.0269,1
2024-10-15 02:00:00,10.1350,1,4.0270,1,35.0270,1
2024-10-15 02:30:00,10.1354,1,4.0271,1,35.0271,1
2024-10-15 03:00:00,10.1358,1,4.0272,1,35.0272,1
2024-10-15 03:30:00,10.1362,1,4.0272,1,35.0272,1
2024-10-15 04:00:00,10.1367,1,4.0273,1,35.0273,1
2024-10-15 04:30:00,10.1371,1,4.0274,1,35.0274,1
2024-10-15 05:00:00,10.1375,1,4.0275,1,35.0275,1
2024-10-15 05:30:00,10.1379,1,4.0276,1,35.0276,1
2024-10-15 06:00:00,10.1383,1,4.0277,1,35.0277,1
2024-10-15 06:30:00,10.1387,1,4.0277,1,35.0277,1
2024-10-15 07:00:00,10.1392,1,4.0278,1,35.0278,1
2024-10-15 07:30:00,10.1396,1,4.0279,1,35.0279,1
2024-10-15 08:00:00,10.1400,1,4.0280,1,35.0280,1
2024-10-15 08:30:00,10.1404,1,4.0281,1,35.0281,1
2024-10-15 09:00:00,10.1408,1,4.0282,1,35.0282,1
2024-10-15 09:30:00,10.1413,1,4.0283,1,35.0283,1
2024-10-15 10:00:00,10.1417,1,4.0283,1,35.0283,1
2024-10-15 10:30:00,10.1421,1,4.0284,1,35.0284,1
2024-10-15 11:00:00,10.1425,1,4.0285,1,35.0285,1
2024-10-15 11:30:00,10.1430,1,4.0286,1,35.0286,1
2024-10-15 12:00:00,10.1434,1,4.0287,1,35.0287,1
2024-10-15 12:30:00,10.1438,1,4.0288,1,35.0288,1
2024-10-15 13:00:00,10.1442,1,4.0288,1,35.0288,1
2024-10-15 13:30:00,10.1447,1,4.0289,1,35.0289,1
2024-10-15 14:00:00,10.1451,1,4.0290,1,35.0290,1
2024-10-15 14:30:00,10.1455,1,4.0291,1,35.0291,1
2024-10-15 15:00:00,10.1459,1,4.0292,1,35.0292,1
2024-10-15 15:30:00,10.1464,1,4.0293,1,35.0293,1
2024-10-15 16:00:00,10.1468,1,4.0294,1,35.0294,1
2024-10-15 16:30:00,10.1472,1,4.0294,1,35.0294,1
2024-10-15 17:00:00,10.1477,1,4.0295,1,35.0295,1
2024-10-15 17:30:00,10.1481,1,4.0296,1,35.0296,1
2024-10-15 18:00:00,10.1485,1,4.0297,1,35.0297,1
2024-10-15 18:30:00,10.1490,1,4.0298,1,35.0298,1
2024-10-15 19:00:00,10.1494,1,4.0299,1,35.0299,1
2024-10-15 19:30:00,10.1498,1,4.0300,1,35.0300,1
2024-10-15 20:00:00,10.1503,1,4.0301,1,35.0301,1
2024-10-15 20:30:00,10.1507,1,4.0301,1,35.0301,1
2024-10-15 21:00:00,10.1511,1,4.0302,1,35.0302,1
2024-10-15 21:30:00,10.1516,1,4.0303,1,35.0303,1
2024-10-15 22:00:00,10.1520,1,4.0304,1,35.0304,1
2024-10-15 22:30:00,10.1524,1,4.0305,1,35.0305,1
2024-10-15 23:00:00,10.1529,1,4.0306,1,35.0306,1
2024-10-15 23:30:00,10.1533,1,4.0307,1,35.0307,1
2024-10-16 00:00:00,10.1538,1,4.0308,1,35.0308,1
2024-10-16 00:30:00,10.1542,1,4.0308,1,35.0308,1
2024-10-16 01:00:00,10.1546,1,4.0309,1,35.0309,1
2024-10-16 01:30:00,10.1551,1,4.0310,1,35.0310,1
2024-10-16 02:00:00,10.1555,1,4.0311,1,35.0311,1
2024-10-16 02:30:00,10.1560,1,4.0312,1,35.0312,1
2024-10-16 03:00:00,10.1564,1,4.0313,1,35.0313,1
2024-10-16 03:30:00,10.1569,1,4.0314,1,35.0314,1
2024-10-16 04:00:00,10.1573,1,4.0315,1,35.0315,1
2024-10-16 04:30:00,10.1577,1,4.0315,1,35.0315,1
2024-10-16 05:00:00,10.1582,1,4.0316,1,35.0316,1
2024-10-16 05:30:00,10.1586,1,4.0317,1,35.0317,1
2024-10-16 06:00:00,10.1591,1,4.0318,1,35.0318,1
2024-10-16 06:30:00,10.1595,1,4.0319,1,35.0319,1
2024-10-16 07:00:00,10.1600,1,4.0320,1,35.0320,1
2024-10-16 07:30:00,10.1604,1,4.0321,1,35.0321,1
2024-10-16 08:00:00,10.1609,1,4.0322,1,35.0322,1
2024-10-16 08:30:00,10.1613,1,4.0323,1,35.0323,1
2024-10-16 09:00:00,10.1618,1,4.0324,1,35.0324,1
2024-10-16 09:30:00,10.1622,1,4.0324,1,35.0324,1
2024-10-16 10:00:00,10.1627,1,4.0325,1,35.0325,1
2024-10-16 10:30:00,10.1631,1,4.0326,1,35.0326,1
2024-10-16 11:00:00,10.1636,1,4.0327,1,35.0327,1
2024-10-16 11:30:00,10.1640,1,4.0328,1,35.0328,1
2024-10-16 12:00:00,10.1645,1,4.0329,1,35.0329,1
2024-10-16 12:30:00,10.1650,1,4.0330,1,35.0330,1
2024-10-16 13:00:00,10.1654,1,4.0331,1,35.0331,1
2024-10-16 13:30:00,10.1659,1,4.0332,1,35.0332,1
2024-10-16 14:00:00,10.1663,1,4.0333,1,35.0333,1
2024-10-16 14:30:00,10.1668,1,4.0334,1,35.0334,1
2024-10-16 15:00:00,10.1672,1,4.0334,1,35.0334,1
2024-10-16 15:30:00,10.1677,1,4.0335,1,35.0335,1
2024-10-16 16:00:00,10.1682,1,4.0336,1,35.0336,1
2024-10-16 16:30:00,10.1686,1,4.0337,1,35.0337,1
2024-10-16 17:00:00,10.1691,1,4.0338,1,35.0338,1
2024-10-16 17:30:00,10.1695,1,4.0339,1,35.0339,1
2024-10-16 18:00:00,10.1700,1,4.0340,1,35.0340,1
2024-10-16 18:30:00,10.1705,1,4.0341,1,35.0341,1
2024-10-16 19:00:00,10.1709,1,4.0342,1,35.0342,1
2024-10-16 19:30:00,10.1714,1,4.0343,1,35.0343,1
2024-10-16 20:00:00,10.1719,1,4.0344,1,35.0344,1
2024-10-16 20:30:00,10.1723,1,4.0345,1,35.0345,1
2024-10-16 21:00:00,10.1728,1,4.0346,1,35.0346,1
2024-10-16 21:30:00,10.1733,1,4.0347,1,35.0347,1
2024-10-16 22:00:00,10.1737,1,4.0347,1,35.0347,1
2024-10-16 22:30:00,10.1742,1,4.0348,1,35.0348,1
2024-10-16 23:00:00,10.1747,1,4.0349,1,35.0349,1
2024-10-16 23:30:00,10.1751,1,4.0350,1,35.0350,1
2024-10-17 00:00:00,10.1756,1,4.0351,1,35.0351,1
2024-10-17 00:30:00,10.1761,1,4.0352,1,35.0352,1
2024-10-17 01:00:00,10.1765,1,4.0353,1,35.0353,1
2024-10-17 01:30:00,10.1770,1,4.0354,1,35.0354,1
2024-10-17 02:00:00,10.1775,1,4.0355,1,35.0355,1
2024-10-17 02:30:00,10.1780,1,4.0356,1,35.0356,1
2024-10-17 03:00:00,10.1784,1,4.0357,1,35.0357,1
2024-10-17 03:30:00,10.1789,1,4.0358,1,35.0358,1
2024-10-17 04:00:00,10.1794,1,4.0359,1,35.0359,1
2024-10-17 04:30:00,10.1798,1,4.0360,1,35.0360,1
2024-10-17 05:00:00,10.1803,1,4.0361,1,35.0361,1
2024-10-17 05:30:00,10.1808,1,4.0362,1,35.0362,1
2024-10-17 06:00:00,10.1813,1,4.0363,1,35.0363,1
2024-10-17 06:30:00,10.1818,1,4.0364,1,35.0364,1
2024-10-17 07:00:00,10.1822,1,4.0364,1,35.0364,1
2024-10-17 07:30:00,10.1827,1,4.0365,1,35.0365,1
2024-10-17 08:00:00,10.1832,1,4.0366,1,35.0366,1
2024-10-17 08:30:00,10.1837,1,4.0367,1,35.0367,1
2024-10-17 09:00:00,10.1842,1,4.0368,1,35.0368,1
2024-10-17 09:30:00,10.1846,1,4.0369,1,35.0369,1
2024-10-17 10:00:00,10.1851,1,4.0370,1,35.0370,1
2024-10-17 10:30:00,10.1856,1,4.0371,1,35.0371,1
2024-10-17 11:00:00,10.1861,1,4.0372,1,35.0372,1
2024-10-17 11:30:00,10.1866,1,4.0373,1,35.0373,1
2024-10-17 12:00:00,10.1870,1,4.0374,1,35.0374,1
2024-10-17 12:30:00,10.1875,1,4.0375,1,35.0375,1
2024-10-17 13:00:00,10.1880,1,4.0376,1,35.0376,1
2024-10-17 13:30:00,10.1885,1,4.0377,1,35.0377,1
2024-10-17 14:00:00,10.1890,1,4.0378,1,35.0378,1
2024-10-17 14:30:00,10.1895,1,4.0379,1,35.0379,1
2024-10-17 15:00:00,10.1900,1,4.0380,1,35.0380,1
2024-10-17 15:30:00,10.1905,1,4.0381,1,35.0381,1
2024-10-17 16:00:00,10.1909,1,4.0382,1,35.0382,1
2024-10-17 16:30:00,10.1914,1,4.0383,1,35.0383,1
2024-10-17 17:00:00,10.1919,1,4.0384,1,35.0384,1
2024-10-17 17:30:00,10.1924,1,4.0385,1,35.0385,1
2024-10-17 18:00:00,10.1929,1,4.0386,1,35.0386,1
2024-10-17 18:30:00,10.1934,1,4.0387,1,35.0387,1
2024-10-17 19:00:00,10.1939,1,4.0388,1,35.0388,1
2024-10-17 19:30:00,10.1944,1,4.0389,1,35.0389,1
2024-10-17 20:00:00,10.1949,1,4.0390,1,35.0390,1
2024-10-17 20:30:00,10.1954,1,4.0391,1,35.0391,1
2024-10-17 21:00:00,10.1959,1,4.0392,1,35.0392,1
2024-10-17 21:30:00,10.1964,1,4.0393,1,35.0393,1
2024-10-17 22:00:00,10.1969,1,4.0394,1,35.0394,1
2024-10-17 22:30:00,10.1974,1,4.0395,1,35.0395,1
2024-10-17 23:00:00,10.1979,1,4.0396,1,35.0396,1
2024-10-17 23:30:00,10.1984,1,4.0397,1,35.0397,1
2024-10-18 00:00:00,10.1989,1,4.0398,1,35.0398,1
2024-10-18 00:30:00,10.1994,1,4.0399,1,35.0399,1
2024-10-18 01:00:00,10.1999,1,4.0400,1,35.0400,1
2024-10-18 01:30:00,10.2004,1,4.0401,1,35.0401,1
2024-10-18 02:00:00,10.2009,1,4.0402,1,35.0402,1
2024-10-18 02:30:00,10.2014,1,4.0403,1,35.0403,1
2024-10-18 03:00:00,10.2019,1,4.0404,1,35.0404,1
2024-10-18 03:30:00,10.2024,1,4.0405,1,35.0405,1
2024-10-18 04:00:00,10.2029,1,4.0406,1,35.0406,1
2024-10-18 04:30:00,10.2034,1,4.0407,1,35.0407,1
2024-10-18 05:00:00,10.2039,1,4.0408,1,35.0408,1
2024-10-18 05:30:00,10.2044,1,4.0409,1,35.0409,1
2024-10-18 06:00:00,10.2049,1,4.0410,1,35.0410,1
2024-10-18 06:30:00,10.2054,1,4.0411,1,35.0411,1
2024-10-18 07:00:00,10.2059,1,4.0412,1,35.0412,1
2024-10-18 07:30:00,10.2064,1,4.0413,1,35.0413,1
2024-10-18 08:00:00,10.2069,1,4.0414,1,35.0414,1
2024-10-18 08:30:00,10.2074,1,4.0415,1,35.0415,1
2024-10-18 09:00:00,10.2079,1,4.0416,1,35.0416,1
2024-10-18 09:30:00,10.2085,1,4.0417,1,35.0417,1
2024-10-18 10:00:00,10.2090,1,4.0418,1,35.0418,1
2024-10-18 10:30:00,10.2095,1,4.0419,1,35.0419,1
2024-10-18 11:00:00,10.2100,1,4.0420,1,35.0420,1
2024-10-18 11:30:00,10.2105,1,4.0421,1,35.0421,1
2024-10-18 12:00:00,10.2110,1,4.0422,1,35.0422,1
2024-10-18 12:30:00,10.2115,1,4.0423,1,35.0423,1
2024-10-18 13:00:00,10.2120,1,4.0424,1,35.0424,1
2024-10-18 13:30:00,10.2126,1,4.0425,1,35.0425,1
2024-10-18 14:00:00,10.2131,1,4.0426,1,35.0426,1
2024-10-18 14:30:00,10.2136,1,4.0427,1,35.0427,1
2024-10-18 15:00:00,10.2141,1,4.0428,1,35.0428,1
2024-10-18 15:30:00,10.2146,1,4.0429,1,35.0429,1
2024-10-18 16:00:00,10.2151,1,4.0430,1,35.0430,1
2024-10-18 16:30:00,10.2157,1,4.0431,1,35.0431,1
2024-10-18 17:00:00,10.2162,1,4.0432,1,35.0432,1
2024-10-18 17:30:00,10.2167,1,4.0433,1,35.0433,1
2024-10-18 18:00:00,10.2172,1,4.0434,1,35.0434,1
2024-10-18 18:30:00,10.2177,1,4.0435,1,35.0435,1
2024-10-18 19:00:00,10.2183,1,4.0437,1,35.0437,1
2024-10-18 19:30:00,10.2188,1,4.0438,1,35.0438,1
2024-10-18 20:00:00,10.2193,1,4.0439,1,35.0439,1
2024-10-18 20:30:00,10.2198,1,4.0440,1,35.0440,1
2024-10-18 21:00:00,10.2204,1,4.0441,1,35.0441,1
2024-10-18 21:30:00,10.2209,1,4.0442,1,35.0442,1
2024-10-18 22:00:00,10.2214,1,4.0443,1,35.0443,1
2024-10-18 22:30:00,10.2219,1,4.0444,1,35.0444,1
2024-10-18 23:00:00,10.2225,1,4.0445,1,35.0445,1
2024-10-18 23:30:00,10.2230,1,4.0446,1,35.0446,1
2024-10-19 00:00:00,10.2235,1,4.0447,1,35.0447,1
2024-10-19 00:30:00,10.2241,1,4.0448,1,35.0448,1
2024-10-19 01:00:00,10.2246,1,4.0449,1,35.0449,1
2024-10-19 01:30:00,10.2251,1,4.0450,1,35.0450,1
2024-10-19 02:00:00,10.2256,1,4.0451,1,35.0451,1
2024-10-19 02:30:00,10.2262,1,4.0452,1,35.0452,1
2024-10-19 03:00:00,10.2267,1,4.0453,1,35.0453,1
2024-10-19 03:30:00,10.2272,1,4.0454,1,35.0454,1
2024-10-19 04:00:00,10.2278,1,4.0456,1,35.0456,1
2024-10-19 04:30:00,10.2283,1,4.0457,1,35.0457,1
2024-10-19 05:00:00,10.2288,1,4.0458,1,35.0458,1
2024-10-19 05:30:00,10.2294,1,4.0459,1,35.0459,1
2024-10-19 06:00:00,10.2299,1,4.0460,1,35.0460,1
2024-10-19 06:30:00,10.2304,1,4.0461,1,35.0461,1
2024-10-19 07:00:00,10.2310,1,4.0462,1,35.0462,1
2024-10-19 07:30:00,10.2315,1,4.0463,1,35.0463,1
2024-10-19 08:00:00,10.2321,1,4.0464,1,35.0464,1
2024-10-19 08:30:00,10.2326,1,4.0465,1,35.0465,1
2024-10-19 09:00:00,10.2331,1,4.0466,1,35.0466,1
2024-10-19 09:30:00,10.2337,1,4.0467,1,35.0467,1
2024-10-19 10:00:00,10.2342,1,4.0468,1,35.0468,1
2024-10-19 10:30:00,10.2348,1,4.0470,1,35.0470,1
2024-10-19 11:00:00,10.2353,1,4.0471,1,35.0471,1
2024-10-19 11:30:00,10.2358,1,4.0472,1,35.0472,1
2024-10-19 12:00:00,10.2364,1,4.0473,1,35.0473,1
2024-10-19 12:30:00,10.2369,1,4.0474,1,35.0474,1
2024-10-19 13:00:00,10.2375,1,4.0475,1,35.0475,1
2024-10-19 13:30:00,10.2380,1,4.0476,1,35.0476,1
2024-10-19 14:00:00,10.2386,1,4.0477,1,35.0477,1
2024-10-19 14:30:00,10.2391,1,4.0478,1,35.0478,1
2024-10-19 15:00:00,10.2397,1,4.0479,1,35.0479,1
2024-10-19 15:30:00,10.2402,1,4.0480,1,35.0480,1
2024-10-19 16:00:00,10.2408,1,4.0482,1,35.0482,1
2024-10-19 16:30:00,10.2413,1,4.0483,1,35.0483,1
2024-10-19 17:00:00,10.2419,1,4.0484,1,35.0484,1
2024-10-19 17:30:00,10.2424,1,4.0485,1,35.0485,1
2024-10-19 18:00:00,10.2430,1,4.0486,1,35.0486,1
2024-10-19 18:30:00,10.2435,1,4.0487,1,35.0487,1
2024-10-19 19:00:00,10.2441,1,4.0488,1,35.0488,1
2024-10-19 19:30:00,10.2446,1,4.0489,1,35.0489,1
2024-10-19 20:00:00,10.2452,1,4.0490,1,35.0490,1
2024-10-19 20:30:00,10.2457,1,4.0491,1,35.0491,1
2024-10-19 21:00:00,10.2463,1,4.0493,1,35.0493,1
2024-10-19 21:30:00,10.2468,1,4.0494,1,35.0494,1
2024-10-19 22:00:00,10.2474,1,4.0495,1,35.0495,1
2024-10-19 22:30:00,10.2479,1,4.0496,1,35.0496,1
2024-10-19 23:00:00,10.2485,1,4.0497,1,35.0497,1
2024-10-19 23:30:00,10.2490,1,4.0498,1,35.0498,1
2024-10-20 00:00:00,10.2496,1,4.0499,1,35.0499,1
2024-10-20 00:30:00,10.2502,1,4.0500,1,35.0500,1
2024-10-20 01:00:00,10.2507,1,4.0501,1,35.0501,1
2024-10-20 01:30:00,10.2513,1,4.0503,1,35.0503,1
2024-10-20 02:00:00,10.2518,1,4.0504,1,35.0504,1
2024-10-20 02:30:00,10.2524,1,4.0505,1,35.0505,1
2024-10-20 03:00:00,10.2530,1,4.0506,1,35.0506,1
2024-10-20 03:30:00,10.2535,1,4.0507,1,35.0507,1
2024-10-20 04:00:00,10.2541,1,4.0508,1,35.0508,1
2024-10-20 04:30:00,10.2546,1,4.0509,1,35.0509,1
2024-10-20 05:00:00,10.2552,1,4.0510,1,35.0510,1
2024-10-20 05:30:00,10.2558,1,4.0512,1,35.0512,1
2024-10-20 06:00:00,10.2563,1,4.0513,1,35.0513,1
2024-10-20 06:30:00,10.2569,1,4.0514,1,35.0514,1
2024-10-20 07:00:00,10.2575,1,4.0515,1,35.0515,1
2024-10-20 07:30:00,10.2580,1,4.0516,1,35.0516,1
2024-10-20 08:00:00,10.2586,1,4.0517,1,35.0517,1
2024-10-20 08:30:00,10.2592,1,4.0518,1,35.0518,1
2024-10-20 09:00:00,10.2597,1,4.0519,1,35.0519,1
2024-10-20 09:30:00,10.2603,1,4.0521,1,35.0521,1
2024-10-20 10:00:00,10.2609,1,4.0522,1,35.0522,1
2024-10-20 10:30:00,10.2615,1,4.0523,1,35.0523,1
2024-10-20 11:00:00,10.2620,1,4.0524,1,35.0524,1
2024-10-20 11:30:00,10.2626,1,4.0525,1,35.0525,1
2024-10-20 12:00:00,10.2632,1,4.0526,1,35.0526,1
2024-10-20 12:30:00,10.2637,1,4.0527,1,35.0527,1
2024-10-20 13:00:00,10.2643,1,4.0529,1,35.0529,1
2024-10-20 13:30:00,10.2649,1,4.0530,1,35.0530,1
2024-10-20 14:00:00,10.2655,1,4.0531,1,35.0531,1
2024-10-20 14:30:00,10.2660,1,4.0532,1,35.0532,1
2024-10-20 15:00:00,10.2666,1,4.0533,1,35.0533,1
2024-10-20 15:30:00,10.2672,1,4.0534,1,35.0534,1
2024-10-20 16:00:00,10.2678,1,4.0536,1,35.0536,1
2024-10-20 16:30:00,10.2683,1,4.0537,1,35.0537,1
2024-10-20 17:00:00,10.2689,1,4.0538,1,35.0538,1
2024-10-20 17:30:00,10.2695,1,4.0539,1,35.0539,1
2024-10-20 18:00:00,10.2701,1,4.0540,1,35.0540,1
2024-10-20 18:30:00,10.2707,1,4.0541,1,35.0541,1
2024-10-20 19:00:00,10.2712,1,4.0542,1,35.0542,1
2024-10-20 19:30:00,10.2718,1,4.0544,1,35.0544,1
2024-10-20 20:00:00,10.2724,1,4.0545,1,35.0545,1
2024-10-20 20:30:00,10.2730,1,4.0546,1,35.0546,1
2024-10-20 21:00:00,10.2736,1,4.0547,1,35.0547,1
2024-10-20 21:30:00,10.2742,1,4.0548,1,35.0548,1
2024-10-20 22:00:00,10.2747,1,4.0549,1,35.0549,1
2024-10-20 22:30:00,10.2753,1,4.0551,1,35.0551,1
2024-10-20 23:00:00,10.2759,1,4.0552,1,35.0552,1
2024-10-20 23:30:00,10.2765,1,4.0553,1,35.0553,1
2024-10-21 00:00:00,10.2771,1,4.0554,1,35.0554,1
2024-10-21 00:30:00,10.2777,1,4.0555,1,35.0555,1
2024-10-21 01:00:00,10.2783,1,4.0557,1,35.0557,1
2024-10-21 01:30:00,10.2788,1,4.0558,1,35.0558,1
2024-10-21 02:00:00,10.2794,1,4.0559,1,35.0559,1
2024-10-21 02:30:00,10.2800,1,4.0560,1,35.0560,1
2024-10-21 03:00:00,10.2806,1,4.0561,1,35.0561,1
2024-10-21 03:30:00,10.2812,1,4.0562,1,35.0562,1
2024-10-21 04:00:00,10.2818,1,4.0564,1,35.0564,1
2024-10-21 04:30:00,10.2824,1,4.0565,1,35.0565,1
2024-10-21 05:00:00,10.2830,1,4.0566,1,35.0566,1
2024-10-21 05:30:00,10.2836,1,4.0567,1,35.0567,1
2024-10-21 06:00:00,10.2842,1,4.0568,1,35.0568,1
2024-10-21 06:30:00,10.2848,1,4.0570,1,35.0570,1
2024-10-21 07:00:00,10.2854,1,4.0571,1,35.0571,1
2024-10-21 07:30:00,10.2860,1,4.0572,1,35.0572,1
2024-10-21 08:00:00,10.2866,1,4.0573,1,35.0573,1
2024-10-21 08:30:00,10.2871,1,4.0574,1,35.0574,1
2024-10-21 09:00:00,10.2877,1,4.0575,1,35.0575,1
2024-10-21 09:30:00,10.2883,1,4.0577,1,35.0577,1
2024-10-21 10:00:00,10.2889,1,4.0578,1,35.0578,1
2024-10-21 10:30:00,10.2895,1,4.0579,1,35.0579,1
2024-10-21 11:00:00,10.2901,1,4.0580,1,35.0580,1
2024-10-21 11:30:00,10.2907,1,4.0581,1,35.0581,1
2024-10-21 12:00:00,10.2913,1,4.0583,1,35.0583,1
2024-10-21 12:30:00,10.2919,1,4.0584,1,35.0584,1
2024-10-21 13:00:00,10.2925,1,4.0585,1,35.0585,1
2024-10-21 13:30:00,10.2932,1,4.0586,1,35.0586,1
2024-10-21 14:00:00,10.2938,1,4.0588,1,35.0588,1
2024-10-21 14:30:00,10.2944,1,4.0589,1,35.0589,1
2024-10-21 15:00:00,10.2950,1,4.0590,1,35.0590,1
2024-10-21 15:30:00,10.2956,1,4.0591,1,35.0591,1
2024-10-21 16:00:00,10.2962,1,4.0592,1,35.0592,1
2024-10-21 16:30:00,10.2968,1,4.0594,1,35.0594,1
2024-10-21 17:00:00,10.2974,1,4.0595,1,35.0595,1
2024-10-21 17:30:00,10.2980,1,4.0596,1,35.0596,1
2024-10-21 18:00:00,10.2986,1,4.0597,1,35.0597,1
2024-10-21 18:30:00,10.2992,1,4.0598,1,35.0598,1
2024-10-21 19:00:00,10.2998,1,4.0600,1,35.0600,1
2024-10-21 19:30:00,10.3004,1,4.0601,1,35.0601,1
2024-10-21 20:00:00,10.3010,1,4.0602,1,35.0602,1
2024-10-21 20:30:00,10.3017,1,4.0603,1,35.0603,1
2024-10-21 21:00:00,10.3023,1,4.0605,1,35.0605,1
2024-10-21 21:30:00,10.3029,1,4.0606,1,35.0606,1
2024-10-21 22:00:00,10.3035,1,4.0607,1,35.0607,1
2024-10-21 22:30:00,10.3041,1,4.0608,1,35.0608,1
2024-10-21 23:00:00,10.3047,1,4.0609,1,35.0609,1
2024-10-21 23:30:00,10.3053,1,4.0611,1,35.0611,1
2024-10-22 00:00:00,10.3060,1,4.0612,1,35.0612,1
2024-10-22 00:30:00,10.3066,1,4.0613,1,35.0613,1
2024-10-22 01:00:00,10.3072,1,4.0614,1,35.0614,1
2024-10-22 01:30:00,10.3078,1,4.0616,1,35.0616,1
2024-10-22 02:00:00,10.3084,1,4.0617,1,35.0617,1
2024-10-22 02:30:00,10.3090,1,4.0618,1,35.0618,1
2024-10-22 03:00:00,10.3097,1,4.0619,1,35.0619,1
2024-10-22 03:30:00,10.3103,1,4.0621,1,35.0621,1
2024-10-22 04:00:00,10.3109,1,4.0622,1,35.0622,1
2024-10-22 04:30:00,10.3115,1,4.0623,1,35.0623,1
2024-10-22 05:00:00,10.3121,1,4.0624,1,35.0624,1
2024-10-22 05:30:00,10.3128,1,4.0626,1,35.0626,1
2024-10-22 06:00:00,10.3134,1,4.0627,1,35.0627,1
2024-10-22 06:30:00,10.3140,1,4.0628,1,35.0628,1
2024-10-22 07:00:00,10.3146,1,4.0629,1,35.0629,1
2024-10-22 07:30:00,10.3153,1,4.0631,1,35.0631,1
2024-10-22 08:00:00,10.3159,1,4.0632,1,35.0632,1
2024-10-22 08:30:00,10.3165,1,4.0633,1,35.0633,1
2024-10-22 09:00:00,10.3171,1,4.0634,1,35.0634,1
2024-10-22 09:30:00,10.3178,1,4.0636,1,35.0636,1
2024-10-22 10:00:00,10.3184,1,4.0637,1,35.0637,1
2024-10-22 10:30:00,10.3190,1,4.0638,1,35.0638,1
2024-10-22 11:00:00,10.3196,1,4.0639,1,35.0639,1
2024-10-22 11:30:00,10.3203,1,4.0641,1,35.0641,1
2024-10-22 12:00:00,10.3209,1,4.0642,1,35.0642,1
2024-10-22 12:30:00,10.3215,1,4.0643,1,35.0643,1
2024-10-22 13:00:00,10.3222,1,4.0644,1,35.0644,1
2024-10-22 13:30:00,10.3228,1,4.0646,1,35.0646,1
2024-10-22 14:00:00,10.3234,1,4.0647,1,35.0647,1
2024-10-22 14:30:00,10.3241,1,4.0648,1,35.0648,1
2024-10-22 15:00:00,10.3247,1,4.0649,1,35.0649,1
2024-10-22 15:30:00,10.3253,1,4.0651,1,35.0651,1
2024-10-22 16:00:00,10.3260,1,4.0652,1,35.0652,1
2024-10-22 16:30:00,10.3266,1,4.0653,1,35.0653,1
2024-10-22 17:00:00,10.3272,1,4.0654,1,35.0654,1
2024-10-22 17:30:00,10.3279,1,4.0656,1,35.0656,1
2024-10-22 18:00:00,10.3285,1,4.0657,1,35.0657,1
2024-10-22 18:30:00,10.3292,1,4.0658,1,35.0658,1
2024-10-22 19:00:00,10.3298,1,4.0660,1,35.0660,1
2024-10-22 19:30:00,10.3304,1,4.0661,1,35.0661,1
2024-10-22 20:00:00,10.3311,1,4.0662,1,35.0662,1
2024-10-22 20:30:00,10.3317,1,4.0663,1,35.0663,1
2024-10-22 21:00:00,10.3323,1,4.0665,1,35.0665,1
2024-10-22 21:30:00,10.3330,1,4.0666,1,35.0666,1
2024-10-22 22:00:00,10.3336,1,4.0667,1,35.0667,1
2024-10-22 22:30:00,10.3343,1,4.0669,1,35.0669,1
2024-10-22 23:00:00,10.3349,1,4.0670,1,35.0670,1
2024-10-22 23:30:00,10.3356,1,4.0671,1,35.0671,1
2024-10-23 00:00:00,10.3362,1,4.0672,1,35.0672,1
2024-10-23 00:30:00,10.3369,1,4.0674,1,35.0674,1
2024-10-23 01:00:00,10.3375,1,4.0675,1,35.0675,1
2024-10-23 01:30:00,10.3381,1,4.0676,1,35.0676,1
2024-10-23 02:00:00,10.3388,1,4.0678,1,35.0678,1
2024-10-23 02:30:00,10.3394,1,4.0679,1,35.0679,1
2024-10-23 03:00:00,10.3401,1,4.0680,1,35.0680,1
2024-10-23 03:30:00,10.3407,1,4.0681,1,35.0681,1
2024-10-23 04:00:00,10.3414,1,4.0683,1,35.0683,1
2024-10-23 04:30:00,10.3420,1,4.0684,1,35.0684,1
2024-10-23 05:00:00,10.3427,1,4.0685,1,35.0685,1
2024-10-23 05:30:00,10.3433,1,4.0687,1,35.0687,1
2024-10-23 06:00:00,10.3440,1,4.0688,1,35.0688,1
2024-10-23 06:30:00,10.3446,1,4.0689,1,35.0689,1
2024-10-23 07:00:00,10.3453,1,4.0691,1,35.0691,1
2024-10-23 07:30:00,10.3459,1,4.0692,1,35.0692,1
2024-10-23 08:00:00,10.3466,1,4.0693,1,35.0693,1
2024-10-23 08:30:00,10.3473,1,4.0695,1,35.0695,1
2024-10-23 09:00:00,10.3479,1,4.0696,1,35.0696,1
2024-10-23 09:30:00,10.3486,1,4.0697,1,35.0697,1
2024-10-23 10:00:00,10.3492,1,4.0698,1,35.0698,1
2024-10-23 10:30:00,10.3499,1,4.0700,1,35.0700,1
2024-10-23 11:00:00,10.3505,1,4.0701,1,35.0701,1
2024-10-23 11:30:00,10.3512,1,4.0702,1,35.0702,1
2024-10-23 12:00:00,10.3518,1,4.0704,1,35.0704,1
2024-10-23 12:30:00,10.3525,1,4.0705,1,35.0705,1
2024-10-23 13:00:00,10.3532,1,4.0706,1,35.0706,1
2024-10-23 13:30:00,10.3538,1,4.0708,1,35.0708,1
2024-10-23 14:00:00,10.3545,1,4.0709,1,35.0709,1
2024-10-23 14:30:00,10.3552,1,4.0710,1,35.0710,1
2024-10-23 15:00:00,10.3558,1,4.0712,1,35.0712,1
2024-10-23 15:30:00,10.3565,1,4.0713,1,35.0713,1
2024-10-23 16:00:00,10.3571,1,4.0714,1,35.0714,1
2024-10-23 16:30:00,10.3578,1,4.0716,1,35.0716,1
2024-10-23 17:00:00,10.3585,1,4.0717,1,35.0717,1
2024-10-23 17:30:00,10.3591,1,4.0718,1,35.0718,1
2024-10-23 18:00:00,10.3598,1,4.0720,1,35.0720,1
2024-10-23 18:30:00,10.3605,1,4.0721,1,35.0721,1
2024-10-23 19:00:00,10.3611,1,4.0722,1,35.0722,1
2024-10-23 19:30:00,10.3618,1,4.0724,1,35.0724,1
2024-10-23 20:00:00,10.3625,1,4.0725,1,35.0725,1
2024-10-23 20:30:00,10.3631,1,4.0726,1,35.0726,1
2024-10-23 21:00:00,10.3638,1,4.0728,1,35.0728,1
2024-10-23 21:30:00,10.3645,1,4.0729,1,35.0729,1
2024-10-23 22:00:00,10.3651,1,4.0730,1,35.0730,1
2024-10-23 22:30:00,10.3658,1,4.0732,1,35.0732,1
2024-10-23 23:00:00,10.3665,1,4.0733,1,35.0733,1
2024-10-23 23:30:00,10.3672,1,4.0734,1,35.0734,1
2024-10-24 00:00:00,10.3678,1,4.0736,1,35.0736,1
2024-10-24 00:30:00,10.3685,1,4.0737,1,35.0737,1
2024-10-24 01:00:00,10.3692,1,4.0738,1,35.0738,1
2024-10-24 01:30:00,10.3699,1,4.0740,1,35.0740,1
2024-10-24 02:00:00,10.3705,1,4.0741,1,35.0741,1
2024-10-24 02:30:00,10.3712,1,4.0742,1,35.0742,1
2024-10-24 03:00:00,10.3719,1,4.0744,1,35.0744,1
2024-10-24 03:30:00,10.3726,1,4.0745,1,35.0745,1
2024-10-24 04:00:00,10.3732,1,4.0746,1,35.0746,1
2024-10-24 04:30:00,10.3739,1,4.0748,1,35.0748,1
2024-10-24 05:00:00,10.3746,1,4.0749,1,35.0749,1
2024-10-24 05:30:00,10.3753,1,4.0751,1,35.0751,1
2024-10-24 06:00:00,10.3760,1,4.0752,1,35.0752,1
2024-10-24 06:30:00,10.3766,1,4.0753,1,35.0753,1
2024-10-24 07:00:00,10.3773,1,4.0755,1,35.0755,1
2024-10-24 07:30:00,10.3780,1,4.0756,1,35.0756,1
2024-10-24 08:00:00,10.3787,1,4.0757,1,35.0757,1
2024-10-24 08:30:00,10.3794,1,4.0759,1,35.0759,1
2024-10-24 09:00:00,10.3800,1,4.0760,1,35.0760,1
2024-10-24 09:30:00,10.3807,1,4.0761,1,35.0761,1
2024-10-24 10:00:00,10.3814,1,4.0763,1,35.0763,1
2024-10-24 10:30:00,10.3821,1,4.0764,1,35.0764,1
2024-10-24 11:00:00,10.3828,1,4.0766,1,35.0766,1
2024-10-24 11:30:00,10.3835,1,4.0767,1,35.0767,1
2024-10-24 12:00:00,10.3842,1,4.0768,1,35.0768,1
2024-10-24 12:30:00,10.3848,1,4.0770,1,35.0770,1
2024-10-24 13:00:00,10.3855,1,4.0771,1,35.0771,1
2024-10-24 13:30:00,10.3862,1,4.0772,1,35.0772,1
2024-10-24 14:00:00,10.3869,1,4.0774,1,35.0774,1
2024-10-24 14:30:00,10.3876,1,4.0775,1,35.0775,1
2024-10-24 15:00:00,10.3883,1,4.0777,1,35.0777,1
2024-10-24 15:30:00,10.3890,1,4.0778,1,35.0778,1
2024-10-24 16:00:00,10.3897,1,4.0779,1,35.0779,1
2024-10-24 16:30:00,10.3904,1,4.0781,1,35.0781,1
2024-10-24 17:00:00,10.3911,1,4.0782,1,35.0782,1
2024-10-24 17:30:00,10.3918,1,4.0784,1,35.0784,1
2024-10-24 18:00:00,10.3925,1,4.0785,1,35.0785,1
2024-10-24 18:30:00,10.3931,1,4.0786,1,35.0786,1
2024-10-24 19:00:00,10.3938,1,4.0788,1,35.0788,1
2024-10-24 19:30:00,10.3945,1,4.0789,1,35.0789,1
2024-10-24 20:00:00,10.3952,1,4.0790,1,35.0790,1
2024-10-24 20:30:00,10.3959,1,4.0792,1,35.0792,1
2024-10-24 21:00:00,10.3966,1,4.0793,1,35.0793,1
2024-10-24 21:30:00,10.3973,1,4.0795,1,35.0795,1
2024-10-24 22:00:00,10.3980,1,4.0796,1,35.0796,1
2024-10-24 22:30:00,10.3987,1,4.0797,1,35.0797,1
2024-10-24 23:00:00,10.3994,1,4.0799,1,35.0799,1
2024-10-24 23:30:00,10.4001,1,4.0800,1,35.0800,1
2024-10-25 00:00:00,10.4008,1,4.0802,1,35.0802,1
2024-10-25 00:30:00,10.4015,1,4.0803,1,35.0803,1
2024-10-25 01:00:00,10.4022,1,4.0804,1,35.0804,1
2024-10-25 01:30:00,10.4029,1,4.0806,1,35.0806,1
2024-10-25 02:00:00,10.4036,1,4.0807,1,35.0807,1
2024-10-25 02:30:00,10.4043,1,4.0809,1,35.0809,1
2024-10-25 03:00:00,10.4050,1,4.0810,1,35.0810,1
2024-10-25 03:30:00,10.4058,1,4.0812,1,35.0812,1
2024-10-25 04:00:00,10.4065,1,4.0813,1,35.0813,1
2024-10-25 04:30:00,10.4072,1,4.0814,1,35.0814,1
2024-10-25 05:00:00,10.4079,1,4.0816,1,35.0816,1
2024-10-25 05:30:00,10.4086,1,4.0817,1,35.0817,1
2024-10-25 06:00:00,10.4093,1,4.0819,1,35.0819,1
2024-10-25 06:30:00,10.4100,1,4.0820,1,35.0820,1
2024-10-25 07:00:00,10.4107,1,4.0821,1,35.0821,1
2024-10-25 07:30:00,10.4114,1,4.0823,1,35.0823,1
2024-10-25 08:00:00,10.4121,1,4.0824,1,35.0824,1
2024-10-25 08:30:00,10.4128,1,4.0826,1,35.0826,1
2024-10-25 09:00:00,10.4135,1,4.0827,1,35.0827,1
2024-10-25 09:30:00,10.4143,1,4.0829,1,35.0829,1
2024-10-25 10:00:00,10.4150,1,4.0830,1,35.0830,1
2024-10-25 10:30:00,10.4157,1,4.0831,1,35.0831,1
2024-10-25 11:00:00,10.4164,1,4.0833,1,35.0833,1
2024-10-25 11:30:00,10.4171,1,4.0834,1,35.0834,1
2024-10-25 12:00:00,10.4178,1,4.0836,1,35.0836,1
2024-10-25 12:30:00,10.4185,1,4.0837,1,35.0837,1
2024-10-25 13:00:00,10.4193,1,4.0839,1,35.0839,1
2024-10-25 13:30:00,10.4200,1,4.0840,1,35.0840,1
2024-10-25 14:00:00,10.4207,1,4.0841,1,35.0841,1
2024-10-25 14:30:00,10.4214,1,4.0843,1,35.0843,1
2024-10-25 15:00:00,10.4221,1,4.0844,1,35.0844,1
2024-10-25 15:30:00,10.4229,1,4.0846,1,35.0846,1
2024-10-25 16:00:00,10.4236,1,4.0847,1,35.0847,1
2024-10-25 16:30:00,10.4243,1,4.0849,1,35.0849,1
2024-10-25 17:00:00,10.4250,1,4.0850,1,35.0850,1
2024-10-25 17:30:00,10.4257,1,4.0851,1,35.0851,1
2024-10-25 18:00:00,10.4265,1,4.0853,1,35.0853,1
2024-10-25 18:30:00,10.4272,1,4.0854,1,35.0854,1
2024-10-25 19:00:00,10.4279,1,4.0856,1,35.0856,1
2024-10-25 19:30:00,10.4286,1,4.0857,1,35.0857,1
2024-10-25 20:00:00,10.4294,1,4.0859,1,35.0859,1
2024-10-25 20:30:00,10.4301,1,4.0860,1,35.0860,1
2024-10-25 21:00:00,10.4308,1,4.0862,1,35.0862,1
2024-10-25 21:30:00,10.4315,1,4.0863,1,35.0863,1
2024-10-25 22:00:00,10.4323,1,4.0865,1,35.0865,1
2024-10-25 22:30:00,10.4330,1,4.0866,1,35.0866,1
2024-10-25 23:00:00,10.4337,1,4.0867,1,35.0867,1
2024-10-25 23:30:00,10.4344,1,4.0869,1,35.0869,1
2024-10-26 00:00:00,10.4352,1,4.0870,1,35.0870,1
2024-10-26 00:30:00,10.4359,1,4.0872,1,35.0872,1
2024-10-26 01:00:00,10.4366,1,4.0873,1,35.0873,1
2024-10-26 01:30:00,10.4374,1,4.0875,1,35.0875,1
2024-10-26 02:00:00,10.4381,1,4.0876,1,35.0876,1
2024-10-26 02:30:00,10.4388,1,4.0878,1,35.0878,1
2024-10-26 03:00:00,10.4396,1,4.0879,1,35.0879,1
2024-10-26 03:30:00,10.4403,1,4.0881,1,35.0881,1
2024-10-26 04:00:00,10.4410,1,4.0882,1,35.0882,1
2024-10-26 04:30:00,10.4418,1,4.0884,1,35.0884,1
2024-10-26 05:00:00,10.4425,1,4.0885,1,35.0885,1
2024-10-26 05:30:00,10.4432,1,4.0886,1,35.0886,1
2024-10-26 06:00:00,10.4440,1,4.0888,1,35.0888,1
2024-10-26 06:30:00,10.4447,1,4.0889,1,35.0889,1
2024-10-26 07:00:00,10.4454,1,4.0891,1,35.0891,1
2024-10-26 07:30:00,10.4462,1,4.0892,1,35.0892,1
2024-10-26 08:00:00,10.4469,1,4.0894,1,35.0894,1
2024-10-26 08:30:00,10.4477,1,4.0895,1,35.0895,1
2024-10-26 09:00:00,10.4484,1,4.0897,1,35.0897,1
2024-10-26 09:30:00,10.4491,1,4.0898,1,35.0898,1
2024-10-26 10:00:00,10.4499,1,4.0900,1,35.0900,1
2024-10-26 10:30:00,10.4506,1,4.0901,1,35.0901,1
2024-10-26 11:00:00,10.4514,1,4.0903,1,35.0903,1
2024-10-26 11:30:00,10.4521,1,4.0904,1,35.0904,1
2024-10-26 12:00:00,10.4529,1,4.0906,1,35.0906,1
2024-10-26 12:30:00,10.4536,1,4.0907,1,35.0907,1
2024-10-26 13:00:00,10.4543,1,4.0909,1,35.0909,1
2024-10-26 13:30:00,10.4551,1,4.0910,1,35.0910,1
2024-10-26 14:00:00,10.4558,1,4.0912,1,35.0912,1
2024-10-26 14:30:00,10.4566,1,4.0913,1,35.0913,1
2024-10-26 15:00:00,10.4573,1,4.0915,1,35.0915,1
2024-10-26 15:30:00,10.4581,1,4.0916,1,35.0916,1
2024-10-26 16:00:00,10.4588,1,4.0918,1,35.0918,1
2024-10-26 16:30:00,10.4596,1,4.0919,1,35.0919,1
2024-10-26 17:00:00,10.4603,1,4.0921,1,35.0921,1
2024-10-26 17:30:00,10.4611,1,4.0922,1,35.0922,1
2024-10-26 18:00:00,10.4618,1,4.0924,1,35.0924,1
2024-10-26 18:30:00,10.4626,1,4.0925,1,35.0925,1
2024-10-26 19:00:00,10.4633,1,4.0927,1,35.0927,1
2024-10-26 19:30:00,10.4641,1,4.0928,1,35.0928,1
2024-10-26 20:00:00,10.4648,1,4.0930,1,35.0930,1
2024-10-26 20:30:00,10.4656,1,4.0931,1,35.0931,1
2024-10-26 21:00:00,10.4663,1,4.0933,1,35.0933,1
2024-10-26 21:30:00,10.4671,1,4.0934,1,35.0934,1
2024-10-26 22:00:00,10.4678,1,4.0936,1,35.0936,1
2024-10-26 22:30:00,10.4686,1,4.0937,1,35.0937,1
2024-10-26 23:00:00,10.4694,1,4.0939,1,35.0939,1
2024-10-26 23:30:00,10.4701,1,4.0940,1,35.0940,1
2024-10-27 00:00:00,10.4709,1,4.0942,1,35.0942,1
2024-10-27 00:30:00,10.4716,1,4.0943,1,35.0943,1
2024-10-27 01:00:00,10.4724,1,4.0945,1,35.0945,1
2024-10-27 01:30:00,10.4731,1,4.0946,1,35.0946,1
2024-10-27 02:00:00,10.4739,1,4.0948,1,35.0948,1
2024-10-27 02:30:00,10.4747,1,4.0949,1,35.0949,1
2024-10-27 03:00:00,10.4754,1,4.0951,1,35.0951,1
2024-10-27 03:30:00,10.4762,1,4.0952,1,35.0952,1
2024-10-27 04:00:00,10.4769,1,4.0954,1,35.0954,1
2024-10-27 04:30:00,10.4777,1,4.0955,1,35.0955,1
2024-10-27 05:00:00,10.4785,1,4.0957,1,35.0957,1
2024-10-27 05:30:00,10.4792,1,4.0958,1,35.0958,1
2024-10-27 06:00:00,10.4800,1,4.0960,1,35.0960,1
2024-10-27 06:30:00,10.4808,1,4.0962,1,35.0962,1
2024-10-27 07:00:00,10.4815,1,4.0963,1,35.0963,1
2024-10-27 07:30:00,10.4823,1,4.0965,1,35.0965,1
2024-10-27 08:00:00,10.4831,1,4.0966,1,35.0966,1
2024-10-27 08:30:00,10.4838,1,4.0968,1,35.0968,1
2024-10-27 09:00:00,10.4846,1,4.0969,1,35.0969,1
2024-10-27 09:30:00,10.4854,1,4.0971,1,35.0971,1
2024-10-27 10:00:00,10.4861,1,4.0972,1,35.0972,1
2024-10-27 10:30:00,10.4869,1,4.0974,1,35.0974,1
2024-10-27 11:00:00,10.4877,1,4.0975,1,35.0975,1
2024-10-27 11:30:00,10.4884,1,4.0977,1,35.0977,1
2024-10-27 12:00:00,10.4892,1,4.0978,1,35.0978,1
2024-10-27 12:30:00,10.4900,1,4.0980,1,35.0980,1
2024-10-27 13:00:00,10.4908,1,4.0982,1,35.0982,1
2024-10-27 13:30:00,10.4915,1,4.0983,1,35.0983,1
2024-10-27 14:00:00,10.4923,1,4.0985,1,35.0985,1
2024-10-27 14:30:00,10.4931,1,4.0986,1,35.0986,1
2024-10-27 15:00:00,10.4939,1,4.0988,1,35.0988,1
2024-10-27 15:30:00,10.4946,1,4.0989,1,35.0989,1
2024-10-27 16:00:00,10.4954,1,4.0991,1,35.0991,1
2024-10-27 16:30:00,10.4962,1,4.0992,1,35.0992,1
2024-10-27 17:00:00,10.4970,1,4.0994,1,35.0994,1
2024-10-27 17:30:00,10.4977,1,4.0995,1,35.0995,1
2024-10-27 18:00:00,10.4985,1,4.0997,1,35.0997,1
2024-10-27 18:30:00,10.4993,1,4.0999,1,35.0999,1
2024-10-27 19:00:00,10.5001,1,4.1000,1,35.1000,1
2024-10-27 19:30:00,10.5009,1,4.1002,1,35.1002,1
2024-10-27 20:00:00,10.5016,1,4.1003,1,35.1003,1
2024-10-27 20:30:00,10.5024,1,4.1005,1,35.1005,1
2024-10-27 21:00:00,10.5032,1,4.1006,1,35.1006,1
2024-10-27 21:30:00,10.5040,1,4.1008,1,35.1008,1
2024-10-27 22:00:00,10.5048,1,4.1010,1,35.1010,1
2024-10-27 22:30:00,10.5055,1,4.1011,1,35.1011,1
2024-10-27 23:00:00,10.5063,1,4.1013,1,35.1013,1
2024-10-27 23:30:00,10.5071,1,4.1014,1,35.1014,1
2024-10-28 00:00:00,10.5079,1,4.1016,1,35.1016,1
2024-10-28 00:30:00,10.5087,1,4.1017,1,35.1017,1
2024-10-28 01:00:00,10.5095,1,4.1019,1,35.1019,1
2024-10-28 01:30:00,10.5103,1,4.1021,1,35.1021,1
2024-10-28 02:00:00,10.5110,1,4.1022,1,35.1022,1
2024-10-28 02:30:00,10.5118,1,4.1024,1,35.1024,1
2024-10-28 03:00:00,10.5126,1,4.1025,1,35.1025,1
2024-10-28 03:30:00,10.5134,1,4.1027,1,35.1027,1
2024-10-28 04:00:00,10.5142,1,4.1028,1,35.1028,1
2024-10-28 04:30:00,10.5150,1,4.1030,1,35.1030,1
2024-10-28 05:00:00,10.5158,1,4.1032,1,35.1032,1
2024-10-28 05:30:00,10.5166,1,4.1033,1,35.1033,1
2024-10-28 06:00:00,10.5174,1,4.1035,1,35.1035,1
2024-10-28 06:30:00,10.5182,1,4.1036,1,35.1036,1
2024-10-28 07:00:00,10.5189,1,4.1038,1,35.1038,1
2024-10-28 07:30:00,10.5197,1,4.1039,1,35.1039,1
2024-10-28 08:00:00,10.5205,1,4.1041,1,35.1041,1
2024-10-28 08:30:00,10.5213,1,4.1043,1,35.1043,1
2024-10-28 09:00:00,10.5221,1,4.1044,1,35.1044,1
2024-10-28 09:30:00,10.5229,1,4.1046,1,35.1046,1
2024-10-28 10:00:00,10.5237,1,4.1047,1,35.1047,1
2024-10-28 10:30:00,10.5245,1,4.1049,1,35.1049,1
2024-10-28 11:00:00,10.5253,1,4.1051,1,35.1051,1
2024-10-28 11:30:00,10.5261,1,4.1052,1,35.1052,1
2024-10-28 12:00:00,10.5269,1,4.1054,1,35.1054,1
2024-10-28 12:30:00,10.5277,1,4.1055,1,35.1055,1
2024-10-28 13:00:00,10.5285,1,4.1057,1,35.1057,1
2024-10-28 13:30:00,10.5293,1,4.1059,1,35.1059,1
2024-10-28 14:00:00,10.5301,1,4.1060,1,35.1060,1
2024-10-28 14:30:00,10.5309,1,4.1062,1,35.1062,1
2024-10-28 15:00:00,10.5317,1,4.1063,1,35.1063,1
2024-10-28 15:30:00,10.5325,1,4.1065,1,35.1065,1
2024-10-28 16:00:00,10.5333,1,4.1067,1,35.1067,1
2024-10-28 16:30:00,10.5341,1,4.1068,1,35.1068,1
2024-10-28 17:00:00,10.5349,1,4.1070,1,35.1070,1
2024-10-28 17:30:00,10.5357,1,4.1071,1,35.1071,1
2024-10-28 18:00:00,10.5365,1,4.1073,1,35.1073,1
2024-10-28 18:30:00,10.5373,1,4.1075,1,35.1075,1
2024-10-28 19:00:00,10.5381,1,4.1076,1,35.1076,1
2024-10-28 19:30:00,10.5390,1,4.1078,1,35.1078,1
2024-10-28 20:00:00,10.5398,1,4.1080,1,35.1080,1
2024-10-28 20:30:00,10.5406,1,4.1081,1,35.1081,1
2024-10-28 21:00:00,10.5414,1,4.1083,1,35.1083,1
2024-10-28 21:30:00,10.5422,1,4.1084,1,35.1084,1
2024-10-28 22:00:00,10.5430,1,4.1086,1,35.1086,1
2024-10-28 22:30:00,10.5438,1,4.1088,1,35.1088,1
2024-10-28 23:00:00,10.5446,1,4.1089,1,35.1089,1
2024-10-28 23:30:00,10.5454,1,4.1091,1,35.1091,1
2024-10-29 00:00:00,10.5462,1,4.1092,1,35.1092,1
2024-10-29 00:30:00,10.5471,1,4.1094,1,35.1094,1
2024-10-29 01:00:00,10.5479,1,4.1096,1,35.1096,1
2024-10-29 01:30:00,10.5487,1,4.1097,1,35.1097,1
2024-10-29 02:00:00,10.5495,1,4.1099,1,35.1099,1
2024-10-29 02:30:00,10.5503,1,4.1101,1,35.1101,1
2024-10-29 03:00:00,10.5511,1,4.1102,1,35.1102,1
2024-10-29 03:30:00,10.5519,1,4.1104,1,35.1104,1
2024-10-29 04:00:00,10.5528,1,4.1106,1,35.1106,1
2024-10-29 04:30:00,10.5536,1,4.1107,1,35.1107,1
2024-10-29 05:00:00,10.5544,1,4.1109,1,35.1109,1
2024-10-29 05:30:00,10.5552,1,4.1110,1,35.1110,1
2024-10-29 06:00:00,10.5560,1,4.1112,1,35.1112,1
2024-10-29 06:30:00,10.5569,1,4.1114,1,35.1114,1
2024-10-29 07:00:00,10.5577,1,4.1115,1,35.1115,1
2024-10-29 07:30:00,10.5585,1,4.1117,1,35.1117,1
2024-10-29 08:00:00,10.5593,1,4.1119,1,35.1119,1
2024-10-29 08:30:00,10.5601,1,4.1120,1,35.1120,1
2024-10-29 09:00:00,10.5610,1,4.1122,1,35.1122,1
2024-10-29 09:30:00,10.5618,1,4.1124,1,35.1124,1
2024-10-29 10:00:00,10.5626,1,4.1125,1,35.1125,1
2024-10-29 10:30:00,10.5634,1,4.1127,1,35.1127,1
2024-10-29 11:00:00,10.5643,1,4.1129,1,35.1129,1
2024-10-29 11:30:00,10.5651,1,4.1130,1,35.1130,1
2024-10-29 12:00:00,10.5659,1,4.1132,1,35.1132,1
2024-10-29 12:30:00,10.5667,1,4.1133,1,35.1133,1
2024-10-29 13:00:00,10.5676,1,4.1135,1,35.1135,1
2024-10-29 13:30:00,10.5684,1,4.1137,1,35.1137,1
2024-10-29 14:00:00,10.5692,1,4.1138,1,35.1138,1
2024-10-29 14:30:00,10.5701,1,4.1140,1,35.1140,1
2024-10-29 15:00:00,10.5709,1,4.1142,1,35.1142,1
2024-10-29 15:30:00,10.5717,1,4.1143,1,35.1143,1
2024-10-29 16:00:00,10.5725,1,4.1145,1,35.1145,1
2024-10-29 16:30:00,10.5734,1,4.1147,1,35.1147,1
2024-10-29 17:00:00,10.5742,1,4.1148,1,35.1148,1
2024-10-29 17:30:00,10.5750,1,4.1150,1,35.1150,1
2024-10-29 18:00:00,10.5759,1,4.1152,1,35.1152,1
2024-10-29 18:30:00,10.5767,1,4.1153,1,35.1153,1
2024-10-29 19:00:00,10.5775,1,4.1155,1,35.1155,1
2024-10-29 19:30:00,10.5784,1,4.1157,1,35.1157,1
2024-10-29 20:00:00,10.5792,1,4.1158,1,35.1158,1
2024-10-29 20:30:00,10.5800,1,4.1160,1,35.1160,1
2024-10-29 21:00:00,10.5809,1,4.1162,1,35.1162,1
2024-10-29 21:30:00,10.5817,1,4.1163,1,35.1163,1
2024-10-29 22:00:00,10.5826,1,4.1165,1,35.1165,1
2024-10-29 22:30:00,10.5834,1,4.1167,1,35.1167,1
2024-10-29 23:00:00,10.5842,1,4.1168,1,35.1168,1
2024-10-29 23:30:00,10.5851,1,4.1170,1,35.1170,1
2024-10-30 00:00:00,10.5859,1,4.1172,1,35.1172,1
2024-10-30 00:30:00,10.5868,1,4.1174,1,35.1174,1
2024-10-30 01:00:00,10.5876,1,4.1175,1,35.1175,1
2024-10-30 01:30:00,10.5884,1,4.1177,1,35.1177,1
2024-10-30 02:00:00,10.5893,1,4.1179,1,35.1179,1
2024-10-30 02:30:00,10.5901,1,4.1180,1,35.1180,1
2024-10-30 03:00:00,10.5910,1,4.1182,1,35.1182,1
2024-10-30 03:30:00,10.5918,1,4.1184,1,35.1184,1
2024-10-30 04:00:00,10.5926,1,4.1185,1,35.1185,1
2024-10-30 04:30:00,10.5935,1,4.1187,1,35.1187,1
2024-10-30 05:00:00,10.5943,1,4.1189,1,35.1189,1
2024-10-30 05:30:00,10.5952,1,4.1190,1,35.1190,1
2024-10-30 06:00:00,10.5960,1,4.1192,1,35.1192,1
2024-10-30 06:30:00,10.5969,1,4.1194,1,35.1194,1
2024-10-30 07:00:00,10.5977,1,4.1195,1,35.1195,1
2024-10-30 07:30:00,10.5986,1,4.1197,1,35.1197,1
2024-10-30 08:00:00,10.5994,1,4.1199,1,35.1199,1
2024-10-30 08:30:00,10.6003,1,4.1201,1,35.1201,1
2024-10-30 09:00:00,10.6011,1,4.1202,1,35.1202,1
2024-10-30 09:30:00,10.6020,1,4.1204,1,35.1204,1
2024-10-30 10:00:00,10.6028,1,4.1206,1,35.1206,1
2024-10-30 10:30:00,10.6037,1,4.1207,1,35.1207,1
2024-10-30 11:00:00,10.6045,1,4.1209,1,35.1209,1
2024-10-30 11:30:00,10.6054,1,4.1211,1,35.1211,1
2024-10-30 12:00:00,10.6062,1,4.1212,1,35.1212,1
2024-10-30 12:30:00,10.6071,1,4.1214,1,35.1214,1
2024-10-30 13:00:00,10.6079,1,4.1216,1,35.1216,1
2024-10-30 13:30:00,10.6088,1,4.1218,1,35.1218,1
2024-10-30 14:00:00,10.6096,1,4.1219,1,35.1219,1
2024-10-30 14:30:00,10.6105,1,4.1221,1,35.1221,1
2024-10-30 15:00:00,10.6114,1,4.1223,1,35.1223,1
2024-10-30 15:30:00,10.6122,1,4.1224,1,35.1224,1
2024-10-30 16:00:00,10.6131,1,4.1226,1,35.1226,1
2024-10-30 16:30:00,10.6139,1,4.1228,1,35.1228,1
2024-10-30 17:00:00,10.6148,1,4.1230,1,35.1230,1
2024-10-30 17:30:00,10.6157,1,4.1231,1,35.1231,1
2024-10-30 18:00:00,10.6165,1,4.1233,1,35.1233,1
2024-10-30 18:30:00,10.6174,1,4.1235,1,35.1235,1
2024-10-30 19:00:00,10.6182,1,4.1236,1,35.1236,1
2024-10-30 19:30:00,10.6191,1,4.1238,1,35.1238,1
2024-10-30 20:00:00,10.6200,1,4.1240,1,35.1240,1
2024-10-30 20:30:00,10.6208,1,4.1242,1,35.1242,1
2024-10-30 21:00:00,10.6217,1,4.1243,1,35.1243,1
2024-10-30 21:30:00,10.6225,1,4.1245,1,35.1245,1
2024-10-30 22:00:00,10.6234,1,4.1247,1,35.1247,1
2024-10-30 22:30:00,10.6243,1,4.1249,1,35.1249,1
2024-10-30 23:00:00,10.6251,1,4.1250,1,35.1250,1
2024-10-30 23:30:00,10.6260,1,4.1252,1,35.1252,1
2024-10-31 00:00:00,10.6269,1,4.1254,1,35.1254,1
2024-10-31 00:30:00,10.6277,1,4.1255,1,35.1255,1
2024-10-31 01:00:00,10.6286,1,4.1257,1,35.1257,1
2024-10-31 01:30:00,10.6295,1,4.1259,1,35.1259,1
2024-10-31 02:00:00,10.6303,1,4.1261,1,35.1261,1
2024-10-31 02:30:00,10.6312,1,4.1262,1,35.1262,1
2024-10-31 03:00:00,10.6321,1,4.1264,1,35.1264,1
2024-10-31 03:30:00,10.6330,1,4.1266,1,35.1266,1
2024-10-31 04:00:00,10.6338,1,4.1268,1,35.1268,1
2024-10-31 04:30:00,10.6347,1,4.1269,1,35.1269,1
2024-10-31 05:00:00,10.6356,1,4.1271,1,35.1271,1
2024-10-31 05:30:00,10.6364,1,4.1273,1,35.1273,1
2024-10-31 06:00:00,10.6373,1,4.1275,1,35.1275,1
2024-10-31 06:30:00,10.6382,1,4.1276,1,35.1276,1
2024-10-31 07:00:00,10.6391,1,4.1278,1,35.1278,1
2024-10-31 07:30:00,10.6399,1,4.1280,1,35.1280,1
2024-10-31 08:00:00,10.6408,1,4.1282,1,35.1282,1
2024-10-31 08:30:00,10.6417,1,4.1283,1,35.1283,1
2024-10-31 09:00:00,10.6426,1,4.1285,1,35.1285,1
2024-10-31 09:30:00,10.6434,1,4.1287,1,35.1287,1
2024-10-31 10:00:00,10.6443,1,4.1289,1,35.1289,1
2024-10-31 10:30:00,10.6452,1,4.1290,1,35.1290,1
2024-10-31 11:00:00,10.6461,1,4.1292,1,35.1292,1
2024-10-31 11:30:00,10.6470,1,4.1294,1,35.1294,1
2024-10-31 12:00:00,10.6478,1,4.1296,1,35.1296,1
2024-10-31 12:30:00,10.6487,1,4.1297,1,35.1297,1
2024-10-31 13:00:00,10.6496,1,4.1299,1,35.1299,1
2024-10-31 13:30:00,10.6505,1,4.1301,1,35.1301,1
2024-10-31 14:00:00,10.6514,1,4.1303,1,35.1303,1
2024-10-31 14:30:00,10.6522,1,4.1304,1,35.1304,1
2024-10-31 15:00:00,10.6531,1,4.1306,1,35.1306,1
2024-10-31 15:30:00,10.6540,1,4.1308,1,35.1308,1
2024-10-31 16:00:00,10.6549,1,4.1310,1,35.1310,1
2024-10-31 16:30:00,10.6558,1,4.1312,1,35.1312,1
2024-10-31 17:00:00,10.6567,1,4.1313,1,35.1313,1
2024-10-31 17:30:00,10.6576,1,4.1315,1,35.1315,1
2024-10-31 18:00:00,10.6584,1,4.1317,1,35.1317,1
2024-10-31 18:30:00,10.6593,1,4.1319,1,35.1319,1
2024-10-31 19:00:00,10.6602,1,4.1320,1,35.1320,1
2024-10-31 19:30:00,10.6611,1,4.1322,1,35.1322,1
2024-10-31 20:00:00,10.6620,1,4.1324,1,35.1324,1
2024-10-31 20:30:00,10.6629,1,4.1326,1,35.1326,1
2024-10-31 21:00:00,10.6638,1,4.1328,1,35.1328,1
2024-10-31 21:30:00,10.6647,1,4.1329,1,35.1329,1
2024-10-31 22:00:00,10.6656,1,4.1331,1,35.1331,1
2024-10-31 22:30:00,10.6664,1,4.1333,1,35.1333,1
2024-10-31 23:00:00,10.6673,1,4.1335,1,35.1335,1
2024-10-31 23:30:00,10.6682,1,4.1336,1,35.1336,1
2024-11-01 00:00:00,10.6691,1,4.1338,1,35.1338,1
2024-11-01 00:30:00,10.6700,1,4.1340,1,35.1340,1
2024-11-01 01:00:00,10.6709,1,4.1342,1,35.1342,1
2024-11-01 01:30:00,10.6718,1,4.1344,1,35.1344,1
2024-11-01 02:00:00,10.6727,1,4.1345,1,35.1345,1
2024-11-01 02:30:00,10.6736,1,4.1347,1,35.1347,1
2024-11-01 03:00:00,10.6745,1,4.1349,1,35.1349,1
2024-11-01 03:30:00,10.6754,1,4.1351,1,35.1351,1
2024-11-01 04:00:00,10.6763,1,4.1353,1,35.1353,1
2024-11-01 04:30:00,10.6772,1,4.1354,1,35.1354,1
2024-11-01 05:00:00,10.6781,1,4.1356,1,35.1356,1
2024-11-01 05:30:00,10.6790,1,4.1358,1,35.1358,1
2024-11-01 06:00:00,10.6799,1,4.1360,1,35.1360,1
2024-11-01 06:30:00,10.6808,1,4.1362,1,35.1362,1
2024-11-01 07:00:00,10.6817,1,4.1363,1,35.1363,1
2024-11-01 07:30:00,10.6826,1,4.1365,1,35.1365,1
2024-11-01 08:00:00,10.6835,1,4.1367,1,35.1367,1
2024-11-01 08:30:00,10.6844,1,4.1369,1,35.1369,1
2024-11-01 09:00:00,10.6853,1,4.1371,1,35.1371,1
2024-11-01 09:30:00,10.6862,1,4.1372,1,35.1372,1
2024-11-01 10:00:00,10.6871,1,4.1374,1,35.1374,1
2024-11-01 10:30:00,10.6880,1,4.1376,1,35.1376,1
2024-11-01 11:00:00,10.6889,1,4.1378,1,35.1378,1
2024-11-01 11:30:00,10.6898,1,4.1380,1,35.1380,1
2024-11-01 12:00:00,10.6907,1,4.1381,1,35.1381,1
2024-11-01 12:30:00,10.6916,1,4.1383,1,35.1383,1
2024-11-01 13:00:00,10.6925,1,4.1385,1,35.1385,1
2024-11-01 13:30:00,10.6935,1,4.1387,1,35.1387,1
2024-11-01 14:00:00,10.6944,1,4.1389,1,35.1389,1
2024-11-01 14:30:00,10.6953,1,4.1391,1,35.1391,1
2024-11-01 15:00:00,10.6962,1,4.1392,1,35.1392,1
2024-11-01 15:30:00,10.6971,1,4.1394,1,35.1394,1
2024-11-01 16:00:00,10.6980,1,4.1396,1,35.1396,1
2024-11-01 16:30:00,10.6989,1,4.1398,1,35.1398,1
2024-11-01 17:00:00,10.6998,1,4.1400,1,35.1400,1
2024-11-01 17:30:00,10.7007,1,4.1401,1,35.1401,1
2024-11-01 18:00:00,10.7017,1,4.1403,1,35.1403,1
2024-11-01 18:30:00,10.7026,1,4.1405,1,35.1405,1
2024-11-01 19:00:00,10.7035,1,4.1407,1,35.1407,1
2024-11-01 19:30:00,10.7044,1,4.1409,1,35.1409,1
2024-11-01 20:00:00,10.7053,1,4.1411,1,35.1411,1
2024-11-01 20:30:00,10.7062,1,4.1412,1,35.1412,1
2024-11-01 21:00:00,10.7071,1,4.1414,1,35.1414,1
2024-11-01 21:30:00,10.7081,1,4.1416,1,35.1416,1
2024-11-01 22:00:00,10.7090,1,4.1418,1,35.1418,1
2024-11-01 22:30:00,10.7099,1,4.1420,1,35.1420,1
2024-11-01 23:00:00,10.7108,1,4.1422,1,35.1422,1
2024-11-01 23:30:00,10.7117,1,4.1423,1,35.1423,1
2024-11-02 00:00:00,10.7127,1,4.1425,1,35.1425,1
2024-11-02 00:30:00,10.7136,1,4.1427,1,35.1427,1
2024-11-02 01:00:00,10.7145,1,4.1429,1,35.1429,1
2024-11-02 01:30:00,10.7154,1,4.1431,1,35.1431,1
2024-11-02 02:00:00,10.7163,1,4.1433,1,35.1433,1
2024-11-02 02:30:00,10.7173,1,4.1435,1,35.1435,1
2024-11-02 03:00:00,10.7182,1,4.1436,1,35.1436,1
2024-11-02 03:30:00,10.7191,1,4.1438,1,35.1438,1
2024-11-02 04:00:00,10.7200,1,4.1440,1,35.1440,1
2024-11-02 04:30:00,10.7210,1,4.1442,1,35.1442,1
2024-11-02 05:00:00,10.7219,1,4.1444,1,35.1444,1
2024-11-02 05:30:00,10.7228,1,4.1446,1,35.1446,1
2024-11-02 06:00:00,10.7237,1,4.1447,1,35.1447,1
2024-11-02 06:30:00,10.7247,1,4.1449,1,35.1449,1
2024-11-02 07:00:00,10.7256,1,4.1451,1,35.1451,1
2024-11-02 07:30:00,10.7265,1,4.1453,1,35.1453,1
2024-11-02 08:00:00,10.7274,1,4.1455,1,35.1455,1
2024-11-02 08:30:00,10.7284,1,4.1457,1,35.1457,1
2024-11-02 09:00:00,10.7293,1,4.1459,1,35.1459,1
2024-11-02 09:30:00,10.7302,1,4.1460,1,35.1460,1
2024-11-02 10:00:00,10.7312,1,4.1462,1,35.1462,1
2024-11-02 10:30:00,10.7321,1,4.1464,1,35.1464,1
2024-11-02 11:00:00,10.7330,1,4.1466,1,35.1466,1
2024-11-02 11:30:00,10.7340,1,4.1468,1,35.1468,1
2024-11-02 12:00:00,10.7349,1,4.1470,1,35.1470,1
2024-11-02 12:30:00,10.7358,1,4.1472,1,35.1472,1
2024-11-02 13:00:00,10.7368,1,4.1474,1,35.1474,1
2024-11-02 13:30:00,10.7377,1,4.1475,1,35.1475,1
2024-11-02 14:00:00,10.7386,1,4.1477,1,35.1477,1
2024-11-02 14:30:00,10.7396,1,4.1479,1,35.1479,1
2024-11-02 15:00:00,10.7405,1,4.1481,1,35.1481,1
2024-11-02 15:30:00,10.7414,1,4.1483,1,35.1483,1
2024-11-02 16:00:00,10.7424,1,4.1485,1,35.1485,1
2024-11-02 16:30:00,10.7433,1,4.1487,1,35.1487,1
2024-11-02 17:00:00,10.7443,1,4.1489,1,35.1489,1
2024-11-02 17:30:00,10.7452,1,4.1490,1,35.1490,1
2024-11-02 18:00:00,10.7461,1,4.1492,1,35.1492,1
2024-11-02 18:30:00,10.7471,1,4.1494,1,35.1494,1
2024-11-02 19:00:00,10.7480,1,4.1496,1,35.1496,1
2024-11-02 19:30:00,10.7490,1,4.1498,1,35.1498,1
2024-11-02 20:00:00,10.7499,1,4.1500,1,35.1500,1
2024-11-02 20:30:00,10.7508,1,4.1502,1,35.1502,1
2024-11-02 21:00:00,10.7518,1,4.1504,1,35.1504,1
2024-11-02 21:30:00,10.7527,1,4.1505,1,35.1505,1
2024-11-02 22:00:00,10.7537,1,4.1507,1,35.1507,1
2024-11-02 22:30:00,10.7546,1,4.1509,1,35.1509,1
2024-11-02 23:00:00,10.7556,1,4.1511,1,35.1511,1
2024-11-02 23:30:00,10.7565,1,4.1513,1,35.1513,1
2024-11-03 00:00:00,10.7575,1,4.1515,1,35.1515,1
2024-11-03 00:30:00,10.7584,1,4.1517,1,35.1517,1
2024-11-03 01:00:00,10.7593,1,4.1519,1,35.1519,1
2024-11-03 01:30:00,10.7603,1,4.1521,1,35.1521,1
2024-11-03 02:00:00,10.7612,1,4.1522,1,35.1522,1
2024-11-03 02:30:00,10.7622,1,4.1524,1,35.1524,1
2024-11-03 03:00:00,10.7631,1,4.1526,1,35.1526,1
2024-11-03 03:30:00,10.7641,1,4.1528,1,35.1528,1
2024-11-03 04:00:00,10.7650,1,4.1530,1,35.1530,1
2024-11-03 04:30:00,10.7660,1,4.1532,1,35.1532,1
2024-11-03 05:00:00,10.7669,1,4.1534,1,35.1534,1
2024-11-03 05:30:00,10.7679,1,4.1536,1,35.1536,1
2024-11-03 06:00:00,10.7688,1,4.1538,1,35.1538,1
2024-11-03 06:30:00,10.7698,1,4.1540,1,35.1540,1
2024-11-03 07:00:00,10.7708,1,4.1542,1,35.1542,1
2024-11-03 07:30:00,10.7717,1,4.1543,1,35.1543,1
2024-11-03 08:00:00,10.7727,1,4.1545,1,35.1545,1
2024-11-03 08:30:00,10.7736,1,4.1547,1,35.1547,1
2024-11-03 09:00:00,10.7746,1,4.1549,1,35.1549,1
2024-11-03 09:30:00,10.7755,1,4.1551,1,35.1551,1
2024-11-03 10:00:00,10.7765,1,4.1553,1,35.1553,1
2024-11-03 10:30:00,10.7774,1,4.1555,1,35.1555,1
2024-11-03 11:00:00,10.7784,1,4.1557,1,35.1557,1
2024-11-03 11:30:00,10.7794,1,4.1559,1,35.1559,1
2024-11-03 12:00:00,10.7803,1,4.1561,1,35.1561,1
2024-11-03 12:30:00,10.7813,1,4.1563,1,35.1563,1
2024-11-03 13:00:00,10.7822,1,4.1564,1,35.1564,1
2024-11-03 13:30:00,10.7832,1,4.1566,1,35.1566,1
2024-11-03 14:00:00,10.7842,1,4.1568,1,35.1568,1
2024-11-03 14:30:00,10.7851,1,4.1570,1,35.1570,1
2024-11-03 15:00:00,10.7861,1,4.1572,1,35.1572,1
2024-11-03 15:30:00,10.7870,1,4.1574,1,35.1574,1
2024-11-03 16:00:00,10.7880,1,4.1576,1,35.1576,1
2024-11-03 16:30:00,10.7890,1,4.1578,1,35.1578,1
2024-11-03 17:00:00,10.7899,1,4.1580,1,35.1580,1
2024-11-03 17:30:00,10.7909,1,4.1582,1,35.1582,1
2024-11-03 18:00:00,10.7919,1,4.1584,1,35.1584,1
2024-11-03 18:30:00,10.7928,1,4.1586,1,35.1586,1
2024-11-03 19:00:00,10.7938,1,4.1588,1,35.1588,1
2024-11-03 19:30:00,10.7948,1,4.1590,1,35.1590,1
2024-11-03 20:00:00,10.7957,1,4.1591,1,35.1591,1
2024-11-03 20:30:00,10.7967,1,4.1593,1,35.1593,1
2024-11-03 21:00:00,10.7977,1,4.1595,1,35.1595,1
2024-11-03 21:30:00,10.7986,1,4.1597,1,35.1597,1
2024-11-03 22:00:00,10.7996,1,4.1599,1,35.1599,1
2024-11-03 22:30:00,10.8006,1,4.1601,1,35.1601,1
2024-11-03 23:00:00,10.8015,1,4.1603,1,35.1603,1
2024-11-03 23:30:00,10.8025,1,4.1605,1,35.1605,1
2024-11-04 00:00:00,10.8035,1,4.1607,1,35.1607,1
2024-11-04 00:30:00,10.8045,1,4.1609,1,35.1609,1
2024-11-04 01:00:00,10.8054,1,4.1611,1,35.1611,1
2024-11-04 01:30:00,10.8064,1,4.1613,1,35.1613,1
2024-11-04 02:00:00,10.8074,1,4.1615,1,35.1615,1
2024-11-04 02:30:00,10.8084,1,4.1617,1,35.1617,1
2024-11-04 03:00:00,10.8093,1,4.1619,1,35.1619,1
2024-11-04 03:30:00,10.8103,1,4.1621,1,35.1621,1
2024-11-04 04:00:00,10.8113,1,4.1623,1,35.1623,1
2024-11-04 04:30:00,10.8123,1,4.1625,1,35.1625,1
2024-11-04 05:00:00,10.8132,1,4.1626,1,35.1626,1
2024-11-04 05:30:00,10.8142,1,4.1628,1,35.1628,1
2024-11-04 06:00:00,10.8152,1,4.1630,1,35.1630,1
2024-11-04 06:30:00,10.8162,1,4.1632,1,35.1632,1
2024-11-04 07:00:00,10.8172,1,4.1634,1,35.1634,1
2024-11-04 07:30:00,10.8181,1,4.1636,1,35.1636,1
2024-11-04 08:00:00,10.8191,1,4.1638,1,35.1638,1
2024-11-04 08:30:00,10.8201,1,4.1640,1,35.1640,1
2024-11-04 09:00:00,10.8211,1,4.1642,1,35.1642,1
2024-11-04 09:30:00,10.8221,1,4.1644,1,35.1644,1
2024-11-04 10:00:00,10.8230,1,4.1646,1,35.1646,1
2024-11-04 10:30:00,10.8240,1,4.1648,1,35.1648,1
2024-11-04 11:00:00,10.8250,1,4.1650,1,35.1650,1
2024-11-04 11:30:00,10.8260,1,4.1652,1,35.1652,1
2024-11-04 12:00:00,10.8270,1,4.1654,1,35.1654,1
2024-11-04 12:30:00,10.8280,1,4.1656,1,35.1656,1
2024-11-04 13:00:00,10.8290,1,4.1658,1,35.1658,1
2024-11-04 13:30:00,10.8299,1,4.1660,1,35.1660,1
2024-11-04 14:00:00,10.8309,1,4.1662,1,35.1662,1
2024-11-04 14:30:00,10.8319,1,4.1664,1,35.1664,1
2024-11-04 15:00:00,10.8329,1,4.1666,1,35.1666,1
2024-11-04 15:30:00,10.8339,1,4.1668,1,35.1668,1
2024-11-04 16:00:00,10.8349,1,4.1670,1,35.1670,1
2024-11-04 16:30:00,10.8359,1,4.1672,1,35.1672,1
2024-11-04 17:00:00,10.8369,1,4.1674,1,35.1674,1
2024-11-04 17:30:00,10.8378,1,4.1676,1,35.1676,1
2024-11-04 18:00:00,10.8388,1,4.1678,1,35.1678,1
2024-11-04 18:30:00,10.8398,1,4.1680,1,35.1680,1
2024-11-04 19:00:00,10.8408,1,4.1682,1,35.1682,1
2024-11-04 19:30:00,10.8418,1,4.1684,1,35.1684,1
2024-11-04 20:00:00,10.8428,1,4.1686,1,35.1686,1
2024-11-04 20:30:00,10.8438,1,4.1688,1,35.1688,1
2024-11-04 21:00:00,10.8448,1,4.1690,1,35.1690,1
2024-11-04 21:30:00,10.8458,1,4.1692,1,35.1692,1
2024-11-04 22:00:00,10.8468,1,4.1694,1,35.1694,1
2024-11-04 22:30:00,10.8478,1,4.1696,1,35.1696,1
2024-11-04 23:00:00,10.8488,1,4.1698,1,35.1698,1
2024-11-04 23:30:00,10.8498,1,4.1700,1,35.1700,1
2024-11-05 00:00:00,10.8508,1,4.1702,1,35.1702,1
2024-11-05 00:30:00,10.8518,1,4.1704,1,35.1704,1
2024-11-05 01:00:00,10.8528,1,4.1706,1,35.1706,1
2024-11-05 01:30:00,10.8538,1,4.1708,1,35.1708,1
2024-11-05 02:00:00,10.8548,1,4.1710,1,35.1710,1
2024-11-05 02:30:00,10.8558,1,4.1712,1,35.1712,1
2024-11-05 03:00:00,10.8568,1,4.1714,1,35.1714,1
2024-11-05 03:30:00,10.8578,1,4.1716,1,35.1716,1
2024-11-05 04:00:00,10.8588,1,4.1718,1,35.1718,1
2024-11-05 04:30:00,10.8598,1,4.1720,1,35.1720,1
2024-11-05 05:00:00,10.8608,1,4.1722,1,35.1722,1
2024-11-05 05:30:00,10.8618,1,4.1724,1,35.1724,1
2024-11-05 06:00:00,10.8628,1,4.1726,1,35.1726,1
2024-11-05 06:30:00,10.8638,1,4.1728,1,35.1728,1
2024-11-05 07:00:00,10.8648,1,4.1730,1,35.1730,1
2024-11-05 07:30:00,10.8658,1,4.1732,1,35.1732,1
2024-11-05 08:00:00,10.8668,1,4.1734,1,35.1734,1
2024-11-05 08:30:00,10.8678,1,4.1736,1,35.1736,1
2024-11-05 09:00:00,10.8688,1,4.1738,1,35.1738,1
2024-11-05 09:30:00,10.8698,1,4.1740,1,35.1740,1
2024-11-05 10:00:00,10.8708,1,4.1742,1,35.1742,1
2024-11-05 10:30:00,10.8718,1,4.1744,1,35.1744,1
2024-11-05 11:00:00,10.8729,1,4.1746,1,35.1746,1
2024-11-05 11:30:00,10.8739,1,4.1748,1,35.1748,1
2024-11-05 12:00:00,10.8749,1,4.1750,1,35.1750,1
2024-11-05 12:30:00,10.8759,1,4.1752,1,35.1752,1
2024-11-05 13:00:00,10.8769,1,4.1754,1,35.1754,1
2024-11-05 13:30:00,10.8779,1,4.1756,1,35.1756,1
2024-11-05 14:00:00,10.8789,1,4.1758,1,35.1758,1
2024-11-05 14:30:00,10.8799,1,4.1760,1,35.1760,1
2024-11-05 15:00:00,10.8809,1,4.1762,1,35.1762,1
2024-11-05 15:30:00,10.8820,1,4.1764,1,35.1764,1
2024-11-05 16:00:00,10.8830,1,4.1766,1,35.1766,1
2024-11-05 16:30:00,10.8840,1,4.1768,1,35.1768,1
2024-11-05 17:00:00,10.8850,1,4.1770,1,35.1770,1
2024-11-05 17:30:00,10.8860,1,4.1772,1,35.1772,1
2024-11-05 18:00:00,10.8870,1,4.1774,1,35.1774,1
2024-11-05 18:30:00,10.8881,1,4.1776,1,35.1776,1
2024-11-05 19:00:00,10.8891,1,4.1778,1,35.1778,1
2024-11-05 19:30:00,10.8901,1,4.1780,1,35.1780,1
2024-11-05 20:00:00,10.8911,1,4.1782,1,35.1782,1
2024-11-05 20:30:00,10.8921,1,4.1784,1,35.1784,1
2024-11-05 21:00:00,10.8931,1,4.1786,1,35.1786,1
2024-11-05 21:30:00,10.8942,1,4.1788,1,35.1788,1
2024-11-05 22:00:00,10.8952,1,4.1790,1,35.1790,1
2024-11-05 22:30:00,10.8962,1,4.1792,1,35.1792,1
2024-11-05 23:00:00,10.8972,1,4.1794,1,35.1794,1
2024-11-05 23:30:00,10.8983,1,4.1797,1,35.1797,1
2024-11-06 00:00:00,10.8993,1,4.1799,1,35.1799,1
2024-11-06 00:30:00,10.9003,1,4.1801,1,35.1801,1
2024-11-06 01:00:00,10.9013,1,4.1803,1,35.1803,1
2024-11-06 01:30:00,10.9023,1,4.1805,1,35.1805,1
2024-11-06 02:00:00,10.9034,1,4.1807,1,35.1807,1
2024-11-06 02:30:00,10.9044,1,4.1809,1,35.1809,1
2024-11-06 03:00:00,10.9054,1,4.1811,1,35.1811,1
2024-11-06 03:30:00,10.9064,1,4.1813,1,35.1813,1
2024-11-06 04:00:00,10.9075,1,4.1815,1,35.1815,1
2024-11-06 04:30:00,10.9085,1,4.1817,1,35.1817,1
2024-11-06 05:00:00,10.9095,1,4.1819,1,35.1819,1
2024-11-06 05:30:00,10.9106,1,4.1821,1,35.1821,1
2024-11-06 06:00:00,10.9116,1,4.1823,1,35.1823,1
2024-11-06 06:30:00,10.9126,1,4.1825,1,35.1825,1
2024-11-06 07:00:00,10.9136,1,4.1827,1,35.1827,1
2024-11-06 07:30:00,10.9147,1,4.1829,1,35.1829,1
2024-11-06 08:00:00,10.9157,1,4.1831,1,35.1831,1
2024-11-06 08:30:00,10.9167,1,4.1833,1,35.1833,1
2024-11-06 09:00:00,10.9178,1,4.1836,1,35.1836,1
2024-11-06 09:30:00,10.9188,1,4.1838,1,35.1838,1
2024-11-06 10:00:00,10.9198,1,4.1840,1,35.1840,1
2024-11-06 10:30:00,10.9209,1,4.1842,1,35.1842,1
2024-11-06 11:00:00,10.9219,1,4.1844,1,35.1844,1
2024-11-06 11:30:00,10.9229,1,4.1846,1,35.1846,1
2024-11-06 12:00:00,10.9240,1,4.1848,1,35.1848,1
2024-11-06 12:30:00,10.9250,1,4.1850,1,35.1850,1
2024-11-06 13:00:00,10.9261,1,4.1852,1,35.1852,1
2024-11-06 13:30:00,10.9271,1,4.1854,1,35.1854,1
2024-11-06 14:00:00,10.9281,1,4.1856,1,35.1856,1
2024-11-06 14:30:00,10.9292,1,4.1858,1,35.1858,1
2024-11-06 15:00:00,10.9302,1,4.1860,1,35.1860,1
2024-11-06 15:30:00,10.9312,1,4.1862,1,35.1862,1
2024-11-06 16:00:00,10.9323,1,4.1865,1,35.1865,1
2024-11-06 16:30:00,10.9333,1,4.1867,1,35.1867,1
2024-11-06 17:00:00,10.9344,1,4.1869,1,35.1869,1
2024-11-06 17:30:00,10.9354,1,4.1871,1,35.1871,1
2024-11-06 18:00:00,10.9364,1,4.1873,1,35.1873,1
2024-11-06 18:30:00,10.9375,1,4.1875,1,35.1875,1
2024-11-06 19:00:00,10.9385,1,4.1877,1,35.1877,1
2024-11-06 19:30:00,10.9396,1,4.1879,1,35.1879,1
2024-11-06 20:00:00,10.9406,1,4.1881,1,35.1881,1
2024-11-06 20:30:00,10.9417,1,4.1883,1,35.1883,1
2024-11-06 21:00:00,10.9427,1,4.1885,1,35.1885,1
2024-11-06 21:30:00,10.9438,1,4.1888,1,35.1888,1
2024-11-06 22:00:00,10.9448,1,4.1890,1,35.1890,1
2024-11-06 22:30:00,10.9458,1,4.1892,1,35.1892,1
2024-11-06 23:00:00,10.9469,1,4.1894,1,35.1894,1
2024-11-06 23:30:00,10.9479,1,4.1896,1,35.1896,1
2024-11-07 00:00:00,10.9490,1,4.1898,1,35.1898,1
2024-11-07 00:30:00,10.9500,1,4.1900,1,35.1900,1
2024-11-07 01:00:00,10.9511,1,4.1902,1,35.1902,1
2024-11-07 01:30:00,10.9521,1,4.1904,1,35.1904,1
2024-11-07 02:00:00,10.9532,1,4.1906,1,35.1906,1
2024-11-07 02:30:00,10.9542,1,4.1908,1,35.1908,1
2024-11-07 03:00:00,10.9553,1,4.1911,1,35.1911,1
2024-11-07 03:30:00,10.9563,1,4.1913,1,35.1913,1
2024-11-07 04:00:00,10.9574,1,4.1915,1,35.1915,1
2024-11-07 04:30:00,10.9584,1,4.1917,1,35.1917,1
2024-11-07 05:00:00,10.9595,1,4.1919,1,35.1919,1
2024-11-07 05:30:00,10.9605,1,4.1921,1,35.1921,1
2024-11-07 06:00:00,10.9616,1,4.1923,1,35.1923,1
2024-11-07 06:30:00,10.9627,1,4.1925,1,35.1925,1
2024-11-07 07:00:00,10.9637,1,4.1927,1,35.1927,1
2024-11-07 07:30:00,10.9648,1,4.1930,1,35.1930,1
2024-11-07 08:00:00,10.9658,1,4.1932,1,35.1932,1
2024-11-07 08:30:00,10.9669,1,4.1934,1,35.1934,1
2024-11-07 09:00:00,10.9679,1,4.1936,1,35.1936,1
2024-11-07 09:30:00,10.9690,1,4.1938,1,35.1938,1
2024-11-07 10:00:00,10.9701,1,4.1940,1,35.1940,1
2024-11-07 10:30:00,10.9711,1,4.1942,1,35.1942,1
2024-11-07 11:00:00,10.9722,1,4.1944,1,35.1944,1
2024-11-07 11:30:00,10.9732,1,4.1946,1,35.1946,1
2024-11-07 12:00:00,10.9743,1,4.1949,1,35.1949,1
2024-11-07 12:30:00,10.9753,1,4.1951,1,35.1951,1
2024-11-07 13:00:00,10.9764,1,4.1953,1,35.1953,1
2024-11-07 13:30:00,10.9775,1,4.1955,1,35.1955,1
2024-11-07 14:00:00,10.9785,1,4.1957,1,35.1957,1
2024-11-07 14:30:00,10.9796,1,4.1959,1,35.1959,1
2024-11-07 15:00:00,10.9807,1,4.1961,1,35.1961,1
2024-11-07 15:30:00,10.9817,1,4.1963,1,35.1963,1
2024-11-07 16:00:00,10.9828,1,4.1966,1,35.1966,1
2024-11-07 16:30:00,10.9839,1,4.1968,1,35.1968,1
2024-11-07 17:00:00,10.9849,1,4.1970,1,35.1970,1
2024-11-07 17:30:00,10.9860,1,4.1972,1,35.1972,1
2024-11-07 18:00:00,10.9871,1,4.1974,1,35.1974,1
2024-11-07 18:30:00,10.9881,1,4.1976,1,35.1976,1
2024-11-07 19:00:00,10.9892,1,4.1978,1,35.1978,1
2024-11-07 19:30:00,10.9903,1,4.1981,1,35.1981,1
2024-11-07 20:00:00,10.9913,1,4.1983,1,35.1983,1
2024-11-07 20:30:00,10.9924,1,4.1985,1,35.1985,1
2024-11-07 21:00:00,10.9935,1,4.1987,1,35.1987,1
2024-11-07 21:30:00,10.9945,1,4.1989,1,35.1989,1
2024-11-07 22:00:00,10.9956,1,4.1991,1,35.1991,1
2024-11-07 22:30:00,10.9967,1,4.1993,1,35.1993,1
2024-11-07 23:00:00,10.9977,1,4.1995,1,35.1995,1
2024-11-07 23:30:00,10.9988,1,4.1998,1,35.1998,1
2024-11-08 00:00:00,10.9999,1,4.2000,1,35.2000,1
2024-11-08 00:30:00,11.0010,1,4.2002,1,35.2002,1
2024-11-08 01:00:00,11.0020,1,4.2004,1,35.2004,1
2024-11-08 01:30:00,11.0031,1,4.2006,1,35.2006,1
2024-11-08 02:00:00,11.0042,1,4.2008,1,35.2008,1
2024-11-08 02:30:00,11.0053,1,4.2011,1,35.2011,1
2024-11-08 03:00:00,11.0063,1,4.2013,1,35.2013,1
2024-11-08 03:30:00,11.0074,1,4.2015,1,35.2015,1
2024-11-08 04:00:00,11.0085,1,4.2017,1,35.2017,1
2024-11-08 04:30:00,11.0096,1,4.2019,1,35.2019,1
2024-11-08 05:00:00,11.0106,1,4.2021,1,35.2021,1
2024-11-08 05:30:00,11.0117,1,4.2023,1,35.2023,1
2024-11-08 06:00:00,11.0128,1,4.2026,1,35.2026,1
2024-11-08 06:30:00,11.0139,1,4.2028,1,35.2028,1
2024-11-08 07:00:00,11.0150,1,4.2030,1,35.2030,1
2024-11-08 07:30:00,11.0160,1,4.2032,1,35.2032,1
2024-11-08 08:00:00,11.0171,1,4.2034,1,35.2034,1
2024-11-08 08:30:00,11.0182,1,4.2036,1,35.2036,1
2024-11-08 09:00:00,11.0193,1,4.2039,1,35.2039,1
2024-11-08 09:30:00,11.0204,1,4.2041,1,35.2041,1
2024-11-08 10:00:00,11.0214,1,4.2043,1,35.2043,1
2024-11-08 10:30:00,11.0225,1,4.2045,1,35.2045,1
2024-11-08 11:00:00,11.0236,1,4.2047,1,35.2047,1
2024-11-08 11:30:00,11.0247,1,4.2049,1,35.2049,1
2024-11-08 12:00:00,11.0258,1,4.2052,1,35.2052,1
2024-11-08 12:30:00,11.0269,1,4.2054,1,35.2054,1
2024-11-08 13:00:00,11.0280,1,4.2056,1,35.2056,1
2024-11-08 13:30:00,11.0290,1,4.2058,1,35.2058,1
2024-11-08 14:00:00,11.0301,1,4.2060,1,35.2060,1
2024-11-08 14:30:00,11.0312,1,4.2062,1,35.2062,1
2024-11-08 15:00:00,11.0323,1,4.2065,1,35.2065,1
2024-11-08 15:30:00,11.0334,1,4.2067,1,35.2067,1
2024-11-08 16:00:00,11.0345,1,4.2069,1,35.2069,1
2024-11-08 16:30:00,11.0356,1,4.2071,1,35.2071,1
2024-11-08 17:00:00,11.0367,1,4.2073,1,35.2073,1
2024-11-08 17:30:00,11.0378,1,4.2076,1,35.2076,1
2024-11-08 18:00:00,11.0388,1,4.2078,1,35.2078,1
2024-11-08 18:30:00,11.0399,1,4.2080,1,35.2080,1
2024-11-08 19:00:00,11.0410,1,4.2082,1,35.2082,1
2024-11-08 19:30:00,11.0421,1,4.2084,1,35.2084,1
2024-11-08 20:00:00,11.0432,1,4.2086,1,35.2086,1
2024-11-08 20:30:00,11.0443,1,4.2089,1,35.2089,1
2024-11-08 21:00:00,11.0454,1,4.2091,1,35.2091,1
2024-11-08 21:30:00,11.0465,1,4.2093,1,35.2093,1
2024-11-08 22:00:00,11.0476,1,4.2095,1,35.2095,1
2024-11-08 22:30:00,11.0487,1,4.2097,1,35.2097,1
2024-11-08 23:00:00,11.0498,1,4.2100,1,35.2100,1
2024-11-08 23:30:00,11.0509,1,4.2102,1,35.2102,1
2024-11-09 00:00:00,11.0520,1,4.2104,1,35.2104,1
2024-11-09 00:30:00,11.0531,1,4.2106,1,35.2106,1
2024-11-09 01:00:00,11.0542,1,4.2108,1,35.2108,1
2024-11-09 01:30:00,11.0553,1,4.2111,1,35.2111,1
2024-11-09 02:00:00,11.0564,1,4.2113,1,35.2113,1
2024-11-09 02:30:00,11.0575,1,4.2115,1,35.2115,1
2024-11-09 03:00:00,11.0586,1,4.2117,1,35.2117,1
2024-11-09 03:30:00,11.0597,1,4.2119,1,35.2119,1
2024-11-09 04:00:00,11.0608,1,4.2122,1,35.2122,1
2024-11-09 04:30:00,11.0619,1,4.2124,1,35.2124,1
2024-11-09 05:00:00,11.0630,1,4.2126,1,35.2126,1
2024-11-09 05:30:00,11.0641,1,4.2128,1,35.2128,1
2024-11-09 06:00:00,11.0652,1,4.2130,1,35.2130,1
2024-11-09 06:30:00,11.0663,1,4.2133,1,35.2133,1
2024-11-09 07:00:00,11.0674,1,4.2135,1,35.2135,1
2024-11-09 07:30:00,11.0685,1,4.2137,1,35.2137,1
2024-11-09 08:00:00,11.0696,1,4.2139,1,35.2139,1
2024-11-09 08:30:00,11.0707,1,4.2141,1,35.2141,1
2024-11-09 09:00:00,11.0718,1,4.2144,1,35.2144,1
2024-11-09 09:30:00,11.0729,1,4.2146,1,35.2146,1
2024-11-09 10:00:00,11.0740,1,4.2148,1,35.2148,1
2024-11-09 10:30:00,11.0751,1,4.2150,1,35.2150,1
2024-11-09 11:00:00,11.0762,1,4.2152,1,35.2152,1
2024-11-09 11:30:00,11.0773,1,4.2155,1,35.2155,1
2024-11-09 12:00:00,11.0785,1,4.2157,1,35.2157,1
2024-11-09 12:30:00,11.0796,1,4.2159,1,35.2159,1
2024-11-09 13:00:00,11.0807,1,4.2161,1,35.2161,1
2024-11-09 13:30:00,11.0818,1,4.2164,1,35.2164,1
2024-11-09 14:00:00,11.0829,1,4.2166,1,35.2166,1
2024-11-09 14:30:00,11.0840,1,4.2168,1,35.2168,1
2024-11-09 15:00:00,11.0851,1,4.2170,1,35.2170,1
2024-11-09 15:30:00,11.0862,1,4.2172,1,35.2172,1
2024-11-09 16:00:00,11.0873,1,4.2175,1,35.2175,1
2024-11-09 16:30:00,11.0885,1,4.2177,1,35.2177,1
2024-11-09 17:00:00,11.0896,1,4.2179,1,35.2179,1
2024-11-09 17:30:00,11.0907,1,4.2181,1,35.2181,1
2024-11-09 18:00:00,11.0918,1,4.2184,1,35.2184,1
2024-11-09 18:30:00,11.0929,1,4.2186,1,35.2186,1
2024-11-09 19:00:00,11.0940,1,4.2188,1,35.2188,1
2024-11-09 19:30:00,11.0951,1,4.2190,1,35.2190,1
2024-11-09 20:00:00,11.0963,1,4.2193,1,35.2193,1
2024-11-09 20:30:00,11.0974,1,4.2195,1,35.2195,1
2024-11-09 21:00:00,11.0985,1,4.2197,1,35.2197,1
2024-11-09 21:30:00,11.0996,1,4.2199,1,35.2199,1
2024-11-09 22:00:00,11.1007,1,4.2201,1,35.2201,1
2024-11-09 22:30:00,11.1019,1,4.2204,1,35.2204,1
2024-11-09 23:00:00,11.1030,1,4.2206,1,35.2206,1
2024-11-09 23:30:00,11.1041,1,4.2208,1,35.2208,1
2024-11-10 00:00:00,11.1052,1,4.2210,1,35.2210,1
2024-11-10 00:30:00,11.1063,1,4.2213,1,35.2213,1
2024-11-10 01:00:00,11.1075,1,4.2215,1,35.2215,1
2024-11-10 01:30:00,11.1086,1,4.2217,1,35.2217,1
2024-11-10 02:00:00,11.1097,1,4.2219,1,35.2219,1
2024-11-10 02:30:00,11.1108,1,4.2222,1,35.2222,1
2024-11-10 03:00:00,11.1120,1,4.2224,1,35.2224,1
2024-11-10 03:30:00,11.1131,1,4.2226,1,35.2226,1
2024-11-10 04:00:00,11.1142,1,4.2228,1,35.2228,1
2024-11-10 04:30:00,11.1153,1,4.2231,1,35.2231,1
2024-11-10 05:00:00,11.1165,1,4.2233,1,35.2233,1
2024-11-10 05:30:00,11.1176,1,4.2235,1,35.2235,1
2024-11-10 06:00:00,11.1187,1,4.2237,1,35.2237,1
2024-11-10 06:30:00,11.1198,1,4.2240,1,35.2240,1
2024-11-10 07:00:00,11.1210,1,4.2242,1,35.2242,1
2024-11-10 07:30:00,11.1221,1,4.2244,1,35.2244,1
2024-11-10 08:00:00,11.1232,1,4.2246,1,35.2246,1
2024-11-10 08:30:00,11.1244,1,4.2249,1,35.2249,1
2024-11-10 09:00:00,11.1255,1,4.2251,1,35.2251,1
2024-11-10 09:30:00,11.1266,1,4.2253,1,35.2253,1
2024-11-10 10:00:00,11.1277,1,4.2255,1,35.2255,1
2024-11-10 10:30:00,11.1289,1,4.2258,1,35.2258,1
2024-11-10 11:00:00,11.1300,1,4.2260,1,35.2260,1
2024-11-10 11:30:00,11.1311,1,4.2262,1,35.2262,1
2024-11-10 12:00:00,11.1323,1,4.2265,1,35.2265,1
2024-11-10 12:30:00,11.1334,1,4.2267,1,35.2267,1
2024-11-10 13:00:00,11.1345,1,4.2269,1,35.2269,1
2024-11-10 13:30:00,11.1357,1,4.2271,1,35.2271,1
2024-11-10 14:00:00,11.1368,1,4.2274,1,35.2274,1
2024-11-10 14:30:00,11.1379,1,4.2276,1,35.2276,1
2024-11-10 15:00:00,11.1391,1,4.2278,1,35.2278,1
2024-11-10 15:30:00,11.1402,1,4.2280,1,35.2280,1
2024-11-10 16:00:00,11.1414,1,4.2283,1,35.2283,1
2024-11-10 16:30:00,11.1425,1,4.2285,1,35.2285,1
2024-11-10 17:00:00,11.1436,1,4.2287,1,35.2287,1
2024-11-10 17:30:00,11.1448,1,4.2290,1,35.2290,1
2024-11-10 18:00:00,11.1459,1,4.2292,1,35.2292,1
2024-11-10 18:30:00,11.1470,1,4.2294,1,35.2294,1
2024-11-10 19:00:00,11.1482,1,4.2296,1,35.2296,1
2024-11-10 19:30:00,11.1493,1,4.2299,1,35.2299,1
2024-11-10 20:00:00,11.1505,1,4.2301,1,35.2301,1
2024-11-10 20:30:00,11.1516,1,4.2303,1,35.2303,1
2024-11-10 21:00:00,11.1528,1,4.2306,1,35.2306,1
2024-11-10 21:30:00,11.1539,1,4.2308,1,35.2308,1
2024-11-10 22:00:00,11.1550,1,4.2310,1,35.2310,1
2024-11-10 22:30:00,11.1562,1,4.2312,1,35.2312,1
2024-11-10 23:00:00,11.1573,1,4.2315,1,35.2315,1
2024-11-10 23:30:00,11.1585,1,4.2317,1,35.2317,1
2024-11-11 00:00:00,11.1596,1,4.2319,1,35.2319,1
2024-11-11 00:30:00,11.1608,1,4.2322,1,35.2322,1
2024-11-11 01:00:00,11.1619,1,4.2324,1,35.2324,1
2024-11-11 01:30:00,11.1630,1,4.2326,1,35.2326,1
2024-11-11 02:00:00,11.1642,1,4.2328,1,35.2328,1
2024-11-11 02:30:00,11.1653,1,4.2331,1,35.2331,1
2024-11-11 03:00:00,11.1665,1,4.2333,1,35.2333,1
2024-11-11 03:30:00,11.1676,1,4.2335,1,35.2335,1
2024-11-11 04:00:00,11.1688,1,4.2338,1,35.2338,1
2024-11-11 04:30:00,11.1699,1,4.2340,1,35.2340,1
2024-11-11 05:00:00,11.1711,1,4.2342,1,35.2342,1
2024-11-11 05:30:00,11.1722,1,4.2344,1,35.2344,1
2024-11-11 06:00:00,11.1734,1,4.2347,1,35.2347,1
2024-11-11 06:30:00,11.1745,1,4.2349,1,35.2349,1
2024-11-11 07:00:00,11.1757,1,4.2351,1,35.2351,1
2024-11-11 07:30:00,11.1768,1,4.2354,1,35.2354,1
2024-11-11 08:00:00,11.1780,1,4.2356,1,35.2356,1
2024-11-11 08:30:00,11.1791,1,4.2358,1,35.2358,1
2024-11-11 09:00:00,11.1803,1,4.2361,1,35.2361,1
2024-11-11 09:30:00,11.1815,1,4.2363,1,35.2363,1
2024-11-11 10:00:00,11.1826,1,4.2365,1,35.2365,1
2024-11-11 10:30:00,11.1838,1,4.2368,1,35.2368,1
2024-11-11 11:00:00,11.1849,1,4.2370,1,35.2370,1
2024-11-11 11:30:00,11.1861,1,4.2372,1,35.2372,1
2024-11-11 12:00:00,11.1872,1,4.2374,1,35.2374,1
2024-11-11 12:30:00,11.1884,1,4.2377,1,35.2377,1
2024-11-11 13:00:00,11.1895,1,4.2379,1,35.2379,1
2024-11-11 13:30:00,11.1907,1,4.2381,1,35.2381,1
2024-11-11 14:00:00,11.1919,1,4.2384,1,35.2384,1
2024-11-11 14:30:00,11.1930,1,4.2386,1,35.2386,1
2024-11-11 15:00:00,11.1942,1,4.2388,1,35.2388,1
2024-11-11 15:30:00,11.1953,1,4.2391,1,35.2391,1
2024-11-11 16:00:00,11.1965,1,4.2393,1,35.2393,1
2024-11-11 16:30:00,11.1977,1,4.2395,1,35.2395,1
2024-11-11 17:00:00,11.1988,1,4.2398,1,35.2398,1
2024-11-11 17:30:00,11.2000,1,4.2400,1,35.2400,1
2024-11-11 18:00:00,11.2012,1,4.2402,1,35.2402,1
2024-11-11 18:30:00,11.2023,1,4.2405,1,35.2405,1
2024-11-11 19:00:00,11.2035,1,4.2407,1,35.2407,1
2024-11-11 19:30:00,11.2046,1,4.2409,1,35.2409,1
2024-11-11 20:00:00,11.2058,1,4.2412,1,35.2412,1
2024-11-11 20:30:00,11.2070,1,4.2414,1,35.2414,1
2024-11-11 21:00:00,11.2081,1,4.2416,1,35.2416,1
2024-11-11 21:30:00,11.2093,1,4.2419,1,35.2419,1
2024-11-11 22:00:00,11.2105,1,4.2421,1,35.2421,1
2024-11-11 22:30:00,11.2116,1,4.2423,1,35.2423,1
2024-11-11 23:00:00,11.2128,1,4.2426,1,35.2426,1
2024-11-11 23:30:00,11.2140,1,4.2428,1,35.2428,1
2024-11-12 00:00:00,11.2151,1,4.2430,1,35.2430,1
2024-11-12 00:30:00,11.2163,1,4.2433,1,35.2433,1
2024-11-12 01:00:00,11.2175,1,4.2435,1,35.2435,1
2024-11-12 01:30:00,11.2186,1,4.2437,1,35.2437,1
2024-11-12 02:00:00,11.2198,1,4.2440,1,35.2440,1
2024-11-12 02:30:00,11.2210,1,4.2442,1,35.2442,1
2024-11-12 03:00:00,11.2222,1,4.2444,1,35.2444,1
2024-11-12 03:30:00,11.2233,1,4.2447,1,35.2447,1
2024-11-12 04:00:00,11.2245,1,4.2449,1,35.2449,1
2024-11-12 04:30:00,11.2257,1,4.2451,1,35.2451,1
2024-11-12 05:00:00,11.2268,1,4.2454,1,35.2454,1
2024-11-12 05:30:00,11.2280,1,4.2456,1,35.2456,1
2024-11-12 06:00:00,11.2292,1,4.2458,1,35.2458,1
2024-11-12 06:30:00,11.2304,1,4.2461,1,35.2461,1
2024-11-12 07:00:00,11.2315,1,4.2463,1,35.2463,1
2024-11-12 07:30:00,11.2327,1,4.2465,1,35.2465,1
2024-11-12 08:00:00,11.2339,1,4.2468,1,35.2468,1
2024-11-12 08:30:00,11.2351,1,4.2470,1,35.2470,1
2024-11-12 09:00:00,11.2362,1,4.2472,1,35.2472,1
2024-11-12 09:30:00,11.2374,1,4.2475,1,35.2475,1
2024-11-12 10:00:00,11.2386,1,4.2477,1,35.2477,1
2024-11-12 10:30:00,11.2398,1,4.2480,1,35.2480,1
2024-11-12 11:00:00,11.2410,1,4.2482,1,35.2482,1
2024-11-12 11:30:00,11.2421,1,4.2484,1,35.2484,1
2024-11-12 12:00:00,11.2433,1,4.2487,1,35.2487,1
2024-11-12 12:30:00,11.2445,1,4.2489,1,35.2489,1
2024-11-12 13:00:00,11.2457,1,4.2491,1,35.2491,1
2024-11-12 13:30:00,11.2469,1,4.2494,1,35.2494,1
2024-11-12 14:00:00,11.2480,1,4.2496,1,35.2496,1
2024-11-12 14:30:00,11.2492,1,4.2498,1,35.2498,1
2024-11-12 15:00:00,11.2504,1,4.2501,1,35.2501,1
2024-11-12 15:30:00,11.2516,1,4.2503,1,35.2503,1
2024-11-12 16:00:00,11.2528,1,4.2506,1,35.2506,1
2024-11-12 16:30:00,11.2540,1,4.2508,1,35.2508,1
2024-11-12 17:00:00,11.2551,1,4.2510,1,35.2510,1
2024-11-12 17:30:00,11.2563,1,4.2513,1,35.2513,1
2024-11-12 18:00:00,11.2575,1,4.2515,1,35.2515,1
2024-11-12 18:30:00,11.2587,1,4.2517,1,35.2517,1
2024-11-12 19:00:00,11.2599,1,4.2520,1,35.2520,1
2024-11-12 19:30:00,11.2611,1,4.2522,1,35.2522,1
2024-11-12 20:00:00,11.2623,1,4.2525,1,35.2525,1
2024-11-12 20:30:00,11.2634,1,4.2527,1,35.2527,1
2024-11-12 21:00:00,11.2646,1,4.2529,1,35.2529,1
2024-11-12 21:30:00,11.2658,1,4.2532,1,35.2532,1
2024-11-12 22:00:00,11.2670,1,4.2534,1,35.2534,1
2024-11-12 22:30:00,11.2682,1,4.2536,1,35.2536,1
2024-11-12 23:00:00,11.2694,1,4.2539,1,35.2539,1
2024-11-12 23:30:00,11.2706,1,4.2541,1,35.2541,1
2024-11-13 00:00:00,11.2718,1,4.2544,1,35.2544,1
2024-11-13 00:30:00,11.2730,1,4.2546,1,35.2546,1
2024-11-13 01:00:00,11.2742,1,4.2548,1,35.2548,1
2024-11-13 01:30:00,11.2754,1,4.2551,1,35.2551,1
2024-11-13 02:00:00,11.2765,1,4.2553,1,35.2553,1
2024-11-13 02:30:00,11.2777,1,4.2555,1,35.2555,1
2024-11-13 03:00:00,11.2789,1,4.2558,1,35.2558,1
2024-11-13 03:30:00,11.2801,1,4.2560,1,35.2560,1
2024-11-13 04:00:00,11.2813,1,4.2563,1,35.2563,1
2024-11-13 04:30:00,11.2825,1,4.2565,1,35.2565,1
2024-11-13 05:00:00,11.2837,1,4.2567,1,35.2567,1
2024-11-13 05:30:00,11.2849,1,4.2570,1,35.2570,1
2024-11-13 06:00:00,11.2861,1,4.2572,1,35.2572,1
2024-11-13 06:30:00,11.2873,1,4.2575,1,35.2575,1
2024-11-13 07:00:00,11.2885,1,4.2577,1,35.2577,1
2024-11-13 07:30:00,11.2897,1,4.2579,1,35.2579,1
2024-11-13 08:00:00,11.2909,1,4.2582,1,35.2582,1
2024-11-13 08:30:00,11.2921,1,4.2584,1,35.2584,1
2024-11-13 09:00:00,11.2933,1,4.2587,1,35.2587,1
2024-11-13 09:30:00,11.2945,1,4.2589,1,35.2589,1
2024-11-13 10:00:00,11.2957,1,4.2591,1,35.2591,1
2024-11-13 10:30:00,11.2969,1,4.2594,1,35.2594,1
2024-11-13 11:00:00,11.2981,1,4.2596,1,35.2596,1
2024-11-13 11:30:00,11.2993,1,4.2599,1,35.2599,1
2024-11-13 12:00:00,11.3005,1,4.2601,1,35.2601,1
2024-11-13 12:30:00,11.3017,1,4.2603,1,35.2603,1
2024-11-13 13:00:00,11.3029,1,4.2606,1,35.2606,1
2024-11-13 13:30:00,11.3041,1,4.2608,1,35.2608,1
2024-11-13 14:00:00,11.3053,1,4.2611,1,35.2611,1
2024-11-13 14:30:00,11.3065,1,4.2613,1,35.2613,1
2024-11-13 15:00:00,11.3077,1,4.2615,1,35.2615,1
2024-11-13 15:30:00,11.3089,1,4.2618,1,35.2618,1
2024-11-13 16:00:00,11.3102,1,4.2620,1,35.2620,1
2024-11-13 16:30:00,11.3114,1,4.2623,1,35.2623,1
2024-11-13 17:00:00,11.3126,1,4.2625,1,35.2625,1
2024-11-13 17:30:00,11.3138,1,4.2628,1,35.2628,1
2024-11-13 18:00:00,11.3150,1,4.2630,1,35.2630,1
2024-11-13 18:30:00,11.3162,1,4.2632,1,35.2632,1
2024-11-13 19:00:00,11.3174,1,4.2635,1,35.2635,1
2024-11-13 19:30:00,11.3186,1,4.2637,1,35.2637,1
2024-11-13 20:00:00,11.3198,1,4.2640,1,35.2640,1
2024-11-13 20:30:00,11.3210,1,4.2642,1,35.2642,1
2024-11-13 21:00:00,11.3222,1,4.2644,1,35.2644,1
2024-11-13 21:30:00,11.3235,1,4.2647,1,35.2647,1
2024-11-13 22:00:00,11.3247,1,4.2649,1,35.2649,1
2024-11-13 22:30:00,11.3259,1,4.2652,1,35.2652,1
2024-11-13 23:00:00,11.3271,1,4.2654,1,35.2654,1
2024-11-13 23:30:00,11.3283,1,4.2657,1,35.2657,1
2024-11-14 00:00:00,11.3295,1,4.2659,1,35.2659,1
2024-11-14 00:30:00,11.3307,1,4.2661,1,35.2661,1
2024-11-14 01:00:00,11.3319,1,4.2664,1,35.2664,1
2024-11-14 01:30:00,11.3332,1,4.2666,1,35.2666,1
2024-11-14 02:00:00,11.3344,1,4.2669,1,35.2669,1
2024-11-14 02:30:00,11.3356,1,4.2671,1,35.2671,1
2024-11-14 03:00:00,11.3368,1,4.2674,1,35.2674,1
2024-11-14 03:30:00,11.3380,1,4.2676,1,35.2676,1
2024-11-14 04:00:00,11.3392,1,4.2678,1,35.2678,1
2024-11-14 04:30:00,11.3405,1,4.2681,1,35.2681,1
2024-11-14 05:00:00,11.3417,1,4.2683,1,35.2683,1
2024-11-14 05:30:00,11.3429,1,4.2686,1,35.2686,1
2024-11-14 06:00:00,11.3441,1,4.2688,1,35.2688,1
2024-11-14 06:30:00,11.3453,1,4.2691,1,35.2691,1
2024-11-14 07:00:00,11.3466,1,4.2693,1,35.2693,1
2024-11-14 07:30:00,11.3478,1,4.2696,1,35.2696,1
2024-11-14 08:00:00,11.3490,1,4.2698,1,35.2698,1
2024-11-14 08:30:00,11.3502,1,4.2700,1,35.2700,1
2024-11-14 09:00:00,11.3515,1,4.2703,1,35.2703,1
2024-11-14 09:30:00,11.3527,1,4.2705,1,35.2705,1
2024-11-14 10:00:00,11.3539,1,4.2708,1,35.2708,1
2024-11-14 10:30:00,11.3551,1,4.2710,1,35.2710,1
2024-11-14 11:00:00,11.3563,1,4.2713,1,35.2713,1
2024-11-14 11:30:00,11.3576,1,4.2715,1,35.2715,1
2024-11-14 12:00:00,11.3588,1,4.2718,1,35.2718,1
2024-11-14 12:30:00,11.3600,1,4.2720,1,35.2720,1
2024-11-14 13:00:00,11.3612,1,4.2722,1,35.2722,1
2024-11-14 13:30:00,11.3625,1,4.2725,1,35.2725,1
2024-11-14 14:00:00,11.3637,1,4.2727,1,35.2727,1
2024-11-14 14:30:00,11.3649,1,4.2730,1,35.2730,1
2024-11-14 15:00:00,11.3662,1,4.2732,1,35.2732,1
2024-11-14 15:30:00,11.3674,1,4.2735,1,35.2735,1
2024-11-14 16:00:00,11.3686,1,4.2737,1,35.2737,1
2024-11-14 16:30:00,11.3698,1,4.2740,1,35.2740,1
2024-11-14 17:00:00,11.3711,1,4.2742,1,35.2742,1
2024-11-14 17:30:00,11.3723,1,4.2745,1,35.2745,1
2024-11-14 18:00:00,11.3735,1,4.2747,1,35.2747,1
2024-11-14 18:30:00,11.3748,1,4.2750,1,35.2750,1
2024-11-14 19:00:00,11.3760,1,4.2752,1,35.2752,1
2024-11-14 19:30:00,11.3772,1,4.2754,1,35.2754,1
2024-11-14 20:00:00,11.3785,1,4.2757,1,35.2757,1
2024-11-14 20:30:00,11.3797,1,4.2759,1,35.2759,1
2024-11-14 21:00:00,11.3809,1,4.2762,1,35.2762,1
2024-11-14 21:30:00,11.3822,1,4.2764,1,35.2764,1
2024-11-14 22:00:00,11.3834,1,4.2767,1,35.2767,1
2024-11-14 22:30:00,11.3846,1,4.2769,1,35.2769,1
2024-11-14 23:00:00,11.3859,1,4.2772,1,35.2772,1
2024-11-14 23:30:00,11.3871,1,4.2774,1,35.2774,1
2024-11-15 00:00:00,11.3883,1,4.2777,1,35.2777,1
2024-11-15 00:30:00,11.3896,1,4.2779,1,35.2779,1
2024-11-15 01:00:00,11.3908,1,4.2782,1,35.2782,1
2024-11-15 01:30:00,11.3921,1,4.2784,1,35.2784,1
2024-11-15 02:00:00,11.3933,1,4.2787,1,35.2787,1
2024-11-15 02:30:00,11.3945,1,4.2789,1,35.2789,1
2024-11-15 03:00:00,11.3958,1,4.2792,1,35.2792,1
2024-11-15 03:30:00,11.3970,1,4.2794,1,35.2794,1
2024-11-15 04:00:00,11.3982,1,4.2796,1,35.2796,1
2024-11-15 04:30:00,11.3995,1,4.2799,1,35.2799,1
2024-11-15 05:00:00,11.4007,1,4.2801,1,35.2801,1
2024-11-15 05:30:00,11.4020,1,4.2804,1,35.2804,1
2024-11-15 06:00:00,11.4032,1,4.2806,1,35.2806,1
2024-11-15 06:30:00,11.4045,1,4.2809,1,35.2809,1
2024-11-15 07:00:00,11.4057,1,4.2811,1,35.2811,1
2024-11-15 07:30:00,11.4069,1,4.2814,1,35.2814,1
2024-11-15 08:00:00,11.4082,1,4.2816,1,35.2816,1
2024-11-15 08:30:00,11.4094,1,4.2819,1,35.2819,1
2024-11-15 09:00:00,11.4107,1,4.2821,1,35.2821,1
2024-11-15 09:30:00,11.4119,1,4.2824,1,35.2824,1
2024-11-15 10:00:00,11.4132,1,4.2826,1,35.2826,1
2024-11-15 10:30:00,11.4144,1,4.2829,1,35.2829,1
2024-11-15 11:00:00,11.4157,1,4.2831,1,35.2831,1
2024-11-15 11:30:00,11.4169,1,4.2834,1,35.2834,1
2024-11-15 12:00:00,11.4181,1,4.2836,1,35.2836,1
2024-11-15 12:30:00,11.4194,1,4.2839,1,35.2839,1
2024-11-15 13:00:00,11.4206,1,4.2841,1,35.2841,1
2024-11-15 13:30:00,11.4219,1,4.2844,1,35.2844,1
2024-11-15 14:00:00,11.4231,1,4.2846,1,35.2846,1
2024-11-15 14:30:00,11.4244,1,4.2849,1,35.2849,1
2024-11-15 15:00:00,11.4256,1,4.2851,1,35.2851,1
2024-11-15 15:30:00,11.4269,1,4.2854,1,35.2854,1
2024-11-15 16:00:00,11.4281,1,4.2856,1,35.2856,1
2024-11-15 16:30:00,11.4294,1,4.2859,1,35.2859,1
2024-11-15 17:00:00,11.4306,1,4.2861,1,35.2861,1
2024-11-15 17:30:00,11.4319,1,4.2864,1,35.2864,1
2024-11-15 18:00:00,11.4332,1,4.2866,1,35.2866,1
2024-11-15 18:30:00,11.4344,1,4.2869,1,35.2869,1
2024-11-15 19:00:00,11.4357,1,4.2871,1,35.2871,1
2024-11-15 19:30:00,11.4369,1,4.2874,1,35.2874,1
2024-11-15 20:00:00,11.4382,1,4.2876,1,35.2876,1
2024-11-15 20:30:00,11.4394,1,4.2879,1,35.2879,1
2024-11-15 21:00:00,11.4407,1,4.2881,1,35.2881,1
2024-11-15 21:30:00,11.4419,1,4.2884,1,35.2884,1
2024-11-15 22:00:00,11.4432,1,4.2886,1,35.2886,1
2024-11-15 22:30:00,11.4445,1,4.2889,1,35.2889,1
2024-11-15 23:00:00,11.4457,1,4.2891,1,35.2891,1
2024-11-15 23:30:00,11.4470,1,4.2894,1,35.2894,1
2024-11-16 00:00:00,11.4482,1,4.2896,1,35.2896,1
2024-11-16 00:30:00,11.4495,1,4.2899,1,35.2899,1
2024-11-16 01:00:00,11.4507,1,4.2901,1,35.2901,1
2024-11-16 01:30:00,11.4520,1,4.2904,1,35.2904,1
2024-11-16 02:00:00,11.4533,1,4.2907,1,35.2907,1
2024-11-16 02:30:00,11.4545,1,4.2909,1,35.2909,1
2024-11-16 03:00:00,11.4558,1,4.2912,1,35.2912,1
2024-11-16 03:30:00,11.4570,1,4.2914,1,35.2914,1
2024-11-16 04:00:00,11.4583,1,4.2917,1,35.2917,1
2024-11-16 04:30:00,11.4596,1,4.2919,1,35.2919,1
2024-11-16 05:00:00,11.4608,1,4.2922,1,35.2922,1
2024-11-16 05:30:00,11.4621,1,4.2924,1,35.2924,1
2024-11-16 06:00:00,11.4634,1,4.2927,1,35.2927,1
2024-11-16 06:30:00,11.4646,1,4.2929,1,35.2929,1
2024-11-16 07:00:00,11.4659,1,4.2932,1,35.2932,1
2024-11-16 07:30:00,11.4672,1,4.2934,1,35.2934,1
2024-11-16 08:00:00,11.4684,1,4.2937,1,35.2937,1
2024-11-16 08:30:00,11.4697,1,4.2939,1,35.2939,1
2024-11-16 09:00:00,11.4710,1,4.2942,1,35.2942,1
2024-11-16 09:30:00,11.4722,1,4.2944,1,35.2944,1
2024-11-16 10:00:00,11.4735,1,4.2947,1,35.2947,1
2024-11-16 10:30:00,11.4748,1,4.2950,1,35.2950,1
2024-11-16 11:00:00,11.4760,1,4.2952,1,35.2952,1
2024-11-16 11:30:00,11.4773,1,4.2955,1,35.2955,1
2024-11-16 12:00:00,11.4786,1,4.2957,1,35.2957,1
2024-11-16 12:30:00,11.4798,1,4.2960,1,35.2960,1
2024-11-16 13:00:00,11.4811,1,4.2962,1,35.2962,1
2024-11-16 13:30:00,11.4824,1,4.2965,1,35.2965,1
2024-11-16 14:00:00,11.4836,1,4.2967,1,35.2967,1
2024-11-16 14:30:00,11.4849,1,4.2970,1,35.2970,1
2024-11-16 15:00:00,11.4862,1,4.2972,1,35.2972,1
2024-11-16 15:30:00,11.4875,1,4.2975,1,35.2975,1
2024-11-16 16:00:00,11.4887,1,4.2977,1,35.2977,1
2024-11-16 16:30:00,11.4900,1,4.2980,1,35.2980,1
2024-11-16 17:00:00,11.4913,1,4.2983,1,35.2983,1
2024-11-16 17:30:00,11.4926,1,4.2985,1,35.2985,1
2024-11-16 18:00:00,11.4938,1,4.2988,1,35.2988,1
2024-11-16 18:30:00,11.4951,1,4.2990,1,35.2990,1
2024-11-16 19:00:00,11.4964,1,4.2993,1,35.2993,1
2024-11-16 19:30:00,11.4977,1,4.2995,1,35.2995,1
2024-11-16 20:00:00,11.4989,1,4.2998,1,35.2998,1
2024-11-16 20:30:00,11.5002,1,4.3000,1,35.3000,1
2024-11-16 21:00:00,11.5015,1,4.3003,1,35.3003,1
2024-11-16 21:30:00,11.5028,1,4.3006,1,35.3006,1
2024-11-16 22:00:00,11.5040,1,4.3008,1,35.3008,1
2024-11-16 22:30:00,11.5053,1,4.3011,1,35.3011,1
2024-11-16 23:00:00,11.5066,1,4.3013,1,35.3013,1
2024-11-16 23:30:00,11.5079,1,4.3016,1,35.3016,1
2024-11-17 00:00:00,11.5092,1,4.3018,1,35.3018,1
2024-11-17 00:30:00,11.5104,1,4.3021,1,35.3021,1
2024-11-17 01:00:00,11.5117,1,4.3023,1,35.3023,1
2024-11-17 01:30:00,11.5130,1,4.3026,1,35.3026,1
2024-11-17 02:00:00,11.5143,1,4.3029,1,35.3029,1
2024-11-17 02:30:00,11.5156,1,4.3031,1,35.3031,1
2024-11-17 03:00:00,11.5168,1,4.3034,1,35.3034,1
2024-11-17 03:30:00,11.5181,1,4.3036,1,35.3036,1
2024-11-17 04:00:00,11.5194,1,4.3039,1,35.3039,1
2024-11-17 04:30:00,11.5207,1,4.3041,1,35.3041,1
2024-11-17 05:00:00,11.5220,1,4.3044,1,35.3044,1
2024-11-17 05:30:00,11.5233,1,4.3047,1,35.3047,1
2024-11-17 06:00:00,11.5246,1,4.3049,1,35.3049,1
2024-11-17 06:30:00,11.5258,1,4.3052,1,35.3052,1
2024-11-17 07:00:00,11.5271,1,4.3054,1,35.3054,1
2024-11-17 07:30:00,11.5284,1,4.3057,1,35.3057,1
2024-11-17 08:00:00,11.5297,1,4.3059,1,35.3059,1
2024-11-17 08:30:00,11.5310,1,4.3062,1,35.3062,1
2024-11-17 09:00:00,11.5323,1,4.3065,1,35.3065,1
2024-11-17 09:30:00,11.5336,1,4.3067,1,35.3067,1
2024-11-17 10:00:00,11.5348,1,4.3070,1,35.3070,1
2024-11-17 10:30:00,11.5361,1,4.3072,1,35.3072,1
2024-11-17 11:00:00,11.5374,1,4.3075,1,35.3075,1
2024-11-17 11:30:00,11.5387,1,4.3077,1,35.3077,1
2024-11-17 12:00:00,11.5400,1,4.3080,1,35.3080,1
2024-11-17 12:30:00,11.5413,1,4.3083,1,35.3083,1
2024-11-17 13:00:00,11.5426,1,4.3085,1,35.3085,1
2024-11-17 13:30:00,11.5439,1,4.3088,1,35.3088,1
2024-11-17 14:00:00,11.5452,1,4.3090,1,35.3090,1
2024-11-17 14:30:00,11.5465,1,4.3093,1,35.3093,1
2024-11-17 15:00:00,11.5478,1,4.3096,1,35.3096,1
2024-11-17 15:30:00,11.5491,1,4.3098,1,35.3098,1
2024-11-17 16:00:00,11.5504,1,4.3101,1,35.3101,1
2024-11-17 16:30:00,11.5516,1,4.3103,1,35.3103,1
2024-11-17 17:00:00,11.5529,1,4.3106,1,35.3106,1
2024-11-17 17:30:00,11.5542,1,4.3108,1,35.3108,1
2024-11-17 18:00:00,11.5555,1,4.3111,1,35.3111,1
2024-11-17 18:30:00,11.5568,1,4.3114,1,35.3114,1
2024-11-17 19:00:00,11.5581,1,4.3116,1,35.3116,1
2024-11-17 19:30:00,11.5594,1,4.3119,1,35.3119,1
2024-11-17 20:00:00,11.5607,1,4.3121,1,35.3121,1
2024-11-17 20:30:00,11.5620,1,4.3124,1,35.3124,1
2024-11-17 21:00:00,11.5633,1,4.3127,1,35.3127,1
2024-11-17 21:30:00,11.5646,1,4.3129,1,35.3129,1
2024-11-17 22:00:00,11.5659,1,4.3132,1,35.3132,1
2024-11-17 22:30:00,11.5672,1,4.3134,1,35.3134,1
2024-11-17 23:00:00,11.5685,1,4.3137,1,35.3137,1
2024-11-17 23:30:00,11.5698,1,4.3140,1,35.3140,1
2024-11-18 00:00:00,11.5711,1,4.3142,1,35.3142,1
2024-11-18 00:30:00,11.5724,1,4.3145,1,35.3145,1
2024-11-18 01:00:00,11.5737,1,4.3147,1,35.3147,1
2024-11-18 01:30:00,11.5750,1,4.3150,1,35.3150,1
2024-11-18 02:00:00,11.5763,1,4.3153,1,35.3153,1
2024-11-18 02:30:00,11.5776,1,4.3155,1,35.3155,1
2024-11-18 03:00:00,11.5789,1,4.3158,1,35.3158,1
2024-11-18 03:30:00,11.5802,1,4.3160,1,35.3160,1
2024-11-18 04:00:00,11.5815,1,4.3163,1,35.3163,1
2024-11-18 04:30:00,11.5828,1,4.3166,1,35.3166,1
2024-11-18 05:00:00,11.5842,1,4.3168,1,35.3168,1
2024-11-18 05:30:00,11.5855,1,4.3171,1,35.3171,1
2024-11-18 06:00:00,11.5868,1,4.3174,1,35.3174,1
2024-11-18 06:30:00,11.5881,1,4.3176,1,35.3176,1
2024-11-18 07:00:00,11.5894,1,4.3179,1,35.3179,1
2024-11-18 07:30:00,11.5907,1,4.3181,1,35.3181,1
2024-11-18 08:00:00,11.5920,1,4.3184,1,35.3184,1
2024-11-18 08:30:00,11.5933,1,4.3187,1,35.3187,1
2024-11-18 09:00:00,11.5946,1,4.3189,1,35.3189,1
2024-11-18 09:30:00,11.5959,1,4.3192,1,35.3192,1
2024-11-18 10:00:00,11.5972,1,4.3194,1,35.3194,1
2024-11-18 10:30:00,11.5985,1,4.3197,1,35.3197,1
2024-11-18 11:00:00,11.5999,1,4.3200,1,35.3200,1
2024-11-18 11:30:00,11.6012,1,4.3202,1,35.3202,1
2024-11-18 12:00:00,11.6025,1,4.3205,1,35.3205,1
2024-11-18 12:30:00,11.6038,1,4.3208,1,35.3208,1
2024-11-18 13:00:00,11.6051,1,4.3210,1,35.3210,1
2024-11-18 13:30:00,11.6064,1,4.3213,1,35.3213,1
2024-11-18 14:00:00,11.6077,1,4.3215,1,35.3215,1
2024-11-18 14:30:00,11.6090,1,4.3218,1,35.3218,1
2024-11-18 15:00:00,11.6104,1,4.3221,1,35.3221,1
2024-11-18 15:30:00,11.6117,1,4.3223,1,35.3223,1
2024-11-18 16:00:00,11.6130,1,4.3226,1,35.3226,1
2024-11-18 16:30:00,11.6143,1,4.3229,1,35.3229,1
2024-11-18 17:00:00,11.6156,1,4.3231,1,35.3231,1
2024-11-18 17:30:00,11.6169,1,4.3234,1,35.3234,1
2024-11-18 18:00:00,11.6183,1,4.3237,1,35.3237,1
2024-11-18 18:30:00,11.6196,1,4.3239,1,35.3239,1
2024-11-18 19:00:00,11.6209,1,4.3242,1,35.3242,1
2024-11-18 19:30:00,11.6222,1,4.3244,1,35.3244,1
2024-11-18 20:00:00,11.6235,1,4.3247,1,35.3247,1
2024-11-18 20:30:00,11.6248,1,4.3250,1,35.3250,1
2024-11-18 21:00:00,11.6262,1,4.3252,1,35.3252,1
2024-11-18 21:30:00,11.6275,1,4.3255,1,35.3255,1
2024-11-18 22:00:00,11.6288,1,4.3258,1,35.3258,1
2024-11-18 22:30:00,11.6301,1,4.3260,1,35.3260,1
2024-11-18 23:00:00,11.6314,1,4.3263,1,35.3263,1
2024-11-18 23:30:00,11.6328,1,4.3266,1,35.3266,1
2024-11-19 00:00:00,11.6341,1,4.3268,1,35.3268,1
2024-11-19 00:30:00,11.6354,1,4.3271,1,35.3271,1
2024-11-19 01:00:00,11.6367,1,4.3273,1,35.3273,1
2024-11-19 01:30:00,11.6381,1,4.3276,1,35.3276,1
2024-11-19 02:00:00,11.6394,1,4.3279,1,35.3279,1
2024-11-19 02:30:00,11.6407,1,4.3281,1,35.3281,1
2024-11-19 03:00:00,11.6420,1,4.3284,1,35.3284,1
2024-11-19 03:30:00,11.6434,1,4.3287,1,35.3287,1
2024-11-19 04:00:00,11.6447,1,4.3289,1,35.3289,1
2024-11-19 04:30:00,11.6460,1,4.3292,1,35.3292,1
2024-11-19 05:00:00,11.6473,1,4.3295,1,35.3295,1
2024-11-19 05:30:00,11.6487,1,4.3297,1,35.3297,1
2024-11-19 06:00:00,11.6500,1,4.3300,1,35.3300,1
2024-11-19 06:30:00,11.6513,1,4.3303,1,35.3303,1
2024-11-19 07:00:00,11.6526,1,4.3305,1,35.3305,1
2024-11-19 07:30:00,11.6540,1,4.3308,1,35.3308,1
2024-11-19 08:00:00,11.6553,1,4.3311,1,35.3311,1
2024-11-19 08:30:00,11.6566,1,4.3313,1,35.3313,1
2024-11-19 09:00:00,11.6580,1,4.3316,1,35.3316,1
2024-11-19 09:30:00,11.6593,1,4.3319,1,35.3319,1
2024-11-19 10:00:00,11.6606,1,4.3321,1,35.3321,1
2024-11-19 10:30:00,11.6620,1,4.3324,1,35.3324,1
2024-11-19 11:00:00,11.6633,1,4.3327,1,35.3327,1
2024-11-19 11:30:00,11.6646,1,4.3329,1,35.3329,1
2024-11-19 12:00:00,11.6659,1,4.3332,1,35.3332,1
2024-11-19 12:30:00,11.6673,1,4.3335,1,35.3335,1
2024-11-19 13:00:00,11.6686,1,4.3337,1,35.3337,1
2024-11-19 13:30:00,11.6699,1,4.3340,1,35.3340,1
2024-11-19 14:00:00,11.6713,1,4.3343,1,35.3343,1
2024-11-19 14:30:00,11.6726,1,4.3345,1,35.3345,1
2024-11-19 15:00:00,11.6739,1,4.3348,1,35.3348,1
2024-11-19 15:30:00,11.6753,1,4.3351,1,35.3351,1
2024-11-19 16:00:00,11.6766,1,4.3353,1,35.3353,1
2024-11-19 16:30:00,11.6780,1,4.3356,1,35.3356,1
2024-11-19 17:00:00,11.6793,1,4.3359,1,35.3359,1
2024-11-19 17:30:00,11.6806,1,4.3361,1,35.3361,1
2024-11-19 18:00:00,11.6820,1,4.3364,1,35.3364,1
2024-11-19 18:30:00,11.6833,1,4.3367,1,35.3367,1
2024-11-19 19:00:00,11.6846,1,4.3369,1,35.3369,1
2024-11-19 19:30:00,11.6860,1,4.3372,1,35.3372,1
2024-11-19 20:00:00,11.6873,1,4.3375,1,35.3375,1
2024-11-19 20:30:00,11.6887,1,4.3377,1,35.3377,1
2024-11-19 21:00:00,11.6900,1,4.3380,1,35.3380,1
2024-11-19 21:30:00,11.6913,1,4.3383,1,35.3383,1
2024-11-19 22:00:00,11.6927,1,4.3385,1,35.3385,1
2024-11-19 22:30:00,11.6940,1,4.3388,1,35.3388,1
2024-11-19 23:00:00,11.6954,1,4.3391,1,35.3391,1
2024-11-19 23:30:00,11.6967,1,4.3393,1,35.3393,1
2024-11-20 00:00:00,11.6981,1,4.3396,1,35.3396,1
2024-11-20 00:30:00,11.6994,1,4.3399,1,35.3399,1
2024-11-20 01:00:00,11.7007,1,4.3401,1,35.3401,1
2024-11-20 01:30:00,11.7021,1,4.3404,1,35.3404,1
2024-11-20 02:00:00,11.7034,1,4.3407,1,35.3407,1
2024-11-20 02:30:00,11.7048,1,4.3410,1,35.3410,1
2024-11-20 03:00:00,11.7061,1,4.3412,1,35.3412,1
2024-11-20 03:30:00,11.7075,1,4.3415,1,35.3415,1
2024-11-20 04:00:00,11.7088,1,4.3418,1,35.3418,1
2024-11-20 04:30:00,11.7102,1,4.3420,1,35.3420,1
2024-11-20 05:00:00,11.7115,1,4.3423,1,35.3423,1
2024-11-20 05:30:00,11.7128,1,4.3426,1,35.3426,1
2024-11-20 06:00:00,11.7142,1,4.3428,1,35.3428,1
2024-11-20 06:30:00,11.7155,1,4.3431,1,35.3431,1
2024-11-20 07:00:00,11.7169,1,4.3434,1,35.3434,1
2024-11-20 07:30:00,11.7182,1,4.3436,1,35.3436,1
2024-11-20 08:00:00,11.7196,1,4.3439,1,35.3439,1
2024-11-20 08:30:00,11.7209,1,4.3442,1,35.3442,1
2024-11-20 09:00:00,11.7223,1,4.3445,1,35.3445,1
2024-11-20 09:30:00,11.7236,1,4.3447,1,35.3447,1
2024-11-20 10:00:00,11.7250,1,4.3450,1,35.3450,1
2024-11-20 10:30:00,11.7263,1,4.3453,1,35.3453,1
2024-11-20 11:00:00,11.7277,1,4.3455,1,35.3455,1
2024-11-20 11:30:00,11.7290,1,4.3458,1,35.3458,1
2024-11-20 12:00:00,11.7304,1,4.3461,1,35.3461,1
2024-11-20 12:30:00,11.7318,1,4.3464,1,35.3464,1
2024-11-20 13:00:00,11.7331,1,4.3466,1,35.3466,1
2024-11-20 13:30:00,11.7345,1,4.3469,1,35.3469,1
2024-11-20 14:00:00,11.7358,1,4.3472,1,35.3472,1
2024-11-20 14:30:00,11.7372,1,4.3474,1,35.3474,1
2024-11-20 15:00:00,11.7385,1,4.3477,1,35.3477,1
2024-11-20 15:30:00,11.7399,1,4.3480,1,35.3480,1
2024-11-20 16:00:00,11.7412,1,4.3482,1,35.3482,1
2024-11-20 16:30:00,11.7426,1,4.3485,1,35.3485,1
2024-11-20 17:00:00,11.7439,1,4.3488,1,35.3488,1
2024-11-20 17:30:00,11.7453,1,4.3491,1,35.3491,1
2024-11-20 18:00:00,11.7467,1,4.3493,1,35.3493,1
2024-11-20 18:30:00,11.7480,1,4.3496,1,35.3496,1
2024-11-20 19:00:00,11.7494,1,4.3499,1,35.3499,1
2024-11-20 19:30:00,11.7507,1,4.3501,1,35.3501,1
2024-11-20 20:00:00,11.7521,1,4.3504,1,35.3504,1
2024-11-20 20:30:00,11.7535,1,4.3507,1,35.3507,1
2024-11-20 21:00:00,11.7548,1,4.3510,1,35.3510,1
2024-11-20 21:30:00,11.7562,1,4.3512,1,35.3512,1
2024-11-20 22:00:00,11.7575,1,4.3515,1,35.3515,1
2024-11-20 22:30:00,11.7589,1,4.3518,1,35.3518,1
2024-11-20 23:00:00,11.7603,1,4.3521,1,35.3521,1
2024-11-20 23:30:00,11.7616,1,4.3523,1,35.3523,1
2024-11-21 00:00:00,11.7630,1,4.3526,1,35.3526,1
2024-11-21 00:30:00,11.7643,1,4.3529,1,35.3529,1
2024-11-21 01:00:00,11.7657,1,4.3531,1,35.3531,1
2024-11-21 01:30:00,11.7671,1,4.3534,1,35.3534,1
2024-11-21 02:00:00,11.7684,1,4.3537,1,35.3537,1
2024-11-21 02:30:00,11.7698,1,4.3540,1,35.3540,1
2024-11-21 03:00:00,11.7712,1,4.3542,1,35.3542,1
2024-11-21 03:30:00,11.7725,1,4.3545,1,35.3545,1
2024-11-21 04:00:00,11.7739,1,4.3548,1,35.3548,1
2024-11-21 04:30:00,11.7753,1,4.3551,1,35.3551,1
2024-11-21 05:00:00,11.7766,1,4.3553,1,35.3553,1
2024-11-21 05:30:00,11.7780,1,4.3556,1,35.3556,1
2024-11-21 06:00:00,11.7794,1,4.3559,1,35.3559,1
2024-11-21 06:30:00,11.7807,1,4.3561,1,35.3561,1
2024-11-21 07:00:00,11.7821,1,4.3564,1,35.3564,1
2024-11-21 07:30:00,11.7835,1,4.3567,1,35.3567,1
2024-11-21 08:00:00,11.7848,1,4.3570,1,35.3570,1
2024-11-21 08:30:00,11.7862,1,4.3572,1,35.3572,1
2024-11-21 09:00:00,11.7876,1,4.3575,1,35.3575,1
2024-11-21 09:30:00,11.7890,1,4.3578,1,35.3578,1
2024-11-21 10:00:00,11.7903,1,4.3581,1,35.3581,1
2024-11-21 10:30:00,11.7917,1,4.3583,1,35.3583,1
2024-11-21 11:00:00,11.7931,1,4.3586,1,35.3586,1
2024-11-21 11:30:00,11.7944,1,4.3589,1,35.3589,1
2024-11-21 12:00:00,11.7958,1,4.3592,1,35.3592,1
2024-11-21 12:30:00,11.7972,1,4.3594,1,35.3594,1
2024-11-21 13:00:00,11.7986,1,4.3597,1,35.3597,1
2024-11-21 13:30:00,11.7999,1,4.3600,1,35.3600,1
2024-11-21 14:00:00,11.8013,1,4.3603,1,35.3603,1
2024-11-21 14:30:00,11.8027,1,4.3605,1,35.3605,1
2024-11-21 15:00:00,11.8041,1,4.3608,1,35.3608,1
2024-11-21 15:30:00,11.8054,1,4.3611,1,35.3611,1
2024-11-21 16:00:00,11.8068,1,4.3614,1,35.3614,1
2024-11-21 16:30:00,11.8082,1,4.3616,1,35.3616,1
2024-11-21 17:00:00,11.8096,1,4.3619,1,35.3619,1
2024-11-21 17:30:00,11.8109,1,4.3622,1,35.3622,1
2024-11-21 18:00:00,11.8123,1,4.3625,1,35.3625,1
2024-11-21 18:30:00,11.8137,1,4.3627,1,35.3627,1
2024-11-21 19:00:00,11.8151,1,4.3630,1,35.3630,1
2024-11-21 19:30:00,11.8164,1,4.3633,1,35.3633,1
2024-11-21 20:00:00,11.8178,1,4.3636,1,35.3636,1
2024-11-21 20:30:00,11.8192,1,4.3638,1,35.3638,1
2024-11-21 21:00:00,11.8206,1,4.3641,1,35.3641,1
2024-11-21 21:30:00,11.8220,1,4.3644,1,35.3644,1
2024-11-21 22:00:00,11.8233,1,4.3647,1,35.3647,1
2024-11-21 22:30:00,11.8247,1,4.3649,1,35.3649,1
2024-11-21 23:00:00,11.8261,1,4.3652,1,35.3652,1
2024-11-21 23:30:00,11.8275,1,4.3655,1,35.3655,1
2024-11-22 00:00:00,11.8289,1,4.3658,1,35.3658,1
2024-11-22 00:30:00,11.8303,1,4.3661,1,35.3661,1
2024-11-22 01:00:00,11.8316,1,4.3663,1,35.3663,1
2024-11-22 01:30:00,11.8330,1,4.3666,1,35.3666,1
2024-11-22 02:00:00,11.8344,1,4.3669,1,35.3669,1
2024-11-22 02:30:00,11.8358,1,4.3672,1,35.3672,1
2024-11-22 03:00:00,11.8372,1,4.3674,1,35.3674,1
2024-11-22 03:30:00,11.8386,1,4.3677,1,35.3677,1
2024-11-22 04:00:00,11.8399,1,4.3680,1,35.3680,1
2024-11-22 04:30:00,11.8413,1,4.3683,1,35.3683,1
2024-11-22 05:00:00,11.8427,1,4.3685,1,35.3685,1
2024-11-22 05:30:00,11.8441,1,4.3688,1,35.3688,1
2024-11-22 06:00:00,11.8455,1,4.3691,1,35.3691,1
2024-11-22 06:30:00,11.8469,1,4.3694,1,35.3694,1
2024-11-22 07:00:00,11.8483,1,4.3697,1,35.3697,1
2024-11-22 07:30:00,11.8497,1,4.3699,1,35.3699,1
2024-11-22 08:00:00,11.8510,1,4.3702,1,35.3702,1
2024-11-22 08:30:00,11.8524,1,4.3705,1,35.3705,1
2024-11-22 09:00:00,11.8538,1,4.3708,1,35.3708,1
2024-11-22 09:30:00,11.8552,1,4.3710,1,35.3710,1
2024-11-22 10:00:00,11.8566,1,4.3713,1,35.3713,1
2024-11-22 10:30:00,11.8580,1,4.3716,1,35.3716,1
2024-11-22 11:00:00,11.8594,1,4.3719,1,35.3719,1
2024-11-22 11:30:00,11.8608,1,4.3722,1,35.3722,1
2024-11-22 12:00:00,11.8622,1,4.3724,1,35.3724,1
2024-11-22 12:30:00,11.8636,1,4.3727,1,35.3727,1
2024-11-22 13:00:00,11.8650,1,4.3730,1,35.3730,1
2024-11-22 13:30:00,11.8664,1,4.3733,1,35.3733,1
2024-11-22 14:00:00,11.8677,1,4.3735,1,35.3735,1
2024-11-22 14:30:00,11.8691,1,4.3738,1,35.3738,1
2024-11-22 15:00:00,11.8705,1,4.3741,1,35.3741,1
2024-11-22 15:30:00,11.8719,1,4.3744,1,35.3744,1
2024-11-22 16:00:00,11.8733,1,4.3747,1,35.3747,1
2024-11-22 16:30:00,11.8747,1,4.3749,1,35.3749,1
2024-11-22 17:00:00,11.8761,1,4.3752,1,35.3752,1
2024-11-22 17:30:00,11.8775,1,4.3755,1,35.3755,1
2024-11-22 18:00:00,11.8789,1,4.3758,1,35.3758,1
2024-11-22 18:30:00,11.8803,1,4.3761,1,35.3761,1
2024-11-22 19:00:00,11.8817,1,4.3763,1,35.3763,1
2024-11-22 19:30:00,11.8831,1,4.3766,1,35.3766,1
2024-11-22 20:00:00,11.8845,1,4.3769,1,35.3769,1
2024-11-22 20:30:00,11.8859,1,4.3772,1,35.3772,1
2024-11-22 21:00:00,11.8873,1,4.3775,1,35.3775,1
2024-11-22 21:30:00,11.8887,1,4.3777,1,35.3777,1
2024-11-22 22:00:00,11.8901,1,4.3780,1,35.3780,1
2024-11-22 22:30:00,11.8915,1,4.3783,1,35.3783,1
2024-11-22 23:00:00,11.8929,1,4.3786,1,35.3786,1
2024-11-22 23:30:00,11.8943,1,4.3789,1,35.3789,1
2024-11-23 00:00:00,11.8957,1,4.3791,1,35.3791,1
2024-11-23 00:30:00,11.8971,1,4.3794,1,35.3794,1
2024-11-23 01:00:00,11.8985,1,4.3797,1,35.3797,1
2024-11-23 01:30:00,11.8999,1,4.3800,1,35.3800,1
2024-11-23 02:00:00,11.9013,1,4.3803,1,35.3803,1
2024-11-23 02:30:00,11.9027,1,4.3805,1,35.3805,1
2024-11-23 03:00:00,11.9041,1,4.3808,1,35.3808,1
2024-11-23 03:30:00,11.9055,1,4.3811,1,35.3811,1
2024-11-23 04:00:00,11.9069,1,4.3814,1,35.3814,1
2024-11-23 04:30:00,11.9083,1,4.3817,1,35.3817,1
2024-11-23 05:00:00,11.9097,1,4.3819,1,35.3819,1
2024-11-23 05:30:00,11.9111,1,4.3822,1,35.3822,1
2024-11-23 06:00:00,11.9125,1,4.3825,1,35.3825,1
2024-11-23 06:30:00,11.9140,1,4.3828,1,35.3828,1
2024-11-23 07:00:00,11.9154,1,4.3831,1,35.3831,1
2024-11-23 07:30:00,11.9168,1,4.3834,1,35.3834,1
2024-11-23 08:00:00,11.9182,1,4.3836,1,35.3836,1
2024-11-23 08:30:00,11.9196,1,4.3839,1,35.3839,1
2024-11-23 09:00:00,11.9210,1,4.3842,1,35.3842,1
2024-11-23 09:30:00,11.9224,1,4.3845,1,35.3845,1
2024-11-23 10:00:00,11.9238,1,4.3848,1,35.3848,1
2024-11-23 10:30:00,11.9252,1,4.3850,1,35.3850,1
2024-11-23 11:00:00,11.9266,1,4.3853,1,35.3853,1
2024-11-23 11:30:00,11.9280,1,4.3856,1,35.3856,1
2024-11-23 12:00:00,11.9295,1,4.3859,1,35.3859,1
2024-11-23 12:30:00,11.9309,1,4.3862,1,35.3862,1
2024-11-23 13:00:00,11.9323,1,4.3865,1,35.3865,1
2024-11-23 13:30:00,11.9337,1,4.3867,1,35.3867,1
2024-11-23 14:00:00,11.9351,1,4.3870,1,35.3870,1
2024-11-23 14:30:00,11.9365,1,4.3873,1,35.3873,1
2024-11-23 15:00:00,11.9379,1,4.3876,1,35.3876,1
2024-11-23 15:30:00,11.9393,1,4.3879,1,35.3879,1
2024-11-23 16:00:00,11.9408,1,4.3882,1,35.3882,1
2024-11-23 16:30:00,11.9422,1,4.3884,1,35.3884,1
2024-11-23 17:00:00,11.9436,1,4.3887,1,35.3887,1
2024-11-23 17:30:00,11.9450,1,4.3890,1,35.3890,1
2024-11-23 18:00:00,11.9464,1,4.3893,1,35.3893,1
2024-11-23 18:30:00,11.9478,1,4.3896,1,35.3896,1
2024-11-23 19:00:00,11.9493,1,4.3899,1,35.3899,1
2024-11-23 19:30:00,11.9507,1,4.3901,1,35.3901,1
2024-11-23 20:00:00,11.9521,1,4.3904,1,35.3904,1
2024-11-23 20:30:00,11.9535,1,4.3907,1,35.3907,1
2024-11-23 21:00:00,11.9549,1,4.3910,1,35.3910,1
2024-11-23 21:30:00,11.9563,1,4.3913,1,35.3913,1
2024-11-23 22:00:00,11.9578,1,4.3916,1,35.3916,1
2024-11-23 22:30:00,11.9592,1,4.3918,1,35.3918,1
2024-11-23 23:00:00,11.9606,1,4.3921,1,35.3921,1
2024-11-23 23:30:00,11.9620,1,4.3924,1,35.3924,1
2024-11-24 00:00:00,11.9634,1,4.3927,1,35.3927,1
2024-11-24 00:30:00,11.9649,1,4.3930,1,35.3930,1
2024-11-24 01:00:00,11.9663,1,4.3933,1,35.3933,1
2024-11-24 01:30:00,11.9677,1,4.3935,1,35.3935,1
2024-11-24 02:00:00,11.9691,1,4.3938,1,35.3938,1
2024-11-24 02:30:00,11.9705,1,4.3941,1,35.3941,1
2024-11-24 03:00:00,11.9720,1,4.3944,1,35.3944,1
2024-11-24 03:30:00,11.9734,1,4.3947,1,35.3947,1
2024-11-24 04:00:00,11.9748,1,4.3950,1,35.3950,1
2024-11-24 04:30:00,11.9762,1,4.3952,1,35.3952,1
2024-11-24 05:00:00,11.9777,1,4.3955,1,35.3955,1
2024-11-24 05:30:00,11.9791,1,4.3958,1,35.3958,1
2024-11-24 06:00:00,11.9805,1,4.3961,1,35.3961,1
2024-11-24 06:30:00,11.9819,1,4.3964,1,35.3964,1
2024-11-24 07:00:00,11.9834,1,4.3967,1,35.3967,1
2024-11-24 07:30:00,11.9848,1,4.3970,1,35.3970,1
2024-11-24 08:00:00,11.9862,1,4.3972,1,35.3972,1
2024-11-24 08:30:00,11.9876,1,4.3975,1,35.3975,1
2024-11-24 09:00:00,11.9891,1,4.3978,1,35.3978,1
2024-11-24 09:30:00,11.9905,1,4.3981,1,35.3981,1
2024-11-24 10:00:00,11.9919,1,4.3984,1,35.3984,1
2024-11-24 10:30:00,11.9934,1,4.3987,1,35.3987,1
2024-11-24 11:00:00,11.9948,1,4.3990,1,35.3990,1
2024-11-24 11:30:00,11.9962,1,4.3992,1,35.3992,1
2024-11-24 12:00:00,11.9976,1,4.3995,1,35.3995,1
2024-11-24 12:30:00,11.9991,1,4.3998,1,35.3998,1
2024-11-24 13:00:00,12.0005,1,4.4001,1,35.4001,1
2024-11-24 13:30:00,12.0019,1,4.4004,1,35.4004,1
2024-11-24 14:00:00,12.0034,1,4.4007,1,35.4007,1
2024-11-24 14:30:00,12.0048,1,4.4010,1,35.4010,1
2024-11-24 15:00:00,12.0062,1,4.4012,1,35.4012,1
2024-11-24 15:30:00,12.0077,1,4.4015,1,35.4015,1
2024-11-24 16:00:00,12.0091,1,4.4018,1,35.4018,1
2024-11-24 16:30:00,12.0105,1,4.4021,1,35.4021,1
2024-11-24 17:00:00,12.0120,1,4.4024,1,35.4024,1
2024-11-24 17:30:00,12.0134,1,4.4027,1,35.4027,1
2024-11-24 18:00:00,12.0148,1,4.4030,1,35.4030,1
2024-11-24 18:30:00,12.0163,1,4.4033,1,35.4033,1
2024-11-24 19:00:00,12.0177,1,4.4035,1,35.4035,1
2024-11-24 19:30:00,12.0191,1,4.4038,1,35.4038,1
2024-11-24 20:00:00,12.0206,1,4.4041,1,35.4041,1
2024-11-24 20:30:00,12.0220,1,4.4044,1,35.4044,1
2024-11-24 21:00:00,12.0234,1,4.4047,1,35.4047,1
2024-11-24 21:30:00,12.0249,1,4.4050,1,35.4050,1
2024-11-24 22:00:00,12.0263,1,4.4053,1,35.4053,1
2024-11-24 22:30:00,12.0278,1,4.4056,1,35.4056,1
2024-11-24 23:00:00,12.0292,1,4.4058,1,35.4058,1
2024-11-24 23:30:00,12.0306,1,4.4061,1,35.4061,1
2024-11-25 00:00:00,12.0321,1,4.4064,1,35.4064,1
2024-11-25 00:30:00,12.0335,1,4.4067,1,35.4067,1
2024-11-25 01:00:00,12.0350,1,4.4070,1,35.4070,1
2024-11-25 01:30:00,12.0364,1,4.4073,1,35.4073,1
2024-11-25 02:00:00,12.0378,1,4.4076,1,35.4076,1
2024-11-25 02:30:00,12.0393,1,4.4079,1,35.4079,1
2024-11-25 03:00:00,12.0407,1,4.4081,1,35.4081,1
2024-11-25 03:30:00,12.0422,1,4.4084,1,35.4084,1
2024-11-25 04:00:00,12.0436,1,4.4087,1,35.4087,1
2024-11-25 04:30:00,12.0450,1,4.4090,1,35.4090,1
2024-11-25 05:00:00,12.0465,1,4.4093,1,35.4093,1
2024-11-25 05:30:00,12.0479,1,4.4096,1,35.4096,1
2024-11-25 06:00:00,12.0494,1,4.4099,1,35.4099,1
2024-11-25 06:30:00,12.0508,1,4.4102,1,35.4102,1
2024-11-25 07:00:00,12.0523,1,4.4105,1,35.4105,1
2024-11-25 07:30:00,12.0537,1,4.4107,1,35.4107,1
2024-11-25 08:00:00,12.0551,1,4.4110,1,35.4110,1
2024-11-25 08:30:00,12.0566,1,4.4113,1,35.4113,1
2024-11-25 09:00:00,12.0580,1,4.4116,1,35.4116,1
2024-11-25 09:30:00,12.0595,1,4.4119,1,35.4119,1
2024-11-25 10:00:00,12.0609,1,4.4122,1,35.4122,1
2024-11-25 10:30:00,12.0624,1,4.4125,1,35.4125,1
2024-11-25 11:00:00,12.0638,1,4.4128,1,35.4128,1
2024-11-25 11:30:00,12.0653,1,4.4131,1,35.4131,1
2024-11-25 12:00:00,12.0667,1,4.4133,1,35.4133,1
2024-11-25 12:30:00,12.0682,1,4.4136,1,35.4136,1
2024-11-25 13:00:00,12.0696,1,4.4139,1,35.4139,1
2024-11-25 13:30:00,12.0711,1,4.4142,1,35.4142,1
2024-11-25 14:00:00,12.0725,1,4.4145,1,35.4145,1
2024-11-25 14:30:00,12.0740,1,4.4148,1,35.4148,1
2024-11-25 15:00:00,12.0754,1,4.4151,1,35.4151,1
2024-11-25 15:30:00,12.0769,1,4.4154,1,35.4154,1
2024-11-25 16:00:00,12.0783,1,4.4157,1,35.4157,1
2024-11-25 16:30:00,12.0798,1,4.4160,1,35.4160,1
2024-11-25 17:00:00,12.0812,1,4.4162,1,35.4162,1
2024-11-25 17:30:00,12.0827,1,4.4165,1,35.4165,1
2024-11-25 18:00:00,12.0841,1,4.4168,1,35.4168,1
2024-11-25 18:30:00,12.0856,1,4.4171,1,35.4171,1
2024-11-25 19:00:00,12.0870,1,4.4174,1,35.4174,1
2024-11-25 19:30:00,12.0885,1,4.4177,1,35.4177,1
2024-11-25 20:00:00,12.0899,1,4.4180,1,35.4180,1
2024-11-25 20:30:00,12.0914,1,4.4183,1,35.4183,1
2024-11-25 21:00:00,12.0928,1,4.4186,1,35.4186,1
2024-11-25 21:30:00,12.0943,1,4.4189,1,35.4189,1
2024-11-25 22:00:00,12.0958,1,4.4192,1,35.4192,1
2024-11-25 22:30:00,12.0972,1,4.4194,1,35.4194,1
2024-11-25 23:00:00,12.0987,1,4.4197,1,35.4197,1
2024-11-25 23:30:00,12.1001,1,4.4200,1,35.4200,1
2024-11-26 00:00:00,12.1016,1,4.4203,1,35.4203,1
2024-11-26 00:30:00,12.1030,1,4.4206,1,35.4206,1
2024-11-26 01:00:00,12.1045,1,4.4209,1,35.4209,1
2024-11-26 01:30:00,12.1060,1,4.4212,1,35.4212,1
2024-11-26 02:00:00,12.1074,1,4.4215,1,35.4215,1
2024-11-26 02:30:00,12.1089,1,4.4218,1,35.4218,1
2024-11-26 03:00:00,12.1103,1,4.4221,1,35.4221,1
2024-11-26 03:30:00,12.1118,1,4.4224,1,35.4224,1
2024-11-26 04:00:00,12.1132,1,4.4226,1,35.4226,1
2024-11-26 04:30:00,12.1147,1,4.4229,1,35.4229,1
2024-11-26 05:00:00,12.1162,1,4.4232,1,35.4232,1
2024-11-26 05:30:00,12.1176,1,4.4235,1,35.4235,1
2024-11-26 06:00:00,12.1191,1,4.4238,1,35.4238,1
2024-11-26 06:30:00,12.1206,1,4.4241,1,35.4241,1
2024-11-26 07:00:00,12.1220,1,4.4244,1,35.4244,1
2024-11-26 07:30:00,12.1235,1,4.4247,1,35.4247,1
2024-11-26 08:00:00,12.1249,1,4.4250,1,35.4250,1
2024-11-26 08:30:00,12.1264,1,4.4253,1,35.4253,1
2024-11-26 09:00:00,12.1279,1,4.4256,1,35.4256,1
2024-11-26 09:30:00,12.1293,1,4.4259,1,35.4259,1
2024-11-26 10:00:00,12.1308,1,4.4262,1,35.4262,1
2024-11-26 10:30:00,12.1323,1,4.4265,1,35.4265,1
2024-11-26 11:00:00,12.1337,1,4.4267,1,35.4267,1
2024-11-26 11:30:00,12.1352,1,4.4270,1,35.4270,1
2024-11-26 12:00:00,12.1367,1,4.4273,1,35.4273,1
2024-11-26 12:30:00,12.1381,1,4.4276,1,35.4276,1
2024-11-26 13:00:00,12.1396,1,4.4279,1,35.4279,1
2024-11-26 13:30:00,12.1411,1,4.4282,1,35.4282,1
2024-11-26 14:00:00,12.1425,1,4.4285,1,35.4285,1
2024-11-26 14:30:00,12.1440,1,4.4288,1,35.4288,1
2024-11-26 15:00:00,12.1455,1,4.4291,1,35.4291,1
2024-11-26 15:30:00,12.1469,1,4.4294,1,35.4294,1
2024-11-26 16:00:00,12.1484,1,4.4297,1,35.4297,1
2024-11-26 16:30:00,12.1499,1,4.4300,1,35.4300,1
2024-11-26 17:00:00,12.1513,1,4.4303,1,35.4303,1
2024-11-26 17:30:00,12.1528,1,4.4306,1,35.4306,1
2024-11-26 18:00:00,12.1543,1,4.4309,1,35.4309,1
2024-11-26 18:30:00,12.1557,1,4.4311,1,35.4311,1
2024-11-26 19:00:00,12.1572,1,4.4314,1,35.4314,1
2024-11-26 19:30:00,12.1587,1,4.4317,1,35.4317,1
2024-11-26 20:00:00,12.1602,1,4.4320,1,35.4320,1
2024-11-26 20:30:00,12.1616,1,4.4323,1,35.4323,1
2024-11-26 21:00:00,12.1631,1,4.4326,1,35.4326,1
2024-11-26 21:30:00,12.1646,1,4.4329,1,35.4329,1
2024-11-26 22:00:00,12.1660,1,4.4332,1,35.4332,1
2024-11-26 22:30:00,12.1675,1,4.4335,1,35.4335,1
2024-11-26 23:00:00,12.1690,1,4.4338,1,35.4338,1
2024-11-26 23:30:00,12.1705,1,4.4341,1,35.4341,1
2024-11-27 00:00:00,12.1719,1,4.4344,1,35.4344,1
2024-11-27 00:30:00,12.1734,1,4.4347,1,35.4347,1
2024-11-27 01:00:00,12.1749,1,4.4350,1,35.4350,1
2024-11-27 01:30:00,12.1764,1,4.4353,1,35.4353,1
2024-11-27 02:00:00,12.1778,1,4.4356,1,35.4356,1
2024-11-27 02:30:00,12.1793,1,4.4359,1,35.4359,1
2024-11-27 03:00:00,12.1808,1,4.4362,1,35.4362,1
2024-11-27 03:30:00,12.1823,1,4.4365,1,35.4365,1
2024-11-27 04:00:00,12.1838,1,4.4368,1,35.4368,1
2024-11-27 04:30:00,12.1852,1,4.4370,1,35.4370,1
2024-11-27 05:00:00,12.1867,1,4.4373,1,35.4373,1
2024-11-27 05:30:00,12.1882,1,4.4376,1,35.4376,1
2024-11-27 06:00:00,12.1897,1,4.4379,1,35.4379,1
2024-11-27 06:30:00,12.1911,1,4.4382,1,35.4382,1
2024-11-27 07:00:00,12.1926,1,4.4385,1,35.4385,1
2024-11-27 07:30:00,12.1941,1,4.4388,1,35.4388,1
2024-11-27 08:00:00,12.1956,1,4.4391,1,35.4391,1
2024-11-27 08:30:00,12.1971,1,4.4394,1,35.4394,1
2024-11-27 09:00:00,12.1985,1,4.4397,1,35.4397,1
2024-11-27 09:30:00,12.2000,1,4.4400,1,35.4400,1
2024-11-27 10:00:00,12.2015,1,4.4403,1,35.4403,1
2024-11-27 10:30:00,12.2030,1,4.4406,1,35.4406,1
2024-11-27 11:00:00,12.2045,1,4.4409,1,35.4409,1
2024-11-27 11:30:00,12.2060,1,4.4412,1,35.4412,1
2024-11-27 12:00:00,12.2074,1,4.4415,1,35.4415,1
2024-11-27 12:30:00,12.2089,1,4.4418,1,35.4418,1
2024-11-27 13:00:00,12.2104,1,4.4421,1,35.4421,1
2024-11-27 13:30:00,12.2119,1,4.4424,1,35.4424,1
2024-11-27 14:00:00,12.2134,1,4.4427,1,35.4427,1
2024-11-27 14:30:00,12.2149,1,4.4430,1,35.4430,1
2024-11-27 15:00:00,12.2163,1,4.4433,1,35.4433,1
2024-11-27 15:30:00,12.2178,1,4.4436,1,35.4436,1
2024-11-27 16:00:00,12.2193,1,4.4439,1,35.4439,1
2024-11-27 16:30:00,12.2208,1,4.4442,1,35.4442,1
2024-11-27 17:00:00,12.2223,1,4.4445,1,35.4445,1
2024-11-27 17:30:00,12.2238,1,4.4448,1,35.4448,1
2024-11-27 18:00:00,12.2253,1,4.4451,1,35.4451,1
2024-11-27 18:30:00,12.2268,1,4.4454,1,35.4454,1
2024-11-27 19:00:00,12.2282,1,4.4456,1,35.4456,1
2024-11-27 19:30:00,12.2297,1,4.4459,1,35.4459,1
2024-11-27 20:00:00,12.2312,1,4.4462,1,35.4462,1
2024-11-27 20:30:00,12.2327,1,4.4465,1,35.4465,1
2024-11-27 21:00:00,12.2342,1,4.4468,1,35.4468,1
2024-11-27 21:30:00,12.2357,1,4.4471,1,35.4471,1
2024-11-27 22:00:00,12.2372,1,4.4474,1,35.4474,1
2024-11-27 22:30:00,12.2387,1,4.4477,1,35.4477,1
2024-11-27 23:00:00,12.2402,1,4.4480,1,35.4480,1
2024-11-27 23:30:00,12.2416,1,4.4483,1,35.4483,1
2024-11-28 00:00:00,12.2431,1,4.4486,1,35.4486,1
2024-11-28 00:30:00,12.2446,1,4.4489,1,35.4489,1
2024-11-28 01:00:00,12.2461,1,4.4492,1,35.4492,1
2024-11-28 01:30:00,12.2476,1,4.4495,1,35.4495,1
2024-11-28 02:00:00,12.2491,1,4.4498,1,35.4498,1
2024-11-28 02:30:00,12.2506,1,4.4501,1,35.4501,1
2024-11-28 03:00:00,12.2521,1,4.4504,1,35.4504,1
2024-11-28 03:30:00,12.2536,1,4.4507,1,35.4507,1
2024-11-28 04:00:00,12.2551,1,4.4510,1,35.4510,1
2024-11-28 04:30:00,12.2566,1,4.4513,1,35.4513,1
2024-11-28 05:00:00,12.2581,1,4.4516,1,35.4516,1
2024-11-28 05:30:00,12.2596,1,4.4519,1,35.4519,1
2024-11-28 06:00:00,12.2611,1,4.4522,1,35.4522,1
2024-11-28 06:30:00,12.2626,1,4.4525,1,35.4525,1
2024-11-28 07:00:00,12.2641,1,4.4528,1,35.4528,1
2024-11-28 07:30:00,12.2656,1,4.4531,1,35.4531,1
2024-11-28 08:00:00,12.2671,1,4.4534,1,35.4534,1
2024-11-28 08:30:00,12.2685,1,4.4537,1,35.4537,1
2024-11-28 09:00:00,12.2700,1,4.4540,1,35.4540,1
2024-11-28 09:30:00,12.2715,1,4.4543,1,35.4543,1
2024-11-28 10:00:00,12.2730,1,4.4546,1,35.4546,1
2024-11-28 10:30:00,12.2745,1,4.4549,1,35.4549,1
2024-11-28 11:00:00,12.2760,1,4.4552,1,35.4552,1
2024-11-28 11:30:00,12.2775,1,4.4555,1,35.4555,1
2024-11-28 12:00:00,12.2790,1,4.4558,1,35.4558,1
2024-11-28 12:30:00,12.2805,1,4.4561,1,35.4561,1
2024-11-28 13:00:00,12.2820,1,4.4564,1,35.4564,1
2024-11-28 13:30:00,12.2835,1,4.4567,1,35.4567,1
2024-11-28 14:00:00,12.2850,1,4.4570,1,35.4570,1
2024-11-28 14:30:00,12.2865,1,4.4573,1,35.4573,1
2024-11-28 15:00:00,12.2880,1,4.4576,1,35.4576,1
2024-11-28 15:30:00,12.2896,1,4.4579,1,35.4579,1
2024-11-28 16:00:00,12.2911,1,4.4582,1,35.4582,1
2024-11-28 16:30:00,12.2926,1,4.4585,1,35.4585,1
2024-11-28 17:00:00,12.2941,1,4.4588,1,35.4588,1
2024-11-28 17:30:00,12.2956,1,4.4591,1,35.4591,1
2024-11-28 18:00:00,12.2971,1,4.4594,1,35.4594,1
2024-11-28 18:30:00,12.2986,1,4.4597,1,35.4597,1
2024-11-28 19:00:00,12.3001,1,4.4600,1,35.4600,1
2024-11-28 19:30:00,12.3016,1,4.4603,1,35.4603,1
2024-11-28 20:00:00,12.3031,1,4.4606,1,35.4606,1
2024-11-28 20:30:00,12.3046,1,4.4609,1,35.4609,1
2024-11-28 21:00:00,12.3061,1,4.4612,1,35.4612,1
2024-11-28 21:30:00,12.3076,1,4.4615,1,35.4615,1
2024-11-28 22:00:00,12.3091,1,4.4618,1,35.4618,1
2024-11-28 22:30:00,12.3106,1,4.4621,1,35.4621,1
2024-11-28 23:00:00,12.3121,1,4.4624,1,35.4624,1
2024-11-28 23:30:00,12.3136,1,4.4627,1,35.4627,1
2024-11-29 00:00:00,12.3151,1,4.4630,1,35.4630,1
2024-11-29 00:30:00,12.3167,1,4.4633,1,35.4633,1
2024-11-29 01:00:00,12.3182,1,4.4636,1,35.4636,1
2024-11-29 01:30:00,12.3197,1,4.4639,1,35.4639,1
2024-11-29 02:00:00,12.3212,1,4.4642,1,35.4642,1
2024-11-29 02:30:00,12.3227,1,4.4645,1,35.4645,1
2024-11-29 03:00:00,12.3242,1,4.4648,1,35.4648,1
2024-11-29 03:30:00,12.3257,1,4.4651,1,35.4651,1
2024-11-29 04:00:00,12.3272,1,4.4654,1,35.4654,1
2024-11-29 04:30:00,12.3287,1,4.4657,1,35.4657,1
2024-11-29 05:00:00,12.3302,1,4.4660,1,35.4660,1
2024-11-29 05:30:00,12.3318,1,4.4664,1,35.4664,1
2024-11-29 06:00:00,12.3333,1,4.4667,1,35.4667,1
2024-11-29 06:30:00,12.3348,1,4.4670,1,35.4670,1
2024-11-29 07:00:00,12.3363,1,4.4673,1,35.4673,1
2024-11-29 07:30:00,12.3378,1,4.4676,1,35.4676,1
2024-11-29 08:00:00,12.3393,1,4.4679,1,35.4679,1
2024-11-29 08:30:00,12.3408,1,4.4682,1,35.4682,1
2024-11-29 09:00:00,12.3424,1,4.4685,1,35.4685,1
2024-11-29 09:30:00,12.3439,1,4.4688,1,35.4688,1
2024-11-29 10:00:00,12.3454,1,4.4691,1,35.4691,1
2024-11-29 10:30:00,12.3469,1,4.4694,1,35.4694,1
2024-11-29 11:00:00,12.3484,1,4.4697,1,35.4697,1
2024-11-29 11:30:00,12.3499,1,4.4700,1,35.4700,1
2024-11-29 12:00:00,12.3514,1,4.4703,1,35.4703,1
2024-11-29 12:30:00,12.3530,1,4.4706,1,35.4706,1
2024-11-29 13:00:00,12.3545,1,4.4709,1,35.4709,1
2024-11-29 13:30:00,12.3560,1,4.4712,1,35.4712,1
2024-11-29 14:00:00,12.3575,1,4.4715,1,35.4715,1
2024-11-29 14:30:00,12.3590,1,4.4718,1,35.4718,1
2024-11-29 15:00:00,12.3606,1,4.4721,1,35.4721,1
2024-11-29 15:30:00,12.3621,1,4.4724,1,35.4724,1
2024-11-29 16:00:00,12.3636,1,4.4727,1,35.4727,1
2024-11-29 16:30:00,12.3651,1,4.4730,1,35.4730,1
2024-11-29 17:00:00,12.3666,1,4.4733,1,35.4733,1
2024-11-29 17:30:00,12.3682,1,4.4736,1,35.4736,1
2024-11-29 18:00:00,12.3697,1,4.4739,1,35.4739,1
2024-11-29 18:30:00,12.3712,1,4.4742,1,35.4742,1
2024-11-29 19:00:00,12.3727,1,4.4745,1,35.4745,1
2024-11-29 19:30:00,12.3742,1,4.4748,1,35.4748,1
2024-11-29 20:00:00,12.3758,1,4.4752,1,35.4752,1
2024-11-29 20:30:00,12.3773,1,4.4755,1,35.4755,1
2024-11-29 21:00:00,12.3788,1,4.4758,1,35.4758,1
2024-11-29 21:30:00,12.3803,1,4.4761,1,35.4761,1
2024-11-29 22:00:00,12.3818,1,4.4764,1,35.4764,1
2024-11-29 22:30:00,12.3834,1,4.4767,1,35.4767,1
2024-11-29 23:00:00,12.3849,1,4.4770,1,35.4770,1
2024-11-29 23:30:00,12.3864,1,4.4773,1,35.4773,1
2024-11-30 00:00:00,12.3879,1,4.4776,1,35.4776,1
2024-11-30 00:30:00,12.3895,1,4.4779,1,35.4779,1
2024-11-30 01:00:00,12.3910,1,4.4782,1,35.4782,1
2024-11-30 01:30:00,12.3925,1,4.4785,1,35.4785,1
2024-11-30 02:00:00,12.3940,1,4.4788,1,35.4788,1
2024-11-30 02:30:00,12.3956,1,4.4791,1,35.4791,1
2024-11-30 03:00:00,12.3971,1,4.4794,1,35.4794,1
2024-11-30 03:30:00,12.3986,1,4.4797,1,35.4797,1
2024-11-30 04:00:00,12.4002,1,4.4800,1,35.4800,1
2024-11-30 04:30:00,12.4017,1,4.4803,1,35.4803,1
2024-11-30 05:00:00,12.4032,1,4.4806,1,35.4806,1
2024-11-30 05:30:00,12.4047,1,4.4809,1,35.4809,1
2024-11-30 06:00:00,12.4063,1,4.4813,1,35.4813,1
2024-11-30 06:30:00,12.4078,1,4.4816,1,35.4816,1
2024-11-30 07:00:00,12.4093,1,4.4819,1,35.4819,1
2024-11-30 07:30:00,12.4109,1,4.4822,1,35.4822,1
2024-11-30 08:00:00,12.4124,1,4.4825,1,35.4825,1
2024-11-30 08:30:00,12.4139,1,4.4828,1,35.4828,1
2024-11-30 09:00:00,12.4154,1,4.4831,1,35.4831,1
2024-11-30 09:30:00,12.4170,1,4.4834,1,35.4834,1
2024-11-30 10:00:00,12.4185,1,4.4837,1,35.4837,1
2024-11-30 10:30:00,12.4200,1,4.4840,1,35.4840,1
2024-11-30 11:00:00,12.4216,1,4.4843,1,35.4843,1
2024-11-30 11:30:00,12.4231,1,4.4846,1,35.4846,1
2024-11-30 12:00:00,12.4246,1,4.4849,1,35.4849,1
2024-11-30 12:30:00,12.4262,1,4.4852,1,35.4852,1
2024-11-30 13:00:00,12.4277,1,4.4855,1,35.4855,1
2024-11-30 13:30:00,12.4292,1,4.4858,1,35.4858,1
2024-11-30 14:00:00,12.4308,1,4.4862,1,35.4862,1
2024-11-30 14:30:00,12.4323,1,4.4865,1,35.4865,1
2024-11-30 15:00:00,12.4338,1,4.4868,1,35.4868,1
2024-11-30 15:30:00,12.4354,1,4.4871,1,35.4871,1
2024-11-30 16:00:00,12.4369,1,4.4874,1,35.4874,1
2024-11-30 16:30:00,12.4384,1,4.4877,1,35.4877,1
2024-11-30 17:00:00,12.4400,1,4.4880,1,35.4880,1
2024-11-30 17:30:00,12.4415,1,4.4883,1,35.4883,1
2024-11-30 18:00:00,12.4431,1,4.4886,1,35.4886,1
2024-11-30 18:30:00,12.4446,1,4.4889,1,35.4889,1
2024-11-30 19:00:00,12.4461,1,4.4892,1,35.4892,1
2024-11-30 19:30:00,12.4477,1,4.4895,1,35.4895,1
2024-11-30 20:00:00,12.4492,1,4.4898,1,35.4898,1
2024-11-30 20:30:00,12.4507,1,4.4901,1,35.4901,1
2024-11-30 21:00:00,12.4523,1,4.4905,1,35.4905,1
2024-11-30 21:30:00,12.4538,1,4.4908,1,35.4908,1
2024-11-30 22:00:00,12.4554,1,4.4911,1,35.4911,1
2024-11-30 22:30:00,12.4569,1,4.4914,1,35.4914,1
2024-11-30 23:00:00,12.4584,1,4.4917,1,35.4917,1
2024-11-30 23:30:00,12.4600,1,4.4920,1,35.4920,1
2024-12-01 00:00:00,12.4615,1,4.4923,1,35.4923,1
2024-12-01 00:30:00,12.4631,1,4.4926,1,35.4926,1
2024-12-01 01:00:00,12.4646,1,4.4929,1,35.4929,1
2024-12-01 01:30:00,12.4661,1,4.4932,1,35.4932,1
2024-12-01 02:00:00,12.4677,1,4.4935,1,35.4935,1
2024-12-01 02:30:00,12.4692,1,4.4938,1,35.4938,1
2024-12-01 03:00:00,12.4708,1,4.4942,1,35.4942,1
2024-12-01 03:30:00,12.4723,1,4.4945,1,35.4945,1
2024-12-01 04:00:00,12.4738,1,4.4948,1,35.4948,1
2024-12-01 04:30:00,12.4754,1,4.4951,1,35.4951,1
2024-12-01 05:00:00,12.4769,1,4.4954,1,35.4954,1
2024-12-01 05:30:00,12.4785,1,4.4957,1,35.4957,1
2024-12-01 06:00:00,12.4800,1,4.4960,1,35.4960,1
2024-12-01 06:30:00,12.4816,1,4.4963,1,35.4963,1
2024-12-01 07:00:00,12.4831,1,4.4966,1,35.4966,1
2024-12-01 07:30:00,12.4847,1,4.4969,1,35.4969,1
2024-12-01 08:00:00,12.4862,1,4.4972,1,35.4972,1
2024-12-01 08:30:00,12.4878,1,4.4976,1,35.4976,1
2024-12-01 09:00:00,12.4893,1,4.4979,1,35.4979,1
2024-12-01 09:30:00,12.4908,1,4.4982,1,35.4982,1
2024-12-01 10:00:00,12.4924,1,4.4985,1,35.4985,1
2024-12-01 10:30:00,12.4939,1,4.4988,1,35.4988,1
2024-12-01 11:00:00,12.4955,1,4.4991,1,35.4991,1
2024-12-01 11:30:00,12.4970,1,4.4994,1,35.4994,1
2024-12-01 12:00:00,12.4986,1,4.4997,1,35.4997,1
2024-12-01 12:30:00,12.5001,1,4.5000,1,35.5000,1
2024-12-01 13:00:00,12.5017,1,4.5003,1,35.5003,1
2024-12-01 13:30:00,12.5032,1,4.5006,1,35.5006,1
2024-12-01 14:00:00,12.5048,1,4.5010,1,35.5010,1
2024-12-01 14:30:00,12.5063,1,4.5013,1,35.5013,1
2024-12-01 15:00:00,12.5079,1,4.5016,1,35.5016,1
2024-12-01 15:30:00,12.5094,1,4.5019,1,35.5019,1
2024-12-01 16:00:00,12.5110,1,4.5022,1,35.5022,1
2024-12-01 16:30:00,12.5125,1,4.5025,1,35.5025,1
2024-12-01 17:00:00,12.5141,1,4.5028,1,35.5028,1
2024-12-01 17:30:00,12.5156,1,4.5031,1,35.5031,1
2024-12-01 18:00:00,12.5172,1,4.5034,1,35.5034,1
2024-12-01 18:30:00,12.5187,1,4.5037,1,35.5037,1
2024-12-01 19:00:00,12.5203,1,4.5041,1,35.5041,1
2024-12-01 19:30:00,12.5218,1,4.5044,1,35.5044,1
2024-12-01 20:00:00,12.5234,1,4.5047,1,35.5047,1
2024-12-01 20:30:00,12.5249,1,4.5050,1,35.5050,1
2024-12-01 21:00:00,12.5265,1,4.5053,1,35.5053,1
2024-12-01 21:30:00,12.5281,1,4.5056,1,35.5056,1
2024-12-01 22:00:00,12.5296,1,4.5059,1,35.5059,1
2024-12-01 22:30:00,12.5312,1,4.5062,1,35.5062,1
2024-12-01 23:00:00,12.5327,1,4.5065,1,35.5065,1
2024-12-01 23:30:00,12.5343,1,4.5069,1,35.5069,1
2024-12-02 00:00:00,12.5358,1,4.5072,1,35.5072,1
2024-12-02 00:30:00,12.5374,1,4.5075,1,35.5075,1
2024-12-02 01:00:00,12.5389,1,4.5078,1,35.5078,1
2024-12-02 01:30:00,12.5405,1,4.5081,1,35.5081,1
2024-12-02 02:00:00,12.5421,1,4.5084,1,35.5084,1
2024-12-02 02:30:00,12.5436,1,4.5087,1,35.5087,1
2024-12-02 03:00:00,12.5452,1,4.5090,1,35.5090,1
2024-12-02 03:30:00,12.5467,1,4.5093,1,35.5093,1
2024-12-02 04:00:00,12.5483,1,4.5097,1,35.5097,1
2024-12-02 04:30:00,12.5498,1,4.5100,1,35.5100,1
2024-12-02 05:00:00,12.5514,1,4.5103,1,35.5103,1
2024-12-02 05:30:00,12.5530,1,4.5106,1,35.5106,1
2024-12-02 06:00:00,12.5545,1,4.5109,1,35.5109,1
2024-12-02 06:30:00,12.5561,1,4.5112,1,35.5112,1
2024-12-02 07:00:00,12.5576,1,4.5115,1,35.5115,1
2024-12-02 07:30:00,12.5592,1,4.5118,1,35.5118,1
2024-12-02 08:00:00,12.5608,1,4.5122,1,35.5122,1
2024-12-02 08:30:00,12.5623,1,4.5125,1,35.5125,1
2024-12-02 09:00:00,12.5639,1,4.5128,1,35.5128,1
2024-12-02 09:30:00,12.5655,1,4.5131,1,35.5131,1
2024-12-02 10:00:00,12.5670,1,4.5134,1,35.5134,1
2024-12-02 10:30:00,12.5686,1,4.5137,1,35.5137,1
2024-12-02 11:00:00,12.5701,1,4.5140,1,35.5140,1
2024-12-02 11:30:00,12.5717,1,4.5143,1,35.5143,1
2024-12-02 12:00:00,12.5733,1,4.5147,1,35.5147,1
2024-12-02 12:30:00,12.5748,1,4.5150,1,35.5150,1
2024-12-02 13:00:00,12.5764,1,4.5153,1,35.5153,1
2024-12-02 13:30:00,12.5780,1,4.5156,1,35.5156,1
2024-12-02 14:00:00,12.5795,1,4.5159,1,35.5159,1
2024-12-02 14:30:00,12.5811,1,4.5162,1,35.5162,1
2024-12-02 15:00:00,12.5826,1,4.5165,1,35.5165,1
2024-12-02 15:30:00,12.5842,1,4.5168,1,35.5168,1
2024-12-02 16:00:00,12.5858,1,4.5172,1,35.5172,1
2024-12-02 16:30:00,12.5873,1,4.5175,1,35.5175,1
2024-12-02 17:00:00,12.5889,1,4.5178,1,35.5178,1
2024-12-02 17:30:00,12.5905,1,4.5181,1,35.5181,1
2024-12-02 18:00:00,12.5920,1,4.5184,1,35.5184,1
2024-12-02 18:30:00,12.5936,1,4.5187,1,35.5187,1
2024-12-02 19:00:00,12.5952,1,4.5190,1,35.5190,1
2024-12-02 19:30:00,12.5967,1,4.5193,1,35.5193,1
2024-12-02 20:00:00,12.5983,1,4.5197,1,35.5197,1
2024-12-02 20:30:00,12.5999,1,4.5200,1,35.5200,1
2024-12-02 21:00:00,12.6015,1,4.5203,1,35.5203,1
2024-12-02 21:30:00,12.6030,1,4.5206,1,35.5206,1
2024-12-02 22:00:00,12.6046,1,4.5209,1,35.5209,1
2024-12-02 22:30:00,12.6062,1,4.5212,1,35.5212,1
2024-12-02 23:00:00,12.6077,1,4.5215,1,35.5215,1
2024-12-02 23:30:00,12.6093,1,4.5219,1,35.5219,1
2024-12-03 00:00:00,12.6109,1,4.5222,1,35.5222,1
2024-12-03 00:30:00,12.6124,1,4.5225,1,35.5225,1
2024-12-03 01:00:00,12.6140,1,4.5228,1,35.5228,1
2024-12-03 01:30:00,12.6156,1,4.5231,1,35.5231,1
2024-12-03 02:00:00,12.6172,1,4.5234,1,35.5234,1
2024-12-03 02:30:00,12.6187,1,4.5237,1,35.5237,1
2024-12-03 03:00:00,12.6203,1,4.5241,1,35.5241,1
2024-12-03 03:30:00,12.6219,1,4.5244,1,35.5244,1
2024-12-03 04:00:00,12.6235,1,4.5247,1,35.5247,1
2024-12-03 04:30:00,12.6250,1,4.5250,1,35.5250,1
2024-12-03 05:00:00,12.6266,1,4.5253,1,35.5253,1
2024-12-03 05:30:00,12.6282,1,4.5256,1,35.5256,1
2024-12-03 06:00:00,12.6297,1,4.5259,1,35.5259,1
2024-12-03 06:30:00,12.6313,1,4.5263,1,35.5263,1
2024-12-03 07:00:00,12.6329,1,4.5266,1,35.5266,1
2024-12-03 07:30:00,12.6345,1,4.5269,1,35.5269,1
2024-12-03 08:00:00,12.6360,1,4.5272,1,35.5272,1
2024-12-03 08:30:00,12.6376,1,4.5275,1,35.5275,1
2024-12-03 09:00:00,12.6392,1,4.5278,1,35.5278,1
2024-12-03 09:30:00,12.6408,1,4.5282,1,35.5282,1
2024-12-03 10:00:00,12.6424,1,4.5285,1,35.5285,1
2024-12-03 10:30:00,12.6439,1,4.5288,1,35.5288,1
2024-12-03 11:00:00,12.6455,1,4.5291,1,35.5291,1
2024-12-03 11:30:00,12.6471,1,4.5294,1,35.5294,1
2024-12-03 12:00:00,12.6487,1,4.5297,1,35.5297,1
2024-12-03 12:30:00,12.6502,1,4.5300,1,35.5300,1
2024-12-03 13:00:00,12.6518,1,4.5304,1,35.5304,1
2024-12-03 13:30:00,12.6534,1,4.5307,1,35.5307,1
2024-12-03 14:00:00,12.6550,1,4.5310,1,35.5310,1
2024-12-03 14:30:00,12.6566,1,4.5313,1,35.5313,1
2024-12-03 15:00:00,12.6581,1,4.5316,1,35.5316,1
2024-12-03 15:30:00,12.6597,1,4.5319,1,35.5319,1
2024-12-03 16:00:00,12.6613,1,4.5323,1,35.5323,1
2024-12-03 16:30:00,12.6629,1,4.5326,1,35.5326,1
2024-12-03 17:00:00,12.6645,1,4.5329,1,35.5329,1
2024-12-03 17:30:00,12.6660,1,4.5332,1,35.5332,1
2024-12-03 18:00:00,12.6676,1,4.5335,1,35.5335,1
2024-12-03 18:30:00,12.6692,1,4.5338,1,35.5338,1
2024-12-03 19:00:00,12.6708,1,4.5342,1,35.5342,1
2024-12-03 19:30:00,12.6724,1,4.5345,1,35.5345,1
2024-12-03 20:00:00,12.6739,1,4.5348,1,35.5348,1
2024-12-03 20:30:00,12.6755,1,4.5351,1,35.5351,1
2024-12-03 21:00:00,12.6771,1,4.5354,1,35.5354,1
2024-12-03 21:30:00,12.6787,1,4.5357,1,35.5357,1
2024-12-03 22:00:00,12.6803,1,4.5361,1,35.5361,1
2024-12-03 22:30:00,12.6819,1,4.5364,1,35.5364,1
2024-12-03 23:00:00,12.6835,1,4.5367,1,35.5367,1
2024-12-03 23:30:00,12.6850,1,4.5370,1,35.5370,1
2024-12-04 00:00:00,12.6866,1,4.5373,1,35.5373,1
2024-12-04 00:30:00,12.6882,1,4.5376,1,35.5376,1
2024-12-04 01:00:00,12.6898,1,4.5380,1,35.5380,1
2024-12-04 01:30:00,12.6914,1,4.5383,1,35.5383,1
2024-12-04 02:00:00,12.6930,1,4.5386,1,35.5386,1
2024-12-04 02:30:00,12.6946,1,4.5389,1,35.5389,1
2024-12-04 03:00:00,12.6961,1,4.5392,1,35.5392,1
2024-12-04 03:30:00,12.6977,1,4.5395,1,35.5395,1
2024-12-04 04:00:00,12.6993,1,4.5399,1,35.5399,1
2024-12-04 04:30:00,12.7009,1,4.5402,1,35.5402,1
2024-12-04 05:00:00,12.7025,1,4.5405,1,35.5405,1
2024-12-04 05:30:00,12.7041,1,4.5408,1,35.5408,1
2024-12-04 06:00:00,12.7057,1,4.5411,1,35.5411,1
2024-12-04 06:30:00,12.7073,1,4.5415,1,35.5415,1
2024-12-04 07:00:00,12.7088,1,4.5418,1,35.5418,1
2024-12-04 07:30:00,12.7104,1,4.5421,1,35.5421,1
2024-12-04 08:00:00,12.7120,1,4.5424,1,35.5424,1
2024-12-04 08:30:00,12.7136,1,4.5427,1,35.5427,1
2024-12-04 09:00:00,12.7152,1,4.5430,1,35.5430,1
2024-12-04 09:30:00,12.7168,1,4.5434,1,35.5434,1
2024-12-04 10:00:00,12.7184,1,4.5437,1,35.5437,1
2024-12-04 10:30:00,12.7200,1,4.5440,1,35.5440,1
2024-12-04 11:00:00,12.7216,1,4.5443,1,35.5443,1
2024-12-04 11:30:00,12.7232,1,4.5446,1,35.5446,1
2024-12-04 12:00:00,12.7248,1,4.5450,1,35.5450,1
2024-12-04 12:30:00,12.7263,1,4.5453,1,35.5453,1
2024-12-04 13:00:00,12.7279,1,4.5456,1,35.5456,1
2024-12-04 13:30:00,12.7295,1,4.5459,1,35.5459,1
2024-12-04 14:00:00,12.7311,1,4.5462,1,35.5462,1
2024-12-04 14:30:00,12.7327,1,4.5465,1,35.5465,1
2024-12-04 15:00:00,12.7343,1,4.5469,1,35.5469,1
2024-12-04 15:30:00,12.7359,1,4.5472,1,35.5472,1
2024-12-04 16:00:00,12.7375,1,4.5475,1,35.5475,1
2024-12-04 16:30:00,12.7391,1,4.5478,1,35.5478,1
2024-12-04 17:00:00,12.7407,1,4.5481,1,35.5481,1
2024-12-04 17:30:00,12.7423,1,4.5485,1,35.5485,1
2024-12-04 18:00:00,12.7439,1,4.5488,1,35.5488,1
2024-12-04 18:30:00,12.7455,1,4.5491,1,35.5491,1
2024-12-04 19:00:00,12.7471,1,4.5494,1,35.5494,1
2024-12-04 19:30:00,12.7487,1,4.5497,1,35.5497,1
2024-12-04 20:00:00,12.7503,1,4.5501,1,35.5501,1
2024-12-04 20:30:00,12.7519,1,4.5504,1,35.5504,1
2024-12-04 21:00:00,12.7535,1,4.5507,1,35.5507,1
2024-12-04 21:30:00,12.7551,1,4.5510,1,35.5510,1
2024-12-04 22:00:00,12.7567,1,4.5513,1,35.5513,1
2024-12-04 22:30:00,12.7583,1,4.5517,1,35.5517,1
2024-12-04 23:00:00,12.7599,1,4.5520,1,35.5520,1
2024-12-04 23:30:00,12.7615,1,4.5523,1,35.5523,1
2024-12-05 00:00:00,12.7630,1,4.5526,1,35.5526,1
2024-12-05 00:30:00,12.7646,1,4.5529,1,35.5529,1
2024-12-05 01:00:00,12.7662,1,4.5532,1,35.5532,1
2024-12-05 01:30:00,12.7678,1,4.5536,1,35.5536,1
2024-12-05 02:00:00,12.7694,1,4.5539,1,35.5539,1
2024-12-05 02:30:00,12.7710,1,4.5542,1,35.5542,1
2024-12-05 03:00:00,12.7727,1,4.5545,1,35.5545,1
2024-12-05 03:30:00,12.7743,1,4.5549,1,35.5549,1
2024-12-05 04:00:00,12.7759,1,4.5552,1,35.5552,1
2024-12-05 04:30:00,12.7775,1,4.5555,1,35.5555,1
2024-12-05 05:00:00,12.7791,1,4.5558,1,35.5558,1
2024-12-05 05:30:00,12.7807,1,4.5561,1,35.5561,1
2024-12-05 06:00:00,12.7823,1,4.5565,1,35.5565,1
2024-12-05 06:30:00,12.7839,1,4.5568,1,35.5568,1
2024-12-05 07:00:00,12.7855,1,4.5571,1,35.5571,1
2024-12-05 07:30:00,12.7871,1,4.5574,1,35.5574,1
2024-12-05 08:00:00,12.7887,1,4.5577,1,35.5577,1
2024-12-05 08:30:00,12.7903,1,4.5581,1,35.5581,1
2024-12-05 09:00:00,12.7919,1,4.5584,1,35.5584,1
2024-12-05 09:30:00,12.7935,1,4.5587,1,35.5587,1
2024-12-05 10:00:00,12.7951,1,4.5590,1,35.5590,1
2024-12-05 10:30:00,12.7967,1,4.5593,1,35.5593,1
2024-12-05 11:00:00,12.7983,1,4.5597,1,35.5597,1
2024-12-05 11:30:00,12.7999,1,4.5600,1,35.5600,1
2024-12-05 12:00:00,12.8015,1,4.5603,1,35.5603,1
2024-12-05 12:30:00,12.8031,1,4.5606,1,35.5606,1
2024-12-05 13:00:00,12.8047,1,4.5609,1,35.5609,1
2024-12-05 13:30:00,12.8063,1,4.5613,1,35.5613,1
2024-12-05 14:00:00,12.8079,1,4.5616,1,35.5616,1
2024-12-05 14:30:00,12.8095,1,4.5619,1,35.5619,1
2024-12-05 15:00:00,12.8112,1,4.5622,1,35.5622,1
2024-12-05 15:30:00,12.8128,1,4.5626,1,35.5626,1
2024-12-05 16:00:00,12.8144,1,4.5629,1,35.5629,1
2024-12-05 16:30:00,12.8160,1,4.5632,1,35.5632,1
2024-12-05 17:00:00,12.8176,1,4.5635,1,35.5635,1
2024-12-05 17:30:00,12.8192,1,4.5638,1,35.5638,1
2024-12-05 18:00:00,12.8208,1,4.5642,1,35.5642,1
2024-12-05 18:30:00,12.8224,1,4.5645,1,35.5645,1
2024-12-05 19:00:00,12.8240,1,4.5648,1,35.5648,1
2024-12-05 19:30:00,12.8256,1,4.5651,1,35.5651,1
2024-12-05 20:00:00,12.8272,1,4.5654,1,35.5654,1
2024-12-05 20:30:00,12.8289,1,4.5658,1,35.5658,1
2024-12-05 21:00:00,12.8305,1,4.5661,1,35.5661,1
2024-12-05 21:30:00,12.8321,1,4.5664,1,35.5664,1
2024-12-05 22:00:00,12.8337,1,4.5667,1,35.5667,1
2024-12-05 22:30:00,12.8353,1,4.5671,1,35.5671,1
2024-12-05 23:00:00,12.8369,1,4.5674,1,35.5674,1
2024-12-05 23:30:00,12.8385,1,4.5677,1,35.5677,1
2024-12-06 00:00:00,12.8401,1,4.5680,1,35.5680,1
2024-12-06 00:30:00,12.8418,1,4.5684,1,35.5684,1
2024-12-06 01:00:00,12.8434,1,4.5687,1,35.5687,1
2024-12-06 01:30:00,12.8450,1,4.5690,1,35.5690,1
2024-12-06 02:00:00,12.8466,1,4.5693,1,35.5693,1
2024-12-06 02:30:00,12.8482,1,4.5696,1,35.5696,1
2024-12-06 03:00:00,12.8498,1,4.5700,1,35.5700,1
2024-12-06 03:30:00,12.8514,1,4.5703,1,35.5703,1
2024-12-06 04:00:00,12.8530,1,4.5706,1,35.5706,1
2024-12-06 04:30:00,12.8547,1,4.5709,1,35.5709,1
2024-12-06 05:00:00,12.8563,1,4.5713,1,35.5713,1
2024-12-06 05:30:00,12.8579,1,4.5716,1,35.5716,1
2024-12-06 06:00:00,12.8595,1,4.5719,1,35.5719,1
2024-12-06 06:30:00,12.8611,1,4.5722,1,35.5722,1
2024-12-06 07:00:00,12.8627,1,4.5725,1,35.5725,1
2024-12-06 07:30:00,12.8644,1,4.5729,1,35.5729,1
2024-12-06 08:00:00,12.8660,1,4.5732,1,35.5732,1
2024-12-06 08:30:00,12.8676,1,4.5735,1,35.5735,1
2024-12-06 09:00:00,12.8692,1,4.5738,1,35.5738,1
2024-12-06 09:30:00,12.8708,1,4.5742,1,35.5742,1
2024-12-06 10:00:00,12.8724,1,4.5745,1,35.5745,1
2024-12-06 10:30:00,12.8741,1,4.5748,1,35.5748,1
2024-12-06 11:00:00,12.8757,1,4.5751,1,35.5751,1
2024-12-06 11:30:00,12.8773,1,4.5755,1,35.5755,1
2024-12-06 12:00:00,12.8789,1,4.5758,1,35.5758,1
2024-12-06 12:30:00,12.8805,1,4.5761,1,35.5761,1
2024-12-06 13:00:00,12.8822,1,4.5764,1,35.5764,1
2024-12-06 13:30:00,12.8838,1,4.5768,1,35.5768,1
2024-12-06 14:00:00,12.8854,1,4.5771,1,35.5771,1
2024-12-06 14:30:00,12.8870,1,4.5774,1,35.5774,1
2024-12-06 15:00:00,12.8886,1,4.5777,1,35.5777,1
2024-12-06 15:30:00,12.8903,1,4.5781,1,35.5781,1
2024-12-06 16:00:00,12.8919,1,4.5784,1,35.5784,1
2024-12-06 16:30:00,12.8935,1,4.5787,1,35.5787,1
2024-12-06 17:00:00,12.8951,1,4.5790,1,35.5790,1
2024-12-06 17:30:00,12.8967,1,4.5793,1,35.5793,1
2024-12-06 18:00:00,12.8984,1,4.5797,1,35.5797,1
2024-12-06 18:30:00,12.9000,1,4.5800,1,35.5800,1
2024-12-06 19:00:00,12.9016,1,4.5803,1,35.5803,1
2024-12-06 19:30:00,12.9032,1,4.5806,1,35.5806,1
2024-12-06 20:00:00,12.9049,1,4.5810,1,35.5810,1
2024-12-06 20:30:00,12.9065,1,4.5813,1,35.5813,1
2024-12-06 21:00:00,12.9081,1,4.5816,1,35.5816,1
2024-12-06 21:30:00,12.9097,1,4.5819,1,35.5819,1
2024-12-06 22:00:00,12.9114,1,4.5823,1,35.5823,1
2024-12-06 22:30:00,12.9130,1,4.5826,1,35.5826,1
2024-12-06 23:00:00,12.9146,1,4.5829,1,35.5829,1
2024-12-06 23:30:00,12.9162,1,4.5832,1,35.5832,1
2024-12-07 00:00:00,12.9179,1,4.5836,1,35.5836,1
2024-12-07 00:30:00,12.9195,1,4.5839,1,35.5839,1
2024-12-07 01:00:00,12.9211,1,4.5842,1,35.5842,1
2024-12-07 01:30:00,12.9227,1,4.5845,1,35.5845,1
2024-12-07 02:00:00,12.9244,1,4.5849,1,35.5849,1
2024-12-07 02:30:00,12.9260,1,4.5852,1,35.5852,1
2024-12-07 03:00:00,12.9276,1,4.5855,1,35.5855,1
2024-12-07 03:30:00,12.9292,1,4.5858,1,35.5858,1
2024-12-07 04:00:00,12.9309,1,4.5862,1,35.5862,1
2024-12-07 04:30:00,12.9325,1,4.5865,1,35.5865,1
2024-12-07 05:00:00,12.9341,1,4.5868,1,35.5868,1
2024-12-07 05:30:00,12.9358,1,4.5872,1,35.5872,1
2024-12-07 06:00:00,12.9374,1,4.5875,1,35.5875,1
2024-12-07 06:30:00,12.9390,1,4.5878,1,35.5878,1
2024-12-07 07:00:00,12.9406,1,4.5881,1,35.5881,1
2024-12-07 07:30:00,12.9423,1,4.5885,1,35.5885,1
2024-12-07 08:00:00,12.9439,1,4.5888,1,35.5888,1
2024-12-07 08:30:00,12.9455,1,4.5891,1,35.5891,1
2024-12-07 09:00:00,12.9472,1,4.5894,1,35.5894,1
2024-12-07 09:30:00,12.9488,1,4.5898,1,35.5898,1
2024-12-07 10:00:00,12.9504,1,4.5901,1,35.5901,1
2024-12-07 10:30:00,12.9521,1,4.5904,1,35.5904,1
2024-12-07 11:00:00,12.9537,1,4.5907,1,35.5907,1
2024-12-07 11:30:00,12.9553,1,4.5911,1,35.5911,1
2024-12-07 12:00:00,12.9570,1,4.5914,1,35.5914,1
2024-12-07 12:30:00,12.9586,1,4.5917,1,35.5917,1
2024-12-07 13:00:00,12.9602,1,4.5920,1,35.5920,1
2024-12-07 13:30:00,12.9619,1,4.5924,1,35.5924,1
2024-12-07 14:00:00,12.9635,1,4.5927,1,35.5927,1
2024-12-07 14:30:00,12.9651,1,4.5930,1,35.5930,1
2024-12-07 15:00:00,12.9668,1,4.5934,1,35.5934,1
2024-12-07 15:30:00,12.9684,1,4.5937,1,35.5937,1
2024-12-07 16:00:00,12.9700,1,4.5940,1,35.5940,1
2024-12-07 16:30:00,12.9717,1,4.5943,1,35.5943,1
2024-12-07 17:00:00,12.9733,1,4.5947,1,35.5947,1
2024-12-07 17:30:00,12.9749,1,4.5950,1,35.5950,1
2024-12-07 18:00:00,12.9766,1,4.5953,1,35.5953,1
2024-12-07 18:30:00,12.9782,1,4.5956,1,35.5956,1
2024-12-07 19:00:00,12.9798,1,4.5960,1,35.5960,1
2024-12-07 19:30:00,12.9815,1,4.5963,1,35.5963,1
2024-12-07 20:00:00,12.9831,1,4.5966,1,35.5966,1
2024-12-07 20:30:00,12.9847,1,4.5969,1,35.5969,1
2024-12-07 21:00:00,12.9864,1,4.5973,1,35.5973,1
2024-12-07 21:30:00,12.9880,1,4.5976,1,35.5976,1
2024-12-07 22:00:00,12.9896,1,4.5979,1,35.5979,1
2024-12-07 22:30:00,12.9913,1,4.5983,1,35.5983,1
2024-12-07 23:00:00,12.9929,1,4.5986,1,35.5986,1
2024-12-07 23:30:00,12.9946,1,4.5989,1,35.5989,1
2024-12-08 00:00:00,12.9962,1,4.5992,1,35.5992,1
2024-12-08 00:30:00,12.9978,1,4.5996,1,35.5996,1
2024-12-08 01:00:00,12.9995,1,4.5999,1,35.5999,1
2024-12-08 01:30:00,13.0011,1,4.6002,1,35.6002,1
2024-12-08 02:00:00,13.0028,1,4.6006,1,35.6006,1
2024-12-08 02:30:00,13.0044,1,4.6009,1,35.6009,1
2024-12-08 03:00:00,13.0060,1,4.6012,1,35.6012,1
2024-12-08 03:30:00,13.0077,1,4.6015,1,35.6015,1
2024-12-08 04:00:00,13.0093,1,4.6019,1,35.6019,1
2024-12-08 04:30:00,13.0110,1,4.6022,1,35.6022,1
2024-12-08 05:00:00,13.0126,1,4.6025,1,35.6025,1
2024-12-08 05:30:00,13.0142,1,4.6028,1,35.6028,1
2024-12-08 06:00:00,13.0159,1,4.6032,1,35.6032,1
2024-12-08 06:30:00,13.0175,1,4.6035,1,35.6035,1
2024-12-08 07:00:00,13.0192,1,4.6038,1,35.6038,1
2024-12-08 07:30:00,13.0208,1,4.6042,1,35.6042,1
2024-12-08 08:00:00,13.0224,1,4.6045,1,35.6045,1
2024-12-08 08:30:00,13.0241,1,4.6048,1,35.6048,1
2024-12-08 09:00:00,13.0257,1,4.6051,1,35.6051,1
2024-12-08 09:30:00,13.0274,1,4.6055,1,35.6055,1
2024-12-08 10:00:00,13.0290,1,4.6058,1,35.6058,1
2024-12-08 10:30:00,13.0307,1,4.6061,1,35.6061,1
2024-12-08 11:00:00,13.0323,1,4.6065,1,35.6065,1
2024-12-08 11:30:00,13.0339,1,4.6068,1,35.6068,1
2024-12-08 12:00:00,13.0356,1,4.6071,1,35.6071,1
2024-12-08 12:30:00,13.0372,1,4.6074,1,35.6074,1
2024-12-08 13:00:00,13.0389,1,4.6078,1,35.6078,1
2024-12-08 13:30:00,13.0405,1,4.6081,1,35.6081,1
2024-12-08 14:00:00,13.0422,1,4.6084,1,35.6084,1
2024-12-08 14:30:00,13.0438,1,4.6088,1,35.6088,1
2024-12-08 15:00:00,13.0455,1,4.6091,1,35.6091,1
2024-12-08 15:30:00,13.0471,1,4.6094,1,35.6094,1
2024-12-08 16:00:00,13.0488,1,4.6098,1,35.6098,1
2024-12-08 16:30:00,13.0504,1,4.6101,1,35.6101,1
2024-12-08 17:00:00,13.0520,1,4.6104,1,35.6104,1
2024-12-08 17:30:00,13.0537,1,4.6107,1,35.6107,1
2024-12-08 18:00:00,13.0553,1,4.6111,1,35.6111,1
2024-12-08 18:30:00,13.0570,1,4.6114,1,35.6114,1
2024-12-08 19:00:00,13.0586,1,4.6117,1,35.6117,1
2024-12-08 19:30:00,13.0603,1,4.6121,1,35.6121,1
2024-12-08 20:00:00,13.0619,1,4.6124,1,35.6124,1
2024-12-08 20:30:00,13.0636,1,4.6127,1,35.6127,1
2024-12-08 21:00:00,13.0652,1,4.6130,1,35.6130,1
2024-12-08 21:30:00,13.0669,1,4.6134,1,35.6134,1
2024-12-08 22:00:00,13.0685,1,4.6137,1,35.6137,1
2024-12-08 22:30:00,13.0702,1,4.6140,1,35.6140,1
2024-12-08 23:00:00,13.0718,1,4.6144,1,35.6144,1
2024-12-08 23:30:00,13.0735,1,4.6147,1,35.6147,1
2024-12-09 00:00:00,13.0751,1,4.6150,1,35.6150,1
2024-12-09 00:30:00,13.0768,1,4.6154,1,35.6154,1
2024-12-09 01:00:00,13.0784,1,4.6157,1,35.6157,1
2024-12-09 01:30:00,13.0801,1,4.6160,1,35.6160,1
2024-12-09 02:00:00,13.0817,1,4.6163,1,35.6163,1
2024-12-09 02:30:00,13.0834,1,4.6167,1,35.6167,1
2024-12-09 03:00:00,13.0850,1,4.6170,1,35.6170,1
2024-12-09 03:30:00,13.0867,1,4.6173,1,35.6173,1
2024-12-09 04:00:00,13.0883,1,4.6177,1,35.6177,1
2024-12-09 04:30:00,13.0900,1,4.6180,1,35.6180,1
2024-12-09 05:00:00,13.0916,1,4.6183,1,35.6183,1
2024-12-09 05:30:00,13.0933,1,4.6187,1,35.6187,1
2024-12-09 06:00:00,13.0949,1,4.6190,1,35.6190,1
2024-12-09 06:30:00,13.0966,1,4.6193,1,35.6193,1
2024-12-09 07:00:00,13.0983,1,4.6197,1,35.6197,1
2024-12-09 07:30:00,13.0999,1,4.6200,1,35.6200,1
2024-12-09 08:00:00,13.1016,1,4.6203,1,35.6203,1
2024-12-09 08:30:00,13.1032,1,4.6206,1,35.6206,1
2024-12-09 09:00:00,13.1049,1,4.6210,1,35.6210,1
2024-12-09 09:30:00,13.1065,1,4.6213,1,35.6213,1
2024-12-09 10:00:00,13.1082,1,4.6216,1,35.6216,1
2024-12-09 10:30:00,13.1098,1,4.6220,1,35.6220,1
2024-12-09 11:00:00,13.1115,1,4.6223,1,35.6223,1
2024-12-09 11:30:00,13.1132,1,4.6226,1,35.6226,1
2024-12-09 12:00:00,13.1148,1,4.6230,1,35.6230,1
2024-12-09 12:30:00,13.1165,1,4.6233,1,35.6233,1
2024-12-09 13:00:00,13.1181,1,4.6236,1,35.6236,1
2024-12-09 13:30:00,13.1198,1,4.6240,1,35.6240,1
2024-12-09 14:00:00,13.1214,1,4.6243,1,35.6243,1
2024-12-09 14:30:00,13.1231,1,4.6246,1,35.6246,1
2024-12-09 15:00:00,13.1247,1,4.6249,1,35.6249,1
2024-12-09 15:30:00,13.1264,1,4.6253,1,35.6253,1
2024-12-09 16:00:00,13.1281,1,4.6256,1,35.6256,1
2024-12-09 16:30:00,13.1297,1,4.6259,1,35.6259,1
2024-12-09 17:00:00,13.1314,1,4.6263,1,35.6263,1
2024-12-09 17:30:00,13.1330,1,4.6266,1,35.6266,1
2024-12-09 18:00:00,13.1347,1,4.6269,1,35.6269,1
2024-12-09 18:30:00,13.1364,1,4.6273,1,35.6273,1
2024-12-09 19:00:00,13.1380,1,4.6276,1,35.6276,1
2024-12-09 19:30:00,13.1397,1,4.6279,1,35.6279,1
2024-12-09 20:00:00,13.1413,1,4.6283,1,35.6283,1
2024-12-09 20:30:00,13.1430,1,4.6286,1,35.6286,1
2024-12-09 21:00:00,13.1447,1,4.6289,1,35.6289,1
2024-12-09 21:30:00,13.1463,1,4.6293,1,35.6293,1
2024-12-09 22:00:00,13.1480,1,4.6296,1,35.6296,1
2024-12-09 22:30:00,13.1496,1,4.6299,1,35.6299,1
2024-12-09 23:00:00,13.1513,1,4.6303,1,35.6303,1
2024-12-09 23:30:00,13.1530,1,4.6306,1,35.6306,1
2024-12-10 00:00:00,13.1546,1,4.6309,1,35.6309,1
2024-12-10 00:30:00,13.1563,1,4.6313,1,35.6313,1
2024-12-10 01:00:00,13.1579,1,4.6316,1,35.6316,1
2024-12-10 01:30:00,13.1596,1,4.6319,1,35.6319,1
2024-12-10 02:00:00,13.1613,1,4.6323,1,35.6323,1
2024-12-10 02:30:00,13.1629,1,4.6326,1,35.6326,1
2024-12-10 03:00:00,13.1646,1,4.6329,1,35.6329,1
2024-12-10 03:30:00,13.1663,1,4.6333,1,35.6333,1
2024-12-10 04:00:00,13.1679,1,4.6336,1,35.6336,1
2024-12-10 04:30:00,13.1696,1,4.6339,1,35.6339,1
2024-12-10 05:00:00,13.1713,1,4.6343,1,35.6343,1
2024-12-10 05:30:00,13.1729,1,4.6346,1,35.6346,1
2024-12-10 06:00:00,13.1746,1,4.6349,1,35.6349,1
2024-12-10 06:30:00,13.1762,1,4.6352,1,35.6352,1
2024-12-10 07:00:00,13.1779,1,4.6356,1,35.6356,1
2024-12-10 07:30:00,13.1796,1,4.6359,1,35.6359,1
2024-12-10 08:00:00,13.1812,1,4.6362,1,35.6362,1
2024-12-10 08:30:00,13.1829,1,4.6366,1,35.6366,1
2024-12-10 09:00:00,13.1846,1,4.6369,1,35.6369,1
2024-12-10 09:30:00,13.1862,1,4.6372,1,35.6372,1
2024-12-10 10:00:00,13.1879,1,4.6376,1,35.6376,1
2024-12-10 10:30:00,13.1896,1,4.6379,1,35.6379,1
2024-12-10 11:00:00,13.1912,1,4.6382,1,35.6382,1
2024-12-10 11:30:00,13.1929,1,4.6386,1,35.6386,1
2024-12-10 12:00:00,13.1946,1,4.6389,1,35.6389,1
2024-12-10 12:30:00,13.1962,1,4.6392,1,35.6392,1
2024-12-10 13:00:00,13.1979,1,4.6396,1,35.6396,1
2024-12-10 13:30:00,13.1996,1,4.6399,1,35.6399,1
2024-12-10 14:00:00,13.2012,1,4.6402,1,35.6402,1
2024-12-10 14:30:00,13.2029,1,4.6406,1,35.6406,1
2024-12-10 15:00:00,13.2046,1,4.6409,1,35.6409,1
2024-12-10 15:30:00,13.2063,1,4.6413,1,35.6413,1
2024-12-10 16:00:00,13.2079,1,4.6416,1,35.6416,1
2024-12-10 16:30:00,13.2096,1,4.6419,1,35.6419,1
2024-12-10 17:00:00,13.2113,1,4.6423,1,35.6423,1
2024-12-10 17:30:00,13.2129,1,4.6426,1,35.6426,1
2024-12-10 18:00:00,13.2146,1,4.6429,1,35.6429,1
2024-12-10 18:30:00,13.2163,1,4.6433,1,35.6433,1
2024-12-10 19:00:00,13.2179,1,4.6436,1,35.6436,1
2024-12-10 19:30:00,13.2196,1,4.6439,1,35.6439,1
2024-12-10 20:00:00,13.2213,1,4.6443,1,35.6443,1
2024-12-10 20:30:00,13.2230,1,4.6446,1,35.6446,1
2024-12-10 21:00:00,13.2246,1,4.6449,1,35.6449,1
2024-12-10 21:30:00,13.2263,1,4.6453,1,35.6453,1
2024-12-10 22:00:00,13.2280,1,4.6456,1,35.6456,1
2024-12-10 22:30:00,13.2296,1,4.6459,1,35.6459,1
2024-12-10 23:00:00,13.2313,1,4.6463,1,35.6463,1
2024-12-10 23:30:00,13.2330,1,4.6466,1,35.6466,1
2024-12-11 00:00:00,13.2347,1,4.6469,1,35.6469,1
2024-12-11 00:30:00,13.2363,1,4.6473,1,35.6473,1
2024-12-11 01:00:00,13.2380,1,4.6476,1,35.6476,1
2024-12-11 01:30:00,13.2397,1,4.6479,1,35.6479,1
2024-12-11 02:00:00,13.2414,1,4.6483,1,35.6483,1
2024-12-11 02:30:00,13.2430,1,4.6486,1,35.6486,1
2024-12-11 03:00:00,13.2447,1,4.6489,1,35.6489,1
2024-12-11 03:30:00,13.2464,1,4.6493,1,35.6493,1
2024-12-11 04:00:00,13.2481,1,4.6496,1,35.6496,1
2024-12-11 04:30:00,13.2497,1,4.6499,1,35.6499,1
2024-12-11 05:00:00,13.2514,1,4.6503,1,35.6503,1
2024-12-11 05:30:00,13.2531,1,4.6506,1,35.6506,1
2024-12-11 06:00:00,13.2548,1,4.6510,1,35.6510,1
2024-12-11 06:30:00,13.2564,1,4.6513,1,35.6513,1
2024-12-11 07:00:00,13.2581,1,4.6516,1,35.6516,1
2024-12-11 07:30:00,13.2598,1,4.6520,1,35.6520,1
2024-12-11 08:00:00,13.2615,1,4.6523,1,35.6523,1
2024-12-11 08:30:00,13.2631,1,4.6526,1,35.6526,1
2024-12-11 09:00:00,13.2648,1,4.6530,1,35.6530,1
2024-12-11 09:30:00,13.2665,1,4.6533,1,35.6533,1
2024-12-11 10:00:00,13.2682,1,4.6536,1,35.6536,1
2024-12-11 10:30:00,13.2698,1,4.6540,1,35.6540,1
2024-12-11 11:00:00,13.2715,1,4.6543,1,35.6543,1
2024-12-11 11:30:00,13.2732,1,4.6546,1,35.6546,1
2024-12-11 12:00:00,13.2749,1,4.6550,1,35.6550,1
2024-12-11 12:30:00,13.2766,1,4.6553,1,35.6553,1
2024-12-11 13:00:00,13.2782,1,4.6556,1,35.6556,1
2024-12-11 13:30:00,13.2799,1,4.6560,1,35.6560,1
2024-12-11 14:00:00,13.2816,1,4.6563,1,35.6563,1
2024-12-11 14:30:00,13.2833,1,4.6567,1,35.6567,1
2024-12-11 15:00:00,13.2850,1,4.6570,1,35.6570,1
2024-12-11 15:30:00,13.2866,1,4.6573,1,35.6573,1
2024-12-11 16:00:00,13.2883,1,4.6577,1,35.6577,1
2024-12-11 16:30:00,13.2900,1,4.6580,1,35.6580,1
2024-12-11 17:00:00,13.2917,1,4.6583,1,35.6583,1
2024-12-11 17:30:00,13.2934,1,4.6587,1,35.6587,1
2024-12-11 18:00:00,13.2950,1,4.6590,1,35.6590,1
2024-12-11 18:30:00,13.2967,1,4.6593,1,35.6593,1
2024-12-11 19:00:00,13.2984,1,4.6597,1,35.6597,1
2024-12-11 19:30:00,13.3001,1,4.6600,1,35.6600,1
2024-12-11 20:00:00,13.3018,1,4.6604,1,35.6604,1
2024-12-11 20:30:00,13.3034,1,4.6607,1,35.6607,1
2024-12-11 21:00:00,13.3051,1,4.6610,1,35.6610,1
2024-12-11 21:30:00,13.3068,1,4.6614,1,35.6614,1
2024-12-11 22:00:00,13.3085,1,4.6617,1,35.6617,1
2024-12-11 22:30:00,13.3102,1,4.6620,1,35.6620,1
2024-12-11 23:00:00,13.3119,1,4.6624,1,35.6624,1
2024-12-11 23:30:00,13.3135,1,4.6627,1,35.6627,1
2024-12-12 00:00:00,13.3152,1,4.6630,1,35.6630,1
2024-12-12 00:30:00,13.3169,1,4.6634,1,35.6634,1
2024-12-12 01:00:00,13.3186,1,4.6637,1,35.6637,1
2024-12-12 01:30:00,13.3203,1,4.6641,1,35.6641,1
2024-12-12 02:00:00,13.3220,1,4.6644,1,35.6644,1
2024-12-12 02:30:00,13.3236,1,4.6647,1,35.6647,1
2024-12-12 03:00:00,13.3253,1,4.6651,1,35.6651,1
2024-12-12 03:30:00,13.3270,1,4.6654,1,35.6654,1
2024-12-12 04:00:00,13.3287,1,4.6657,1,35.6657,1
2024-12-12 04:30:00,13.3304,1,4.6661,1,35.6661,1
2024-12-12 05:00:00,13.3321,1,4.6664,1,35.6664,1
2024-12-12 05:30:00,13.3338,1,4.6668,1,35.6668,1
2024-12-12 06:00:00,13.3354,1,4.6671,1,35.6671,1
2024-12-12 06:30:00,13.3371,1,4.6674,1,35.6674,1
2024-12-12 07:00:00,13.3388,1,4.6678,1,35.6678,1
2024-12-12 07:30:00,13.3405,1,4.6681,1,35.6681,1
2024-12-12 08:00:00,13.3422,1,4.6684,1,35.6684,1
2024-12-12 08:30:00,13.3439,1,4.6688,1,35.6688,1
2024-12-12 09:00:00,13.3456,1,4.6691,1,35.6691,1
2024-12-12 09:30:00,13.3472,1,4.6694,1,35.6694,1
2024-12-12 10:00:00,13.3489,1,4.6698,1,35.6698,1
2024-12-12 10:30:00,13.3506,1,4.6701,1,35.6701,1
2024-12-12 11:00:00,13.3523,1,4.6705,1,35.6705,1
2024-12-12 11:30:00,13.3540,1,4.6708,1,35.6708,1
2024-12-12 12:00:00,13.3557,1,4.6711,1,35.6711,1
2024-12-12 12:30:00,13.3574,1,4.6715,1,35.6715,1
2024-12-12 13:00:00,13.3591,1,4.6718,1,35.6718,1
2024-12-12 13:30:00,13.3608,1,4.6722,1,35.6722,1
2024-12-12 14:00:00,13.3624,1,4.6725,1,35.6725,1
2024-12-12 14:30:00,13.3641,1,4.6728,1,35.6728,1
2024-12-12 15:00:00,13.3658,1,4.6732,1,35.6732,1
2024-12-12 15:30:00,13.3675,1,4.6735,1,35.6735,1
2024-12-12 16:00:00,13.3692,1,4.6738,1,35.6738,1
2024-12-12 16:30:00,13.3709,1,4.6742,1,35.6742,1
2024-12-12 17:00:00,13.3726,1,4.6745,1,35.6745,1
2024-12-12 17:30:00,13.3743,1,4.6749,1,35.6749,1
2024-12-12 18:00:00,13.3760,1,4.6752,1,35.6752,1
2024-12-12 18:30:00,13.3777,1,4.6755,1,35.6755,1
2024-12-12 19:00:00,13.3794,1,4.6759,1,35.6759,1
2024-12-12 19:30:00,13.3810,1,4.6762,1,35.6762,1
2024-12-12 20:00:00,13.3827,1,4.6765,1,35.6765,1
2024-12-12 20:30:00,13.3844,1,4.6769,1,35.6769,1
2024-12-12 21:00:00,13.3861,1,4.6772,1,35.6772,1
2024-12-12 21:30:00,13.3878,1,4.6776,1,35.6776,1
2024-12-12 22:00:00,13.3895,1,4.6779,1,35.6779,1
2024-12-12 22:30:00,13.3912,1,4.6782,1,35.6782,1
2024-12-12 23:00:00,13.3929,1,4.6786,1,35.6786,1
2024-12-12 23:30:00,13.3946,1,4.6789,1,35.6789,1
2024-12-13 00:00:00,13.3963,1,4.6793,1,35.6793,1
2024-12-13 00:30:00,13.3980,1,4.6796,1,35.6796,1
2024-12-13 01:00:00,13.3997,1,4.6799,1,35.6799,1
2024-12-13 01:30:00,13.4014,1,4.6803,1,35.6803,1
2024-12-13 02:00:00,13.4031,1,4.6806,1,35.6806,1
2024-12-13 02:30:00,13.4047,1,4.6809,1,35.6809,1
2024-12-13 03:00:00,13.4064,1,4.6813,1,35.6813,1
2024-12-13 03:30:00,13.4081,1,4.6816,1,35.6816,1
2024-12-13 04:00:00,13.4098,1,4.6820,1,35.6820,1
2024-12-13 04:30:00,13.4115,1,4.6823,1,35.6823,1
2024-12-13 05:00:00,13.4132,1,4.6826,1,35.6826,1
2024-12-13 05:30:00,13.4149,1,4.6830,1,35.6830,1
2024-12-13 06:00:00,13.4166,1,4.6833,1,35.6833,1
2024-12-13 06:30:00,13.4183,1,4.6837,1,35.6837,1
2024-12-13 07:00:00,13.4200,1,4.6840,1,35.6840,1
2024-12-13 07:30:00,13.4217,1,4.6843,1,35.6843,1
2024-12-13 08:00:00,13.4234,1,4.6847,1,35.6847,1
2024-12-13 08:30:00,13.4251,1,4.6850,1,35.6850,1
2024-12-13 09:00:00,13.4268,1,4.6854,1,35.6854,1
2024-12-13 09:30:00,13.4285,1,4.6857,1,35.6857,1
2024-12-13 10:00:00,13.4302,1,4.6860,1,35.6860,1
2024-12-13 10:30:00,13.4319,1,4.6864,1,35.6864,1
2024-12-13 11:00:00,13.4336,1,4.6867,1,35.6867,1
2024-12-13 11:30:00,13.4353,1,4.6871,1,35.6871,1
2024-12-13 12:00:00,13.4370,1,4.6874,1,35.6874,1
2024-12-13 12:30:00,13.4387,1,4.6877,1,35.6877,1
2024-12-13 13:00:00,13.4404,1,4.6881,1,35.6881,1
2024-12-13 13:30:00,13.4421,1,4.6884,1,35.6884,1
2024-12-13 14:00:00,13.4438,1,4.6888,1,35.6888,1
2024-12-13 14:30:00,13.4455,1,4.6891,1,35.6891,1
2024-12-13 15:00:00,13.4472,1,4.6894,1,35.6894,1
2024-12-13 15:30:00,13.4489,1,4.6898,1,35.6898,1
2024-12-13 16:00:00,13.4506,1,4.6901,1,35.6901,1
2024-12-13 16:30:00,13.4523,1,4.6905,1,35.6905,1
2024-12-13 17:00:00,13.4540,1,4.6908,1,35.6908,1
2024-12-13 17:30:00,13.4557,1,4.6911,1,35.6911,1
2024-12-13 18:00:00,13.4574,1,4.6915,1,35.6915,1
2024-12-13 18:30:00,13.4591,1,4.6918,1,35.6918,1
2024-12-13 19:00:00,13.4608,1,4.6922,1,35.6922,1
2024-12-13 19:30:00,13.4625,1,4.6925,1,35.6925,1
2024-12-13 20:00:00,13.4642,1,4.6928,1,35.6928,1
2024-12-13 20:30:00,13.4659,1,4.6932,1,35.6932,1
2024-12-13 21:00:00,13.4676,1,4.6935,1,35.6935,1
2024-12-13 21:30:00,13.4693,1,4.6939,1,35.6939,1
2024-12-13 22:00:00,13.4710,1,4.6942,1,35.6942,1
2024-12-13 22:30:00,13.4727,1,4.6945,1,35.6945,1
2024-12-13 23:00:00,13.4744,1,4.6949,1,35.6949,1
2024-12-13 23:30:00,13.4761,1,4.6952,1,35.6952,1
2024-12-14 00:00:00,13.4778,1,4.6956,1,35.6956,1
2024-12-14 00:30:00,13.4795,1,4.6959,1,35.6959,1
2024-12-14 01:00:00,13.4812,1,4.6962,1,35.6962,1
2024-12-14 01:30:00,13.4829,1,4.6966,1,35.6966,1
2024-12-14 02:00:00,13.4846,1,4.6969,1,35.6969,1
2024-12-14 02:30:00,13.4863,1,4.6973,1,35.6973,1
2024-12-14 03:00:00,13.4880,1,4.6976,1,35.6976,1
2024-12-14 03:30:00,13.4897,1,4.6979,1,35.6979,1
2024-12-14 04:00:00,13.4914,1,4.6983,1,35.6983,1
2024-12-14 04:30:00,13.4931,1,4.6986,1,35.6986,1
2024-12-14 05:00:00,13.4948,1,4.6990,1,35.6990,1
2024-12-14 05:30:00,13.4966,1,4.6993,1,35.6993,1
2024-12-14 06:00:00,13.4983,1,4.6997,1,35.6997,1
2024-12-14 06:30:00,13.5000,1,4.7000,1,35.7000,1
2024-12-14 07:00:00,13.5017,1,4.7003,1,35.7003,1
2024-12-14 07:30:00,13.5034,1,4.7007,1,35.7007,1
2024-12-14 08:00:00,13.5051,1,4.7010,1,35.7010,1
2024-12-14 08:30:00,13.5068,1,4.7014,1,35.7014,1
2024-12-14 09:00:00,13.5085,1,4.7017,1,35.7017,1
2024-12-14 09:30:00,13.5102,1,4.7020,1,35.7020,1
2024-12-14 10:00:00,13.5119,1,4.7024,1,35.7024,1
2024-12-14 10:30:00,13.5136,1,4.7027,1,35.7027,1
2024-12-14 11:00:00,13.5153,1,4.7031,1,35.7031,1
2024-12-14 11:30:00,13.5170,1,4.7034,1,35.7034,1
2024-12-14 12:00:00,13.5187,1,4.7037,1,35.7037,1
2024-12-14 12:30:00,13.5204,1,4.7041,1,35.7041,1
2024-12-14 13:00:00,13.5222,1,4.7044,1,35.7044,1
2024-12-14 13:30:00,13.5239,1,4.7048,1,35.7048,1
2024-12-14 14:00:00,13.5256,1,4.7051,1,35.7051,1
2024-12-14 14:30:00,13.5273,1,4.7055,1,35.7055,1
2024-12-14 15:00:00,13.5290,1,4.7058,1,35.7058,1
2024-12-14 15:30:00,13.5307,1,4.7061,1,35.7061,1
2024-12-14 16:00:00,13.5324,1,4.7065,1,35.7065,1
2024-12-14 16:30:00,13.5341,1,4.7068,1,35.7068,1
2024-12-14 17:00:00,13.5358,1,4.7072,1,35.7072,1
2024-12-14 17:30:00,13.5375,1,4.7075,1,35.7075,1
2024-12-14 18:00:00,13.5392,1,4.7078,1,35.7078,1
2024-12-14 18:30:00,13.5410,1,4.7082,1,35.7082,1
2024-12-14 19:00:00,13.5427,1,4.7085,1,35.7085,1
2024-12-14 19:30:00,13.5444,1,4.7089,1,35.7089,1
2024-12-14 20:00:00,13.5461,1,4.7092,1,35.7092,1
2024-12-14 20:30:00,13.5478,1,4.7096,1,35.7096,1
2024-12-14 21:00:00,13.5495,1,4.7099,1,35.7099,1
2024-12-14 21:30:00,13.5512,1,4.7102,1,35.7102,1
2024-12-14 22:00:00,13.5529,1,4.7106,1,35.7106,1
2024-12-14 22:30:00,13.5546,1,4.7109,1,35.7109,1
2024-12-14 23:00:00,13.5564,1,4.7113,1,35.7113,1
2024-12-14 23:30:00,13.5581,1,4.7116,1,35.7116,1
2024-12-15 00:00:00,13.5598,1,4.7120,1,35.7120,1
2024-12-15 00:30:00,13.5615,1,4.7123,1,35.7123,1
2024-12-15 01:00:00,13.5632,1,4.7126,1,35.7126,1
2024-12-15 01:30:00,13.5649,1,4.7130,1,35.7130,1
2024-12-15 02:00:00,13.5666,1,4.7133,1,35.7133,1
2024-12-15 02:30:00,13.5683,1,4.7137,1,35.7137,1
2024-12-15 03:00:00,13.5701,1,4.7140,1,35.7140,1
2024-12-15 03:30:00,13.5718,1,4.7144,1,35.7144,1
2024-12-15 04:00:00,13.5735,1,4.7147,1,35.7147,1
2024-12-15 04:30:00,13.5752,1,4.7150,1,35.7150,1
2024-12-15 05:00:00,13.5769,1,4.7154,1,35.7154,1
2024-12-15 05:30:00,13.5786,1,4.7157,1,35.7157,1
2024-12-15 06:00:00,13.5803,1,4.7161,1,35.7161,1
2024-12-15 06:30:00,13.5821,1,4.7164,1,35.7164,1
2024-12-15 07:00:00,13.5838,1,4.7168,1,35.7168,1
2024-12-15 07:30:00,13.5855,1,4.7171,1,35.7171,1
2024-12-15 08:00:00,13.5872,1,4.7174,1,35.7174,1
2024-12-15 08:30:00,13.5889,1,4.7178,1,35.7178,1
2024-12-15 09:00:00,13.5906,1,4.7181,1,35.7181,1
2024-12-15 09:30:00,13.5924,1,4.7185,1,35.7185,1
2024-12-15 10:00:00,13.5941,1,4.7188,1,35.7188,1
2024-12-15 10:30:00,13.5958,1,4.7192,1,35.7192,1
2024-12-15 11:00:00,13.5975,1,4.7195,1,35.7195,1
2024-12-15 11:30:00,13.5992,1,4.7198,1,35.7198,1
2024-12-15 12:00:00,13.6009,1,4.7202,1,35.7202,1
2024-12-15 12:30:00,13.6026,1,4.7205,1,35.7205,1
2024-12-15 13:00:00,13.6044,1,4.7209,1,35.7209,1
2024-12-15 13:30:00,13.6061,1,4.7212,1,35.7212,1
2024-12-15 14:00:00,13.6078,1,4.7216,1,35.7216,1
2024-12-15 14:30:00,13.6095,1,4.7219,1,35.7219,1
2024-12-15 15:00:00,13.6112,1,4.7222,1,35.7222,1
2024-12-15 15:30:00,13.6130,1,4.7226,1,35.7226,1
2024-12-15 16:00:00,13.6147,1,4.7229,1,35.7229,1
2024-12-15 16:30:00,13.6164,1,4.7233,1,35.7233,1
2024-12-15 17:00:00,13.6181,1,4.7236,1,35.7236,1
2024-12-15 17:30:00,13.6198,1,4.7240,1,35.7240,1
2024-12-15 18:00:00,13.6215,1,4.7243,1,35.7243,1
2024-12-15 18:30:00,13.6233,1,4.7247,1,35.7247,1
2024-12-15 19:00:00,13.6250,1,4.7250,1,35.7250,1
2024-12-15 19:30:00,13.6267,1,4.7253,1,35.7253,1
2024-12-15 20:00:00,13.6284,1,4.7257,1,35.7257,1
2024-12-15 20:30:00,13.6301,1,4.7260,1,35.7260,1
2024-12-15 21:00:00,13.6319,1,4.7264,1,35.7264,1
2024-12-15 21:30:00,13.6336,1,4.7267,1,35.7267,1
2024-12-15 22:00:00,13.6353,1,4.7271,1,35.7271,1
2024-12-15 22:30:00,13.6370,1,4.7274,1,35.7274,1
2024-12-15 23:00:00,13.6387,1,4.7277,1,35.7277,1
2024-12-15 23:30:00,13.6405,1,4.7281,1,35.7281,1
2024-12-16 00:00:00,13.6422,1,4.7284,1,35.7284,1
2024-12-16 00:30:00,13.6439,1,4.7288,1,35.7288,1
2024-12-16 01:00:00,13.6456,1,4.7291,1,35.7291,1
2024-12-16 01:30:00,13.6473,1,4.7295,1,35.7295,1
2024-12-16 02:00:00,13.6491,1,4.7298,1,35.7298,1
2024-12-16 02:30:00,13.6508,1,4.7302,1,35.7302,1
2024-12-16 03:00:00,13.6525,1,4.7305,1,35.7305,1
2024-12-16 03:30:00,13.6542,1,4.7308,1,35.7308,1
2024-12-16 04:00:00,13.6560,1,4.7312,1,35.7312,1
2024-12-16 04:30:00,13.6577,1,4.7315,1,35.7315,1
2024-12-16 05:00:00,13.6594,1,4.7319,1,35.7319,1
2024-12-16 05:30:00,13.6611,1,4.7322,1,35.7322,1
2024-12-16 06:00:00,13.6628,1,4.7326,1,35.7326,1
2024-12-16 06:30:00,13.6646,1,4.7329,1,35.7329,1
2024-12-16 07:00:00,13.6663,1,4.7333,1,35.7333,1
2024-12-16 07:30:00,13.6680,1,4.7336,1,35.7336,1
2024-12-16 08:00:00,13.6697,1,4.7339,1,35.7339,1
2024-12-16 08:30:00,13.6715,1,4.7343,1,35.7343,1
2024-12-16 09:00:00,13.6732,1,4.7346,1,35.7346,1
2024-12-16 09:30:00,13.6749,1,4.7350,1,35.7350,1
2024-12-16 10:00:00,13.6766,1,4.7353,1,35.7353,1
2024-12-16 10:30:00,13.6784,1,4.7357,1,35.7357,1
2024-12-16 11:00:00,13.6801,1,4.7360,1,35.7360,1
2024-12-16 11:30:00,13.6818,1,4.7364,1,35.7364,1
2024-12-16 12:00:00,13.6835,1,4.7367,1,35.7367,1
2024-12-16 12:30:00,13.6853,1,4.7371,1,35.7371,1
2024-12-16 13:00:00,13.6870,1,4.7374,1,35.7374,1
2024-12-16 13:30:00,13.6887,1,4.7377,1,35.7377,1
2024-12-16 14:00:00,13.6904,1,4.7381,1,35.7381,1
2024-12-16 14:30:00,13.6922,1,4.7384,1,35.7384,1
2024-12-16 15:00:00,13.6939,1,4.7388,1,35.7388,1
2024-12-16 15:30:00,13.6956,1,4.7391,1,35.7391,1
2024-12-16 16:00:00,13.6973,1,4.7395,1,35.7395,1
2024-12-16 16:30:00,13.6991,1,4.7398,1,35.7398,1
2024-12-16 17:00:00,13.7008,1,4.7402,1,35.7402,1
2024-12-16 17:30:00,13.7025,1,4.7405,1,35.7405,1
2024-12-16 18:00:00,13.7042,1,4.7408,1,35.7408,1
2024-12-16 18:30:00,13.7060,1,4.7412,1,35.7412,1
2024-12-16 19:00:00,13.7077,1,4.7415,1,35.7415,1
2024-12-16 19:30:00,13.7094,1,4.7419,1,35.7419,1
2024-12-16 20:00:00,13.7112,1,4.7422,1,35.7422,1
2024-12-16 20:30:00,13.7129,1,4.7426,1,35.7426,1
2024-12-16 21:00:00,13.7146,1,4.7429,1,35.7429,1
2024-12-16 21:30:00,13.7163,1,4.7433,1,35.7433,1
2024-12-16 22:00:00,13.7181,1,4.7436,1,35.7436,1
2024-12-16 22:30:00,13.7198,1,4.7440,1,35.7440,1
2024-12-16 23:00:00,13.7215,1,4.7443,1,35.7443,1
2024-12-16 23:30:00,13.7233,1,4.7447,1,35.7447,1
2024-12-17 00:00:00,13.7250,1,4.7450,1,35.7450,1
2024-12-17 00:30:00,13.7267,1,4.7453,1,35.7453,1
2024-12-17 01:00:00,13.7284,1,4.7457,1,35.7457,1
2024-12-17 01:30:00,13.7302,1,4.7460,1,35.7460,1
2024-12-17 02:00:00,13.7319,1,4.7464,1,35.7464,1
2024-12-17 02:30:00,13.7336,1,4.7467,1,35.7467,1
2024-12-17 03:00:00,13.7354,1,4.7471,1,35.7471,1
2024-12-17 03:30:00,13.7371,1,4.7474,1,35.7474,1
2024-12-17 04:00:00,13.7388,1,4.7478,1,35.7478,1
2024-12-17 04:30:00,13.7406,1,4.7481,1,35.7481,1
2024-12-17 05:00:00,13.7423,1,4.7485,1,35.7485,1
2024-12-17 05:30:00,13.7440,1,4.7488,1,35.7488,1
2024-12-17 06:00:00,13.7457,1,4.7491,1,35.7491,1
2024-12-17 06:30:00,13.7475,1,4.7495,1,35.7495,1
2024-12-17 07:00:00,13.7492,1,4.7498,1,35.7498,1
2024-12-17 07:30:00,13.7509,1,4.7502,1,35.7502,1
2024-12-17 08:00:00,13.7527,1,4.7505,1,35.7505,1
2024-12-17 08:30:00,13.7544,1,4.7509,1,35.7509,1
2024-12-17 09:00:00,13.7561,1,4.7512,1,35.7512,1
2024-12-17 09:30:00,13.7579,1,4.7516,1,35.7516,1
2024-12-17 10:00:00,13.7596,1,4.7519,1,35.7519,1
2024-12-17 10:30:00,13.7613,1,4.7523,1,35.7523,1
2024-12-17 11:00:00,13.7631,1,4.7526,1,35.7526,1
2024-12-17 11:30:00,13.7648,1,4.7530,1,35.7530,1
2024-12-17 12:00:00,13.7665,1,4.7533,1,35.7533,1
2024-12-17 12:30:00,13.7683,1,4.7537,1,35.7537,1
2024-12-17 13:00:00,13.7700,1,4.7540,1,35.7540,1
2024-12-17 13:30:00,13.7717,1,4.7543,1,35.7543,1
2024-12-17 14:00:00,13.7735,1,4.7547,1,35.7547,1
2024-12-17 14:30:00,13.7752,1,4.7550,1,35.7550,1
2024-12-17 15:00:00,13.7769,1,4.7554,1,35.7554,1
2024-12-17 15:30:00,13.7787,1,4.7557,1,35.7557,1
2024-12-17 16:00:00,13.7804,1,4.7561,1,35.7561,1
2024-12-17 16:30:00,13.7821,1,4.7564,1,35.7564,1
2024-12-17 17:00:00,13.7839,1,4.7568,1,35.7568,1
2024-12-17 17:30:00,13.7856,1,4.7571,1,35.7571,1
2024-12-17 18:00:00,13.7873,1,4.7575,1,35.7575,1
2024-12-17 18:30:00,13.7891,1,4.7578,1,35.7578,1
2024-12-17 19:00:00,13.7908,1,4.7582,1,35.7582,1
2024-12-17 19:30:00,13.7925,1,4.7585,1,35.7585,1
2024-12-17 20:00:00,13.7943,1,4.7589,1,35.7589,1
2024-12-17 20:30:00,13.7960,1,4.7592,1,35.7592,1
2024-12-17 21:00:00,13.7977,1,4.7595,1,35.7595,1
2024-12-17 21:30:00,13.7995,1,4.7599,1,35.7599,1
2024-12-17 22:00:00,13.8012,1,4.7602,1,35.7602,1
2024-12-17 22:30:00,13.8030,1,4.7606,1,35.7606,1
2024-12-17 23:00:00,13.8047,1,4.7609,1,35.7609,1
2024-12-17 23:30:00,13.8064,1,4.7613,1,35.7613,1
2024-12-18 00:00:00,13.8082,1,4.7616,1,35.7616,1
2024-12-18 00:30:00,13.8099,1,4.7620,1,35.7620,1
2024-12-18 01:00:00,13.8116,1,4.7623,1,35.7623,1
2024-12-18 01:30:00,13.8134,1,4.7627,1,35.7627,1
2024-12-18 02:00:00,13.8151,1,4.7630,1,35.7630,1
2024-12-18 02:30:00,13.8168,1,4.7634,1,35.7634,1
2024-12-18 03:00:00,13.8186,1,4.7637,1,35.7637,1
2024-12-18 03:30:00,13.8203,1,4.7641,1,35.7641,1
2024-12-18 04:00:00,13.8221,1,4.7644,1,35.7644,1
2024-12-18 04:30:00,13.8238,1,4.7648,1,35.7648,1
2024-12-18 05:00:00,13.8255,1,4.7651,1,35.7651,1
2024-12-18 05:30:00,13.8273,1,4.7655,1,35.7655,1
2024-12-18 06:00:00,13.8290,1,4.7658,1,35.7658,1
2024-12-18 06:30:00,13.8308,1,4.7662,1,35.7662,1
2024-12-18 07:00:00,13.8325,1,4.7665,1,35.7665,1
2024-12-18 07:30:00,13.8342,1,4.7668,1,35.7668,1
2024-12-18 08:00:00,13.8360,1,4.7672,1,35.7672,1
2024-12-18 08:30:00,13.8377,1,4.7675,1,35.7675,1
2024-12-18 09:00:00,13.8394,1,4.7679,1,35.7679,1
2024-12-18 09:30:00,13.8412,1,4.7682,1,35.7682,1
2024-12-18 10:00:00,13.8429,1,4.7686,1,35.7686,1
2024-12-18 10:30:00,13.8447,1,4.7689,1,35.7689,1
2024-12-18 11:00:00,13.8464,1,4.7693,1,35.7693,1
2024-12-18 11:30:00,13.8481,1,4.7696,1,35.7696,1
2024-12-18 12:00:00,13.8499,1,4.7700,1,35.7700,1
2024-12-18 12:30:00,13.8516,1,4.7703,1,35.7703,1
2024-12-18 13:00:00,13.8534,1,4.7707,1,35.7707,1
2024-12-18 13:30:00,13.8551,1,4.7710,1,35.7710,1
2024-12-18 14:00:00,13.8568,1,4.7714,1,35.7714,1
2024-12-18 14:30:00,13.8586,1,4.7717,1,35.7717,1
2024-12-18 15:00:00,13.8603,1,4.7721,1,35.7721,1
2024-12-18 15:30:00,13.8621,1,4.7724,1,35.7724,1
2024-12-18 16:00:00,13.8638,1,4.7728,1,35.7728,1
2024-12-18 16:30:00,13.8656,1,4.7731,1,35.7731,1
2024-12-18 17:00:00,13.8673,1,4.7735,1,35.7735,1
2024-12-18 17:30:00,13.8690,1,4.7738,1,35.7738,1
2024-12-18 18:00:00,13.8708,1,4.7742,1,35.7742,1
2024-12-18 18:30:00,13.8725,1,4.7745,1,35.7745,1
2024-12-18 19:00:00,13.8743,1,4.7749,1,35.7749,1
2024-12-18 19:30:00,13.8760,1,4.7752,1,35.7752,1
2024-12-18 20:00:00,13.8777,1,4.7755,1,35.7755,1
2024-12-18 20:30:00,13.8795,1,4.7759,1,35.7759,1
2024-12-18 21:00:00,13.8812,1,4.7762,1,35.7762,1
2024-12-18 21:30:00,13.8830,1,4.7766,1,35.7766,1
2024-12-18 22:00:00,13.8847,1,4.7769,1,35.7769,1
2024-12-18 22:30:00,13.8865,1,4.7773,1,35.7773,1
2024-12-18 23:00:00,13.8882,1,4.7776,1,35.7776,1
2024-12-18 23:30:00,13.8899,1,4.7780,1,35.7780,1
2024-12-19 00:00:00,13.8917,1,4.7783,1,35.7783,1
2024-12-19 00:30:00,13.8934,1,4.7787,1,35.7787,1
2024-12-19 01:00:00,13.8952,1,4.7790,1,35.7790,1
2024-12-19 01:30:00,13.8969,1,4.7794,1,35.7794,1
2024-12-19 02:00:00,13.8987,1,4.7797,1,35.7797,1
2024-12-19 02:30:00,13.9004,1,4.7801,1,35.7801,1
2024-12-19 03:00:00,13.9022,1,4.7804,1,35.7804,1
2024-12-19 03:30:00,13.9039,1,4.7808,1,35.7808,1
2024-12-19 04:00:00,13.9056,1,4.7811,1,35.7811,1
2024-12-19 04:30:00,13.9074,1,4.7815,1,35.7815,1
2024-12-19 05:00:00,13.9091,1,4.7818,1,35.7818,1
2024-12-19 05:30:00,13.9109,1,4.7822,1,35.7822,1
2024-12-19 06:00:00,13.9126,1,4.7825,1,35.7825,1
2024-12-19 06:30:00,13.9144,1,4.7829,1,35.7829,1
2024-12-19 07:00:00,13.9161,1,4.7832,1,35.7832,1
2024-12-19 07:30:00,13.9179,1,4.7836,1,35.7836,1
2024-12-19 08:00:00,13.9196,1,4.7839,1,35.7839,1
2024-12-19 08:30:00,13.9214,1,4.7843,1,35.7843,1
2024-12-19 09:00:00,13.9231,1,4.7846,1,35.7846,1
2024-12-19 09:30:00,13.9248,1,4.7850,1,35.7850,1
2024-12-19 10:00:00,13.9266,1,4.7853,1,35.7853,1
2024-12-19 10:30:00,13.9283,1,4.7857,1,35.7857,1
2024-12-19 11:00:00,13.9301,1,4.7860,1,35.7860,1
2024-12-19 11:30:00,13.9318,1,4.7864,1,35.7864,1
2024-12-19 12:00:00,13.9336,1,4.7867,1,35.7867,1
2024-12-19 12:30:00,13.9353,1,4.7871,1,35.7871,1
2024-12-19 13:00:00,13.9371,1,4.7874,1,35.7874,1
2024-12-19 13:30:00,13.9388,1,4.7878,1,35.7878,1
2024-12-19 14:00:00,13.9406,1,4.7881,1,35.7881,1
2024-12-19 14:30:00,13.9423,1,4.7885,1,35.7885,1
2024-12-19 15:00:00,13.9441,1,4.7888,1,35.7888,1
2024-12-19 15:30:00,13.9458,1,4.7892,1,35.7892,1
2024-12-19 16:00:00,13.9476,1,4.7895,1,35.7895,1
2024-12-19 16:30:00,13.9493,1,4.7899,1,35.7899,1
2024-12-19 17:00:00,13.9511,1,4.7902,1,35.7902,1
2024-12-19 17:30:00,13.9528,1,4.7906,1,35.7906,1
2024-12-19 18:00:00,13.9546,1,4.7909,1,35.7909,1
2024-12-19 18:30:00,13.9563,1,4.7913,1,35.7913,1
2024-12-19 19:00:00,13.9581,1,4.7916,1,35.7916,1
2024-12-19 19:30:00,13.9598,1,4.7920,1,35.7920,1
2024-12-19 20:00:00,13.9615,1,4.7923,1,35.7923,1
2024-12-19 20:30:00,13.9633,1,4.7927,1,35.7927,1
2024-12-19 21:00:00,13.9650,1,4.7930,1,35.7930,1
2024-12-19 21:30:00,13.9668,1,4.7934,1,35.7934,1
2024-12-19 22:00:00,13.9685,1,4.7937,1,35.7937,1
2024-12-19 22:30:00,13.9703,1,4.7941,1,35.7941,1
2024-12-19 23:00:00,13.9720,1,4.7944,1,35.7944,1
2024-12-19 23:30:00,13.9738,1,4.7948,1,35.7948,1
2024-12-20 00:00:00,13.9755,1,4.7951,1,35.7951,1
2024-12-20 00:30:00,13.9773,1,4.7955,1,35.7955,1
2024-12-20 01:00:00,13.9790,1,4.7958,1,35.7958,1
2024-12-20 01:30:00,13.9808,1,4.7962,1,35.7962,1
2024-12-20 02:00:00,13.9825,1,4.7965,1,35.7965,1
2024-12-20 02:30:00,13.9843,1,4.7969,1,35.7969,1
2024-12-20 03:00:00,13.9861,1,4.7972,1,35.7972,1
2024-12-20 03:30:00,13.9878,1,4.7976,1,35.7976,1
2024-12-20 04:00:00,13.9896,1,4.7979,1,35.7979,1
2024-12-20 04:30:00,13.9913,1,4.7983,1,35.7983,1
2024-12-20 05:00:00,13.9931,1,4.7986,1,35.7986,1
2024-12-20 05:30:00,13.9948,1,4.7990,1,35.7990,1
2024-12-20 06:00:00,13.9966,1,4.7993,1,35.7993,1
2024-12-20 06:30:00,13.9983,1,4.7997,1,35.7997,1
2024-12-20 07:00:00,14.0001,1,4.8000,1,35.8000,1
2024-12-20 07:30:00,14.0018,1,4.8004,1,35.8004,1
2024-12-20 08:00:00,14.0036,1,4.8007,1,35.8007,1
2024-12-20 08:30:00,14.0053,1,4.8011,1,35.8011,1
2024-12-20 09:00:00,14.0071,1,4.8014,1,35.8014,1
2024-12-20 09:30:00,14.0088,1,4.8018,1,35.8018,1
2024-12-20 10:00:00,14.0106,1,4.8021,1,35.8021,1
2024-12-20 10:30:00,14.0123,1,4.8025,1,35.8025,1
2024-12-20 11:00:00,14.0141,1,4.8028,1,35.8028,1
2024-12-20 11:30:00,14.0158,1,4.8032,1,35.8032,1
2024-12-20 12:00:00,14.0176,1,4.8035,1,35.8035,1
2024-12-20 12:30:00,14.0193,1,4.8039,1,35.8039,1
2024-12-20 13:00:00,14.0211,1,4.8042,1,35.8042,1
2024-12-20 13:30:00,14.0228,1,4.8046,1,35.8046,1
2024-12-20 14:00:00,14.0246,1,4.8049,1,35.8049,1
2024-12-20 14:30:00,14.0264,1,4.8053,1,35.8053,1
2024-12-20 15:00:00,14.0281,1,4.8056,1,35.8056,1
2024-12-20 15:30:00,14.0299,1,4.8060,1,35.8060,1
2024-12-20 16:00:00,14.0316,1,4.8063,1,35.8063,1
2024-12-20 16:30:00,14.0334,1,4.8067,1,35.8067,1
2024-12-20 17:00:00,14.0351,1,4.8070,1,35.8070,1
2024-12-20 17:30:00,14.0369,1,4.8074,1,35.8074,1
2024-12-20 18:00:00,14.0386,1,4.8077,1,35.8077,1
2024-12-20 18:30:00,14.0404,1,4.8081,1,35.8081,1
2024-12-20 19:00:00,14.0421,1,4.8084,1,35.8084,1
2024-12-20 19:30:00,14.0439,1,4.8088,1,35.8088,1
2024-12-20 20:00:00,14.0457,1,4.8091,1,35.8091,1
2024-12-20 20:30:00,14.0474,1,4.8095,1,35.8095,1
2024-12-20 21:00:00,14.0492,1,4.8098,1,35.8098,1
2024-12-20 21:30:00,14.0509,1,4.8102,1,35.8102,1
2024-12-20 22:00:00,14.0527,1,4.8105,1,35.8105,1
2024-12-20 22:30:00,14.0544,1,4.8109,1,35.8109,1
2024-12-20 23:00:00,14.0562,1,4.8112,1,35.8112,1
2024-12-20 23:30:00,14.0579,1,4.8116,1,35.8116,1
2024-12-21 00:00:00,14.0597,1,4.8119,1,35.8119,1
2024-12-21 00:30:00,14.0615,1,4.8123,1,35.8123,1
2024-12-21 01:00:00,14.0632,1,4.8126,1,35.8126,1
2024-12-21 01:30:00,14.0650,1,4.8130,1,35.8130,1
2024-12-21 02:00:00,14.0667,1,4.8133,1,35.8133,1
2024-12-21 02:30:00,14.0685,1,4.8137,1,35.8137,1
2024-12-21 03:00:00,14.0702,1,4.8140,1,35.8140,1
2024-12-21 03:30:00,14.0720,1,4.8144,1,35.8144,1
2024-12-21 04:00:00,14.0738,1,4.8148,1,35.8148,1
2024-12-21 04:30:00,14.0755,1,4.8151,1,35.8151,1
2024-12-21 05:00:00,14.0773,1,4.8155,1,35.8155,1
2024-12-21 05:30:00,14.0790,1,4.8158,1,35.8158,1
2024-12-21 06:00:00,14.0808,1,4.8162,1,35.8162,1
2024-12-21 06:30:00,14.0825,1,4.8165,1,35.8165,1
2024-12-21 07:00:00,14.0843,1,4.8169,1,35.8169,1
2024-12-21 07:30:00,14.0861,1,4.8172,1,35.8172,1
2024-12-21 08:00:00,14.0878,1,4.8176,1,35.8176,1
2024-12-21 08:30:00,14.0896,1,4.8179,1,35.8179,1
2024-12-21 09:00:00,14.0913,1,4.8183,1,35.8183,1
2024-12-21 09:30:00,14.0931,1,4.8186,1,35.8186,1
2024-12-21 10:00:00,14.0949,1,4.8190,1,35.8190,1
2024-12-21 10:30:00,14.0966,1,4.8193,1,35.8193,1
2024-12-21 11:00:00,14.0984,1,4.8197,1,35.8197,1
2024-12-21 11:30:00,14.1001,1,4.8200,1,35.8200,1
2024-12-21 12:00:00,14.1019,1,4.8204,1,35.8204,1
2024-12-21 12:30:00,14.1036,1,4.8207,1,35.8207,1
2024-12-21 13:00:00,14.1054,1,4.8211,1,35.8211,1
2024-12-21 13:30:00,14.1072,1,4.8214,1,35.8214,1
2024-12-21 14:00:00,14.1089,1,4.8218,1,35.8218,1
2024-12-21 14:30:00,14.1107,1,4.8221,1,35.8221,1
2024-12-21 15:00:00,14.1124,1,4.8225,1,35.8225,1
2024-12-21 15:30:00,14.1142,1,4.8228,1,35.8228,1
2024-12-21 16:00:00,14.1160,1,4.8232,1,35.8232,1
2024-12-21 16:30:00,14.1177,1,4.8235,1,35.8235,1
2024-12-21 17:00:00,14.1195,1,4.8239,1,35.8239,1
2024-12-21 17:30:00,14.1212,1,4.8242,1,35.8242,1
2024-12-21 18:00:00,14.1230,1,4.8246,1,35.8246,1
2024-12-21 18:30:00,14.1248,1,4.8250,1,35.8250,1
2024-12-21 19:00:00,14.1265,1,4.8253,1,35.8253,1
2024-12-21 19:30:00,14.1283,1,4.8257,1,35.8257,1
2024-12-21 20:00:00,14.1300,1,4.8260,1,35.8260,1
2024-12-21 20:30:00,14.1318,1,4.8264,1,35.8264,1
2024-12-21 21:00:00,14.1336,1,4.8267,1,35.8267,1
2024-12-21 21:30:00,14.1353,1,4.8271,1,35.8271,1
2024-12-21 22:00:00,14.1371,1,4.8274,1,35.8274,1
2024-12-21 22:30:00,14.1389,1,4.8278,1,35.8278,1
2024-12-21 23:00:00,14.1406,1,4.8281,1,35.8281,1
2024-12-21 23:30:00,14.1424,1,4.8285,1,35.8285,1
2024-12-22 00:00:00,14.1441,1,4.8288,1,35.8288,1
2024-12-22 00:30:00,14.1459,1,4.8292,1,35.8292,1
2024-12-22 01:00:00,14.1477,1,4.8295,1,35.8295,1
2024-12-22 01:30:00,14.1494,1,4.8299,1,35.8299,1
2024-12-22 02:00:00,14.1512,1,4.8302,1,35.8302,1
2024-12-22 02:30:00,14.1529,1,4.8306,1,35.8306,1
2024-12-22 03:00:00,14.1547,1,4.8309,1,35.8309,1
2024-12-22 03:30:00,14.1565,1,4.8313,1,35.8313,1
2024-12-22 04:00:00,14.1582,1,4.8316,1,35.8316,1
2024-12-22 04:30:00,14.1600,1,4.8320,1,35.8320,1
2024-12-22 05:00:00,14.1618,1,4.8324,1,35.8324,1
2024-12-22 05:30:00,14.1635,1,4.8327,1,35.8327,1
2024-12-22 06:00:00,14.1653,1,4.8331,1,35.8331,1
2024-12-22 06:30:00,14.1670,1,4.8334,1,35.8334,1
2024-12-22 07:00:00,14.1688,1,4.8338,1,35.8338,1
2024-12-22 07:30:00,14.1706,1,4.8341,1,35.8341,1
2024-12-22 08:00:00,14.1723,1,4.8345,1,35.8345,1
2024-12-22 08:30:00,14.1741,1,4.8348,1,35.8348,1
2024-12-22 09:00:00,14.1759,1,4.8352,1,35.8352,1
2024-12-22 09:30:00,14.1776,1,4.8355,1,35.8355,1
2024-12-22 10:00:00,14.1794,1,4.8359,1,35.8359,1
2024-12-22 10:30:00,14.1812,1,4.8362,1,35.8362,1
2024-12-22 11:00:00,14.1829,1,4.8366,1,35.8366,1
2024-12-22 11:30:00,14.1847,1,4.8369,1,35.8369,1
2024-12-22 12:00:00,14.1865,1,4.8373,1,35.8373,1
2024-12-22 12:30:00,14.1882,1,4.8376,1,35.8376,1
2024-12-22 13:00:00,14.1900,1,4.8380,1,35.8380,1
2024-12-22 13:30:00,14.1917,1,4.8383,1,35.8383,1
2024-12-22 14:00:00,14.1935,1,4.8387,1,35.8387,1
2024-12-22 14:30:00,14.1953,1,4.8391,1,35.8391,1
2024-12-22 15:00:00,14.1970,1,4.8394,1,35.8394,1
2024-12-22 15:30:00,14.1988,1,4.8398,1,35.8398,1
2024-12-22 16:00:00,14.2006,1,4.8401,1,35.8401,1
2024-12-22 16:30:00,14.2023,1,4.8405,1,35.8405,1
2024-12-22 17:00:00,14.2041,1,4.8408,1,35.8408,1
2024-12-22 17:30:00,14.2059,1,4.8412,1,35.8412,1
2024-12-22 18:00:00,14.2076,1,4.8415,1,35.8415,1
2024-12-22 18:30:00,14.2094,1,4.8419,1,35.8419,1
2024-12-22 19:00:00,14.2112,1,4.8422,1,35.8422,1
2024-12-22 19:30:00,14.2129,1,4.8426,1,35.8426,1
2024-12-22 20:00:00,14.2147,1,4.8429,1,35.8429,1
2024-12-22 20:30:00,14.2165,1,4.8433,1,35.8433,1
2024-12-22 21:00:00,14.2182,1,4.8436,1,35.8436,1
2024-12-22 21:30:00,14.2200,1,4.8440,1,35.8440,1
2024-12-22 22:00:00,14.2218,1,4.8444,1,35.8444,1
2024-12-22 22:30:00,14.2235,1,4.8447,1,35.8447,1
2024-12-22 23:00:00,14.2253,1,4.8451,1,35.8451,1
2024-12-22 23:30:00,14.2271,1,4.8454,1,35.8454,1
2024-12-23 00:00:00,14.2288,1,4.8458,1,35.8458,1
2024-12-23 00:30:00,14.2306,1,4.8461,1,35.8461,1
2024-12-23 01:00:00,14.2324,1,4.8465,1,35.8465,1
2024-12-23 01:30:00,14.2341,1,4.8468,1,35.8468,1
2024-12-23 02:00:00,14.2359,1,4.8472,1,35.8472,1
2024-12-23 02:30:00,14.2377,1,4.8475,1,35.8475,1
2024-12-23 03:00:00,14.2394,1,4.8479,1,35.8479,1
2024-12-23 03:30:00,14.2412,1,4.8482,1,35.8482,1
2024-12-23 04:00:00,14.2430,1,4.8486,1,35.8486,1
2024-12-23 04:30:00,14.2447,1,4.8489,1,35.8489,1
2024-12-23 05:00:00,14.2465,1,4.8493,1,35.8493,1
2024-12-23 05:30:00,14.2483,1,4.8497,1,35.8497,1
2024-12-23 06:00:00,14.2500,1,4.8500,1,35.8500,1
2024-12-23 06:30:00,14.2518,1,4.8504,1,35.8504,1
2024-12-23 07:00:00,14.2536,1,4.8507,1,35.8507,1
2024-12-23 07:30:00,14.2553,1,4.8511,1,35.8511,1
2024-12-23 08:00:00,14.2571,1,4.8514,1,35.8514,1
2024-12-23 08:30:00,14.2589,1,4.8518,1,35.8518,1
2024-12-23 09:00:00,14.2606,1,4.8521,1,35.8521,1
2024-12-23 09:30:00,14.2624,1,4.8525,1,35.8525,1
2024-12-23 10:00:00,14.2642,1,4.8528,1,35.8528,1
2024-12-23 10:30:00,14.2659,1,4.8532,1,35.8532,1
2024-12-23 11:00:00,14.2677,1,4.8535,1,35.8535,1
2024-12-23 11:30:00,14.2695,1,4.8539,1,35.8539,1
2024-12-23 12:00:00,14.2713,1,4.8543,1,35.8543,1
2024-12-23 12:30:00,14.2730,1,4.8546,1,35.8546,1
2024-12-23 13:00:00,14.2748,1,4.8550,1,35.8550,1
2024-12-23 13:30:00,14.2766,1,4.8553,1,35.8553,1
2024-12-23 14:00:00,14.2783,1,4.8557,1,35.8557,1
2024-12-23 14:30:00,14.2801,1,4.8560,1,35.8560,1
2024-12-23 15:00:00,14.2819,1,4.8564,1,35.8564,1
2024-12-23 15:30:00,14.2836,1,4.8567,1,35.8567,1
2024-12-23 16:00:00,14.2854,1,4.8571,1,35.8571,1
2024-12-23 16:30:00,14.2872,1,4.8574,1,35.8574,1
2024-12-23 17:00:00,14.2889,1,4.8578,1,35.8578,1
2024-12-23 17:30:00,14.2907,1,4.8581,1,35.8581,1
2024-12-23 18:00:00,14.2925,1,4.8585,1,35.8585,1
2024-12-23 18:30:00,14.2943,1,4.8589,1,35.8589,1
2024-12-23 19:00:00,14.2960,1,4.8592,1,35.8592,1
2024-12-23 19:30:00,14.2978,1,4.8596,1,35.8596,1
2024-12-23 20:00:00,14.2996,1,4.8599,1,35.8599,1
2024-12-23 20:30:00,14.3013,1,4.8603,1,35.8603,1
2024-12-23 21:00:00,14.3031,1,4.8606,1,35.8606,1
2024-12-23 21:30:00,14.3049,1,4.8610,1,35.8610,1
2024-12-23 22:00:00,14.3067,1,4.8613,1,35.8613,1
2024-12-23 22:30:00,14.3084,1,4.8617,1,35.8617,1
2024-12-23 23:00:00,14.3102,1,4.8620,1,35.8620,1
2024-12-23 23:30:00,14.3120,1,4.8624,1,35.8624,1
2024-12-24 00:00:00,14.3137,1,4.8627,1,35.8627,1
2024-12-24 00:30:00,14.3155,1,4.8631,1,35.8631,1
2024-12-24 01:00:00,14.3173,1,4.8635,1,35.8635,1
2024-12-24 01:30:00,14.3191,1,4.8638,1,35.8638,1
2024-12-24 02:00:00,14.3208,1,4.8642,1,35.8642,1
2024-12-24 02:30:00,14.3226,1,4.8645,1,35.8645,1
2024-12-24 03:00:00,14.3244,1,4.8649,1,35.8649,1
2024-12-24 03:30:00,14.3261,1,4.8652,1,35.8652,1
2024-12-24 04:00:00,14.3279,1,4.8656,1,35.8656,1
2024-12-24 04:30:00,14.3297,1,4.8659,1,35.8659,1
2024-12-24 05:00:00,14.3315,1,4.8663,1,35.8663,1
2024-12-24 05:30:00,14.3332,1,4.8666,1,35.8666,1
2024-12-24 06:00:00,14.3350,1,4.8670,1,35.8670,1
2024-12-24 06:30:00,14.3368,1,4.8674,1,35.8674,1
2024-12-24 07:00:00,14.3385,1,4.8677,1,35.8677,1
2024-12-24 07:30:00,14.3403,1,4.8681,1,35.8681,1
2024-12-24 08:00:00,14.3421,1,4.8684,1,35.8684,1
2024-12-24 08:30:00,14.3439,1,4.8688,1,35.8688,1
2024-12-24 09:00:00,14.3456,1,4.8691,1,35.8691,1
2024-12-24 09:30:00,14.3474,1,4.8695,1,35.8695,1
2024-12-24 10:00:00,14.3492,1,4.8698,1,35.8698,1
2024-12-24 10:30:00,14.3510,1,4.8702,1,35.8702,1
2024-12-24 11:00:00,14.3527,1,4.8705,1,35.8705,1
2024-12-24 11:30:00,14.3545,1,4.8709,1,35.8709,1
2024-12-24 12:00:00,14.3563,1,4.8713,1,35.8713,1
2024-12-24 12:30:00,14.3580,1,4.8716,1,35.8716,1
2024-12-24 13:00:00,14.3598,1,4.8720,1,35.8720,1
2024-12-24 13:30:00,14.3616,1,4.8723,1,35.8723,1
2024-12-24 14:00:00,14.3634,1,4.8727,1,35.8727,1
2024-12-24 14:30:00,14.3651,1,4.8730,1,35.8730,1
2024-12-24 15:00:00,14.3669,1,4.8734,1,35.8734,1
2024-12-24 15:30:00,14.3687,1,4.8737,1,35.8737,1
2024-12-24 16:00:00,14.3705,1,4.8741,1,35.8741,1
2024-12-24 16:30:00,14.3722,1,4.8744,1,35.8744,1
2024-12-24 17:00:00,14.3740,1,4.8748,1,35.8748,1
2024-12-24 17:30:00,14.3758,1,4.8752,1,35.8752,1
2024-12-24 18:00:00,14.3776,1,4.8755,1,35.8755,1
2024-12-24 18:30:00,14.3793,1,4.8759,1,35.8759,1
2024-12-24 19:00:00,14.3811,1,4.8762,1,35.8762,1
2024-12-24 19:30:00,14.3829,1,4.8766,1,35.8766,1
2024-12-24 20:00:00,14.3847,1,4.8769,1,35.8769,1
2024-12-24 20:30:00,14.3864,1,4.8773,1,35.8773,1
2024-12-24 21:00:00,14.3882,1,4.8776,1,35.8776,1
2024-12-24 21:30:00,14.3900,1,4.8780,1,35.8780,1
2024-12-24 22:00:00,14.3918,1,4.8784,1,35.8784,1
2024-12-24 22:30:00,14.3935,1,4.8787,1,35.8787,1
2024-12-24 23:00:00,14.3953,1,4.8791,1,35.8791,1
2024-12-24 23:30:00,14.3971,1,4.8794,1,35.8794,1
2024-12-25 00:00:00,14.3989,1,4.8798,1,35.8798,1
2024-12-25 00:30:00,14.4006,1,4.8801,1,35.8801,1
2024-12-25 01:00:00,14.4024,1,4.8805,1,35.8805,1
2024-12-25 01:30:00,14.4042,1,4.8808,1,35.8808,1
2024-12-25 02:00:00,14.4060,1,4.8812,1,35.8812,1
2024-12-25 02:30:00,14.4077,1,4.8815,1,35.8815,1
2024-12-25 03:00:00,14.4095,1,4.8819,1,35.8819,1
2024-12-25 03:30:00,14.4113,1,4.8823,1,35.8823,1
2024-12-25 04:00:00,14.4131,1,4.8826,1,35.8826,1
2024-12-25 04:30:00,14.4148,1,4.8830,1,35.8830,1
2024-12-25 05:00:00,14.4166,1,4.8833,1,35.8833,1
2024-12-25 05:30:00,14.4184,1,4.8837,1,35.8837,1
2024-12-25 06:00:00,14.4202,1,4.8840,1,35.8840,1
2024-12-25 06:30:00,14.4219,1,4.8844,1,35.8844,1
2024-12-25 07:00:00,14.4237,1,4.8847,1,35.8847,1
2024-12-25 07:30:00,14.4255,1,4.8851,1,35.8851,1
2024-12-25 08:00:00,14.4273,1,4.8855,1,35.8855,1
2024-12-25 08:30:00,14.4290,1,4.8858,1,35.8858,1
2024-12-25 09:00:00,14.4308,1,4.8862,1,35.8862,1
2024-12-25 09:30:00,14.4326,1,4.8865,1,35.8865,1
2024-12-25 10:00:00,14.4344,1,4.8869,1,35.8869,1
2024-12-25 10:30:00,14.4361,1,4.8872,1,35.8872,1
2024-12-25 11:00:00,14.4379,1,4.8876,1,35.8876,1
2024-12-25 11:30:00,14.4397,1,4.8879,1,35.8879,1
2024-12-25 12:00:00,14.4415,1,4.8883,1,35.8883,1
2024-12-25 12:30:00,14.4433,1,4.8887,1,35.8887,1
2024-12-25 13:00:00,14.4450,1,4.8890,1,35.8890,1
2024-12-25 13:30:00,14.4468,1,4.8894,1,35.8894,1
2024-12-25 14:00:00,14.4486,1,4.8897,1,35.8897,1
2024-12-25 14:30:00,14.4504,1,4.8901,1,35.8901,1
2024-12-25 15:00:00,14.4521,1,4.8904,1,35.8904,1
2024-12-25 15:30:00,14.4539,1,4.8908,1,35.8908,1
2024-12-25 16:00:00,14.4557,1,4.8911,1,35.8911,1
2024-12-25 16:30:00,14.4575,1,4.8915,1,35.8915,1
2024-12-25 17:00:00,14.4593,1,4.8919,1,35.8919,1
2024-12-25 17:30:00,14.4610,1,4.8922,1,35.8922,1
2024-12-25 18:00:00,14.4628,1,4.8926,1,35.8926,1
2024-12-25 18:30:00,14.4646,1,4.8929,1,35.8929,1
2024-12-25 19:00:00,14.4664,1,4.8933,1,35.8933,1
2024-12-25 19:30:00,14.4681,1,4.8936,1,35.8936,1
2024-12-25 20:00:00,14.4699,1,4.8940,1,35.8940,1
2024-12-25 20:30:00,14.4717,1,4.8943,1,35.8943,1
2024-12-25 21:00:00,14.4735,1,4.8947,1,35.8947,1
2024-12-25 21:30:00,14.4753,1,4.8951,1,35.8951,1
2024-12-25 22:00:00,14.4770,1,4.8954,1,35.8954,1
2024-12-25 22:30:00,14.4788,1,4.8958,1,35.8958,1
2024-12-25 23:00:00,14.4806,1,4.8961,1,35.8961,1
2024-12-25 23:30:00,14.4824,1,4.8965,1,35.8965,1
2024-12-26 00:00:00,14.4841,1,4.8968,1,35.8968,1
2024-12-26 00:30:00,14.4859,1,4.8972,1,35.8972,1
2024-12-26 01:00:00,14.4877,1,4.8975,1,35.8975,1
2024-12-26 01:30:00,14.4895,1,4.8979,1,35.8979,1
2024-12-26 02:00:00,14.4913,1,4.8983,1,35.8983,1
2024-12-26 02:30:00,14.4930,1,4.8986,1,35.8986,1
2024-12-26 03:00:00,14.4948,1,4.8990,1,35.8990,1
2024-12-26 03:30:00,14.4966,1,4.8993,1,35.8993,1
2024-12-26 04:00:00,14.4984,1,4.8997,1,35.8997,1
2024-12-26 04:30:00,14.5002,1,4.9000,1,35.9000,1
2024-12-26 05:00:00,14.5019,1,4.9004,1,35.9004,1
2024-12-26 05:30:00,14.5037,1,4.9007,1,35.9007,1
2024-12-26 06:00:00,14.5055,1,4.9011,1,35.9011,1
2024-12-26 06:30:00,14.5073,1,4.9015,1,35.9015,1
2024-12-26 07:00:00,14.5091,1,4.9018,1,35.9018,1
2024-12-26 07:30:00,14.5108,1,4.9022,1,35.9022,1
2024-12-26 08:00:00,14.5126,1,4.9025,1,35.9025,1
2024-12-26 08:30:00,14.5144,1,4.9029,1,35.9029,1
2024-12-26 09:00:00,14.5162,1,4.9032,1,35.9032,1
2024-12-26 09:30:00,14.5180,1,4.9036,1,35.9036,1
2024-12-26 10:00:00,14.5197,1,4.9039,1,35.9039,1
2024-12-26 10:30:00,14.5215,1,4.9043,1,35.9043,1
2024-12-26 11:00:00,14.5233,1,4.9047,1,35.9047,1
2024-12-26 11:30:00,14.5251,1,4.9050,1,35.9050,1
2024-12-26 12:00:00,14.5269,1,4.9054,1,35.9054,1
2024-12-26 12:30:00,14.5286,1,4.9057,1,35.9057,1
2024-12-26 13:00:00,14.5304,1,4.9061,1,35.9061,1
2024-12-26 13:30:00,14.5322,1,4.9064,1,35.9064,1
2024-12-26 14:00:00,14.5340,1,4.9068,1,35.9068,1
2024-12-26 14:30:00,14.5358,1,4.9072,1,35.9072,1
2024-12-26 15:00:00,14.5375,1,4.9075,1,35.9075,1
2024-12-26 15:30:00,14.5393,1,4.9079,1,35.9079,1
2024-12-26 16:00:00,14.5411,1,4.9082,1,35.9082,1
2024-12-26 16:30:00,14.5429,1,4.9086,1,35.9086,1
2024-12-26 17:00:00,14.5447,1,4.9089,1,35.9089,1
2024-12-26 17:30:00,14.5464,1,4.9093,1,35.9093,1
2024-12-26 18:00:00,14.5482,1,4.9096,1,35.9096,1
2024-12-26 18:30:00,14.5500,1,4.9100,1,35.9100,1
2024-12-26 19:00:00,14.5518,1,4.9104,1,35.9104,1
2024-12-26 19:30:00,14.5536,1,4.9107,1,35.9107,1
2024-12-26 20:00:00,14.5553,1,4.9111,1,35.9111,1
2024-12-26 20:30:00,14.5571,1,4.9114,1,35.9114,1
2024-12-26 21:00:00,14.5589,1,4.9118,1,35.9118,1
2024-12-26 21:30:00,14.5607,1,4.9121,1,35.9121,1
2024-12-26 22:00:00,14.5625,1,4.9125,1,35.9125,1
2024-12-26 22:30:00,14.5642,1,4.9128,1,35.9128,1
2024-12-26 23:00:00,14.5660,1,4.9132,1,35.9132,1
2024-12-26 23:30:00,14.5678,1,4.9136,1,35.9136,1
2024-12-27 00:00:00,14.5696,1,4.9139,1,35.9139,1
2024-12-27 00:30:00,14.5714,1,4.9143,1,35.9143,1
2024-12-27 01:00:00,14.5732,1,4.9146,1,35.9146,1
2024-12-27 01:30:00,14.5749,1,4.9150,1,35.9150,1
2024-12-27 02:00:00,14.5767,1,4.9153,1,35.9153,1
2024-12-27 02:30:00,14.5785,1,4.9157,1,35.9157,1
2024-12-27 03:00:00,14.5803,1,4.9161,1,35.9161,1
2024-12-27 03:30:00,14.5821,1,4.9164,1,35.9164,1
2024-12-27 04:00:00,14.5838,1,4.9168,1,35.9168,1
2024-12-27 04:30:00,14.5856,1,4.9171,1,35.9171,1
2024-12-27 05:00:00,14.5874,1,4.9175,1,35.9175,1
2024-12-27 05:30:00,14.5892,1,4.9178,1,35.9178,1
2024-12-27 06:00:00,14.5910,1,4.9182,1,35.9182,1
2024-12-27 06:30:00,14.5928,1,4.9186,1,35.9186,1
2024-12-27 07:00:00,14.5945,1,4.9189,1,35.9189,1
2024-12-27 07:30:00,14.5963,1,4.9193,1,35.9193,1
2024-12-27 08:00:00,14.5981,1,4.9196,1,35.9196,1
2024-12-27 08:30:00,14.5999,1,4.9200,1,35.9200,1
2024-12-27 09:00:00,14.6017,1,4.9203,1,35.9203,1
2024-12-27 09:30:00,14.6034,1,4.9207,1,35.9207,1
2024-12-27 10:00:00,14.6052,1,4.9210,1,35.9210,1
2024-12-27 10:30:00,14.6070,1,4.9214,1,35.9214,1
2024-12-27 11:00:00,14.6088,1,4.9218,1,35.9218,1
2024-12-27 11:30:00,14.6106,1,4.9221,1,35.9221,1
2024-12-27 12:00:00,14.6124,1,4.9225,1,35.9225,1
2024-12-27 12:30:00,14.6141,1,4.9228,1,35.9228,1
2024-12-27 13:00:00,14.6159,1,4.9232,1,35.9232,1
2024-12-27 13:30:00,14.6177,1,4.9235,1,35.9235,1
2024-12-27 14:00:00,14.6195,1,4.9239,1,35.9239,1
2024-12-27 14:30:00,14.6213,1,4.9243,1,35.9243,1
2024-12-27 15:00:00,14.6231,1,4.9246,1,35.9246,1
2024-12-27 15:30:00,14.6248,1,4.9250,1,35.9250,1
2024-12-27 16:00:00,14.6266,1,4.9253,1,35.9253,1
2024-12-27 16:30:00,14.6284,1,4.9257,1,35.9257,1
2024-12-27 17:00:00,14.6302,1,4.9260,1,35.9260,1
2024-12-27 17:30:00,14.6320,1,4.9264,1,35.9264,1
2024-12-27 18:00:00,14.6338,1,4.9268,1,35.9268,1
2024-12-27 18:30:00,14.6355,1,4.9271,1,35.9271,1
2024-12-27 19:00:00,14.6373,1,4.9275,1,35.9275,1
2024-12-27 19:30:00,14.6391,1,4.9278,1,35.9278,1
2024-12-27 20:00:00,14.6409,1,4.9282,1,35.9282,1
2024-12-27 20:30:00,14.6427,1,4.9285,1,35.9285,1
2024-12-27 21:00:00,14.6445,1,4.9289,1,35.9289,1
2024-12-27 21:30:00,14.6462,1,4.9292,1,35.9292,1
2024-12-27 22:00:00,14.6480,1,4.9296,1,35.9296,1
2024-12-27 22:30:00,14.6498,1,4.9300,1,35.9300,1
2024-12-27 23:00:00,14.6516,1,4.9303,1,35.9303,1
2024-12-27 23:30:00,14.6534,1,4.9307,1,35.9307,1
2024-12-28 00:00:00,14.6552,1,4.9310,1,35.9310,1
2024-12-28 00:30:00,14.6569,1,4.9314,1,35.9314,1
2024-12-28 01:00:00,14.6587,1,4.9317,1,35.9317,1
2024-12-28 01:30:00,14.6605,1,4.9321,1,35.9321,1
2024-12-28 02:00:00,14.6623,1,4.9325,1,35.9325,1
2024-12-28 02:30:00,14.6641,1,4.9328,1,35.9328,1
2024-12-28 03:00:00,14.6659,1,4.9332,1,35.9332,1
2024-12-28 03:30:00,14.6677,1,4.9335,1,35.9335,1
2024-12-28 04:00:00,14.6694,1,4.9339,1,35.9339,1
2024-12-28 04:30:00,14.6712,1,4.9342,1,35.9342,1
2024-12-28 05:00:00,14.6730,1,4.9346,1,35.9346,1
2024-12-28 05:30:00,14.6748,1,4.9350,1,35.9350,1
2024-12-28 06:00:00,14.6766,1,4.9353,1,35.9353,1
2024-12-28 06:30:00,14.6784,1,4.9357,1,35.9357,1
2024-12-28 07:00:00,14.6801,1,4.9360,1,35.9360,1
2024-12-28 07:30:00,14.6819,1,4.9364,1,35.9364,1
2024-12-28 08:00:00,14.6837,1,4.9367,1,35.9367,1
2024-12-28 08:30:00,14.6855,1,4.9371,1,35.9371,1
2024-12-28 09:00:00,14.6873,1,4.9375,1,35.9375,1
2024-12-28 09:30:00,14.6891,1,4.9378,1,35.9378,1
2024-12-28 10:00:00,14.6908,1,4.9382,1,35.9382,1
2024-12-28 10:30:00,14.6926,1,4.9385,1,35.9385,1
2024-12-28 11:00:00,14.6944,1,4.9389,1,35.9389,1
2024-12-28 11:30:00,14.6962,1,4.9392,1,35.9392,1
2024-12-28 12:00:00,14.6980,1,4.9396,1,35.9396,1
2024-12-28 12:30:00,14.6998,1,4.9400,1,35.9400,1
2024-12-28 13:00:00,14.7016,1,4.9403,1,35.9403,1
2024-12-28 13:30:00,14.7033,1,4.9407,1,35.9407,1
2024-12-28 14:00:00,14.7051,1,4.9410,1,35.9410,1
2024-12-28 14:30:00,14.7069,1,4.9414,1,35.9414,1
2024-12-28 15:00:00,14.7087,1,4.9417,1,35.9417,1
2024-12-28 15:30:00,14.7105,1,4.9421,1,35.9421,1
2024-12-28 16:00:00,14.7123,1,4.9425,1,35.9425,1
2024-12-28 16:30:00,14.7141,1,4.9428,1,35.9428,1
2024-12-28 17:00:00,14.7158,1,4.9432,1,35.9432,1
2024-12-28 17:30:00,14.7176,1,4.9435,1,35.9435,1
2024-12-28 18:00:00,14.7194,1,4.9439,1,35.9439,1
2024-12-28 18:30:00,14.7212,1,4.9442,1,35.9442,1
2024-12-28 19:00:00,14.7230,1,4.9446,1,35.9446,1
2024-12-28 19:30:00,14.7248,1,4.9450,1,35.9450,1
2024-12-28 20:00:00,14.7266,1,4.9453,1,35.9453,1
2024-12-28 20:30:00,14.7283,1,4.9457,1,35.9457,1
2024-12-28 21:00:00,14.7301,1,4.9460,1,35.9460,1
2024-12-28 21:30:00,14.7319,1,4.9464,1,35.9464,1
2024-12-28 22:00:00,14.7337,1,4.9467,1,35.9467,1
2024-12-28 22:30:00,14.7355,1,4.9471,1,35.9471,1
2024-12-28 23:00:00,14.7373,1,4.9475,1,35.9475,1
2024-12-28 23:30:00,14.7390,1,4.9478,1,35.9478,1
2024-12-29 00:00:00,14.7408,1,4.9482,1,35.9482,1
2024-12-29 00:30:00,14.7426,1,4.9485,1,35.9485,1
2024-12-29 01:00:00,14.7444,1,4.9489,1,35.9489,1
2024-12-29 01:30:00,14.7462,1,4.9492,1,35.9492,1
2024-12-29 02:00:00,14.7480,1,4.9496,1,35.9496,1
2024-12-29 02:30:00,14.7498,1,4.9500,1,35.9500,1
2024-12-29 03:00:00,14.7516,1,4.9503,1,35.9503,1
2024-12-29 03:30:00,14.7533,1,4.9507,1,35.9507,1
2024-12-29 04:00:00,14.7551,1,4.9510,1,35.9510,1
2024-12-29 04:30:00,14.7569,1,4.9514,1,35.9514,1
2024-12-29 05:00:00,14.7587,1,4.9517,1,35.9517,1
2024-12-29 05:30:00,14.7605,1,4.9521,1,35.9521,1
2024-12-29 06:00:00,14.7623,1,4.9525,1,35.9525,1
2024-12-29 06:30:00,14.7641,1,4.9528,1,35.9528,1
2024-12-29 07:00:00,14.7658,1,4.9532,1,35.9532,1
2024-12-29 07:30:00,14.7676,1,4.9535,1,35.9535,1
2024-12-29 08:00:00,14.7694,1,4.9539,1,35.9539,1
2024-12-29 08:30:00,14.7712,1,4.9542,1,35.9542,1
2024-12-29 09:00:00,14.7730,1,4.9546,1,35.9546,1
2024-12-29 09:30:00,14.7748,1,4.9550,1,35.9550,1
2024-12-29 10:00:00,14.7766,1,4.9553,1,35.9553,1
2024-12-29 10:30:00,14.7783,1,4.9557,1,35.9557,1
2024-12-29 11:00:00,14.7801,1,4.9560,1,35.9560,1
2024-12-29 11:30:00,14.7819,1,4.9564,1,35.9564,1
2024-12-29 12:00:00,14.7837,1,4.9567,1,35.9567,1
2024-12-29 12:30:00,14.7855,1,4.9571,1,35.9571,1
2024-12-29 13:00:00,14.7873,1,4.9575,1,35.9575,1
2024-12-29 13:30:00,14.7891,1,4.9578,1,35.9578,1
2024-12-29 14:00:00,14.7908,1,4.9582,1,35.9582,1
2024-12-29 14:30:00,14.7926,1,4.9585,1,35.9585,1
2024-12-29 15:00:00,14.7944,1,4.9589,1,35.9589,1
2024-12-29 15:30:00,14.7962,1,4.9592,1,35.9592,1
2024-12-29 16:00:00,14.7980,1,4.9596,1,35.9596,1
2024-12-29 16:30:00,14.7998,1,4.9600,1,35.9600,1
2024-12-29 17:00:00,14.8016,1,4.9603,1,35.9603,1
2024-12-29 17:30:00,14.8034,1,4.9607,1,35.9607,1
2024-12-29 18:00:00,14.8051,1,4.9610,1,35.9610,1
2024-12-29 18:30:00,14.8069,1,4.9614,1,35.9614,1
2024-12-29 19:00:00,14.8087,1,4.9617,1,35.9617,1
2024-12-29 19:30:00,14.8105,1,4.9621,1,35.9621,1
2024-12-29 20:00:00,14.8123,1,4.9625,1,35.9625,1
2024-12-29 20:30:00,14.8141,1,4.9628,1,35.9628,1
2024-12-29 21:00:00,14.8159,1,4.9632,1,35.9632,1
2024-12-29 21:30:00,14.8176,1,4.9635,1,35.9635,1
2024-12-29 22:00:00,14.8194,1,4.9639,1,35.9639,1
2024-12-29 22:30:00,14.8212,1,4.9642,1,35.9642,1
2024-12-29 23:00:00,14.8230,1,4.9646,1,35.9646,1
2024-12-29 23:30:00,14.8248,1,4.9650,1,35.9650,1
2024-12-30 00:00:00,14.8266,1,4.9653,1,35.9653,1
2024-12-30 00:30:00,14.8284,1,4.9657,1,35.9657,1
2024-12-30 01:00:00,14.8302,1,4.9660,1,35.9660,1
2024-12-30 01:30:00,14.8319,1,4.9664,1,35.9664,1
2024-12-30 02:00:00,14.8337,1,4.9667,1,35.9667,1
2024-12-30 02:30:00,14.8355,1,4.9671,1,35.9671,1
2024-12-30 03:00:00,14.8373,1,4.9675,1,35.9675,1
2024-12-30 03:30:00,14.8391,1,4.9678,1,35.9678,1
2024-12-30 04:00:00,14.8409,1,4.9682,1,35.9682,1
2024-12-30 04:30:00,14.8427,1,4.9685,1,35.9685,1
2024-12-30 05:00:00,14.8445,1,4.9689,1,35.9689,1
2024-12-30 05:30:00,14.8462,1,4.9692,1,35.9692,1
2024-12-30 06:00:00,14.8480,1,4.9696,1,35.9696,1
2024-12-30 06:30:00,14.8498,1,4.9700,1,35.9700,1
2024-12-30 07:00:00,14.8516,1,4.9703,1,35.9703,1
2024-12-30 07:30:00,14.8534,1,4.9707,1,35.9707,1
2024-12-30 08:00:00,14.8552,1,4.9710,1,35.9710,1
2024-12-30 08:30:00,14.8570,1,4.9714,1,35.9714,1
2024-12-30 09:00:00,14.8588,1,4.9718,1,35.9718,1
2024-12-30 09:30:00,14.8605,1,4.9721,1,35.9721,1
2024-12-30 10:00:00,14.8623,1,4.9725,1,35.9725,1
2024-12-30 10:30:00,14.8641,1,4.9728,1,35.9728,1
2024-12-30 11:00:00,14.8659,1,4.9732,1,35.9732,1
2024-12-30 11:30:00,14.8677,1,4.9735,1,35.9735,1
2024-12-30 12:00:00,14.8695,1,4.9739,1,35.9739,1
2024-12-30 12:30:00,14.8713,1,4.9743,1,35.9743,1
2024-12-30 13:00:00,14.8731,1,4.9746,1,35.9746,1
2024-12-30 13:30:00,14.8748,1,4.9750,1,35.9750,1
2024-12-30 14:00:00,14.8766,1,4.9753,1,35.9753,1
2024-12-30 14:30:00,14.8784,1,4.9757,1,35.9757,1
2024-12-30 15:00:00,14.8802,1,4.9760,1,35.9760,1
2024-12-30 15:30:00,14.8820,1,4.9764,1,35.9764,1
2024-12-30 16:00:00,14.8838,1,4.9768,1,35.9768,1
2024-12-30 16:30:00,14.8856,1,4.9771,1,35.9771,1
2024-12-30 17:00:00,14.8874,1,4.9775,1,35.9775,1
2024-12-30 17:30:00,14.8891,1,4.9778,1,35.9778,1
2024-12-30 18:00:00,14.8909,1,4.9782,1,35.9782,1
2024-12-30 18:30:00,14.8927,1,4.9785,1,35.9785,1
2024-12-30 19:00:00,14.8945,1,4.9789,1,35.9789,1
2024-12-30 19:30:00,14.8963,1,4.9793,1,35.9793,1
2024-12-30 20:00:00,14.8981,1,4.9796,1,35.9796,1
2024-12-30 20:30:00,14.8999,1,4.9800,1,35.9800,1
2024-12-30 21:00:00,14.9017,1,4.9803,1,35.9803,1
2024-12-30 21:30:00,14.9034,1,4.9807,1,35.9807,1
2024-12-30 22:00:00,14.9052,1,4.9810,1,35.9810,1
2024-12-30 22:30:00,14.9070,1,4.9814,1,35.9814,1
2024-12-30 23:00:00,14.9088,1,4.9818,1,35.9818,1
2024-12-30 23:30:00,14.9106,1,4.9821,1,35.9821,1
2024-12-31 00:00:00,14.9124,1,4.9825,1,35.9825,1
2024-12-31 00:30:00,14.9142,1,4.9828,1,35.9828,1
2024-12-31 01:00:00,14.9160,1,4.9832,1,35.9832,1
2024-12-31 01:30:00,14.9177,1,4.9835,1,35.9835,1
2024-12-31 02:00:00,14.9195,1,4.9839,1,35.9839,1
2024-12-31 02:30:00,14.9213,1,4.9843,1,35.9843,1
2024-12-31 03:00:00,14.9231,1,4.9846,1,35.9846,1
2024-12-31 03:30:00,14.9249,1,4.9850,1,35.9850,1
2024-12-31 04:00:00,14.9267,1,4.9853,1,35.9853,1
2024-12-31 04:30:00,14.9285,1,4.9857,1,35.9857,1
2024-12-31 05:00:00,14.9303,1,4.9861,1,35.9861,1
2024-12-31 05:30:00,14.9321,1,4.9864,1,35.9864,1
2024-12-31 06:00:00,14.9338,1,4.9868,1,35.9868,1
2024-12-31 06:30:00,14.9356,1,4.9871,1,35.9871,1
2024-12-31 07:00:00,14.9374,1,4.9875,1,35.9875,1
2024-12-31 07:30:00,14.9392,1,4.9878,1,35.9878,1
2024-12-31 08:00:00,14.9410,1,4.9882,1,35.9882,1
2024-12-31 08:30:00,14.9428,1,4.9886,1,35.9886,1
2024-12-31 09:00:00,14.9446,1,4.9889,1,35.9889,1
2024-12-31 09:30:00,14.9464,1,4.9893,1,35.9893,1
2024-12-31 10:00:00,14.9481,1,4.9896,1,35.9896,1
2024-12-31 10:30:00,14.9499,1,4.9900,1,35.9900,1
2024-12-31 11:00:00,14.9517,1,4.9903,1,35.9903,1
2024-12-31 11:30:00,14.9535,1,4.9907,1,35.9907,1
2024-12-31 12:00:00,14.9553,1,4.9911,1,35.9911,1
2024-12-31 12:30:00,14.9571,1,4.9914,1,35.9914,1
2024-12-31 13:00:00,14.9589,1,4.9918,1,35.9918,1
2024-12-31 13:30:00,14.9607,1,4.9921,1,35.9921,1
2024-12-31 14:00:00,14.9624,1,4.9925,1,35.9925,1
2024-12-31 14:30:00,14.9642,1,4.9928,1,35.9928,1
2024-12-31 15:00:00,14.9660,1,4.9932,1,35.9932,1
2024-12-31 15:30:00,14.9678,1,4.9936,1,35.9936,1
2024-12-31 16:00:00,14.9696,1,4.9939,1,35.9939,1
2024-12-31 16:30:00,14.9714,1,4.9943,1,35.9943,1
2024-12-31 17:00:00,14.9732,1,4.9946,1,35.9946,1
2024-12-31 17:30:00,14.9750,1,4.9950,1,35.9950,1
2024-12-31 18:00:00,14.9768,1,4.9954,1,35.9954,1
2024-12-31 18:30:00,14.9785,1,4.9957,1,35.9957,1
2024-12-31 19:00:00,14.9803,1,4.9961,1,35.9961,1
2024-12-31 19:30:00,14.9821,1,4.9964,1,35.9964,1
2024-12-31 20:00:00,14.9839,1,4.9968,1,35.9968,1
2024-12-31 20:30:00,14.9857,1,4.9971,1,35.9971,1
2024-12-31 21:00:00,14.9875,1,4.9975,1,35.9975,1
2024-12-31 21:30:00,14.9893,1,4.9979,1,35.9979,1
2024-12-31 22:00:00,14.9911,1,4.9982,1,35.9982,1
2024-12-31 22:30:00,14.9928,1,4.9986,1,35.9986,1
2024-12-31 23:00:00,14.9946,1,4.9989,1,35.9989,1
2024-12-31 23:30:00,14.9964,1,4.9993,1,35.9993,1
2025-01-01 00:00:00,14.9982,1,4.9996,1,35.9996,1
